招聘主题,用人单位,发布日期,浏览次数,职位数量
航天三院三〇四所2022年校园招聘,北京京航计算通讯研究所,2022-01-02,320,1个职位
深圳前海麦格美科技有限公司2022管培生招聘,深圳前海麦格美科技有限公司,2022-01-02,160,1个职位
2022极米科技春季招聘提前批-招聘简章及岗位详情,成都极米科技股份有限公司,2022-01-02,136,23个职位
常州工学院2021-2022年人才招聘启事,北京南方国际人力资源顾问有限公司,2022-01-02,129,1个职位
浙江大学杭州国际科创中心先进储能技术课题组2022年博士后招聘公告,广州高才信息科技有限公司,2021-12-31,805,1个职位
武汉东湖学院马克思主义学院教师招聘,北京高博中进信息技术有限公司,2021-12-31,505,1个职位
2021-2022零点有数校园招聘火热开启,北京零点有数数据科技股份有限公司,2021-12-31,467,1个职位
广西师范大学2021年高层次人才招聘公告,北京南方国际人力资源顾问有限公司,2021-12-31,471,1个职位
青岛鼎信通讯 2022 届秋季校园招聘,青岛鼎信通讯股份有限公司,2021-12-31,460,1个职位
“安装星 星未来” 中建三局安装工程有限公司（中建三局智慧事业部）2022校园招聘,中建三局安装工程有限公司,2021-12-31,484,1个职位
极米2022届春季校园招聘,成都极米科技股份有限公司,2021-12-31,466,1个职位
电学专利代理人,北京亦城知本知识产权咨询有限公司,2021-12-31,451,1个职位
诚壹资本招聘投资助理,诚壹资本,2021-12-31,582,无职位数量信息
深部岩土力学与地下工程国家重点实验室面向海内外诚聘博士后研究人员,北京神州之窗网络技术服务有限公司,2021-12-31,455,1个职位
长城软件2022校园招聘,长城计算机软件与系统有限公司,2021-12-31,448,1个职位
中信证券北京分公司2022年校园招聘火热进行中,中信证券股份有限公司北京分公司,2021-12-31,469,1个职位
青春韶华 腾飞起航 | 中国华腾2022年度招聘正式启动,中国华腾工业有限公司,2021-12-30,1152,1个职位
推想-与AI同行 推想未来,推想医疗科技股份有限公司,2021-12-30,862,1个职位
西南医科大学2022年诚聘海内外英才,北京神州之窗网络技术服务有限公司,2021-12-30,808,1个职位
浙江新安化工集团股份有限公司2022届校园招聘,浙江新安化工集团股份有限公司,2021-12-30,694,4个职位
中国天辰工程有限公司2022年校园招聘,中国天辰工程有限公司,2021-12-30,679,1个职位
亚信科技招聘简章,中研博硕信息科技（湖北）有限公司,2021-12-30,662,1个职位
招商证券股份有限公司北京朝阳公园路证券营业部【招聘】,招商证券股份有限公司北京朝阳公园路证券营业部,2021-12-30,652,2个职位
揽英才 金陵科技学院招才引智，诚邀您的加盟,广州高才信息科技有限公司,2021-12-30,760,1个职位
麦捷科技2022年校园招聘简章,中研博硕信息科技（湖北）有限公司,2021-12-30,734,1个职位
启明信息技术股份有限公司2022年校园招聘简章,启明信息技术股份有限公司,2021-12-29,1711,4个职位
清华大学天津高端装备研究院人才引进,中研博硕信息科技（湖北）有限公司,2021-12-29,1375,1个职位
你和我的距离只有一封简历的厚度,北京广富晖电子科技有限公司,2021-12-29,1403,4个职位
中证信息技术服务有限责任公司 2021年度招聘公告,中证信息技术服务有限责任公司,2021-12-29,1336,1个职位
中国科学技术大学先进技术研究院2021-2022年度招聘简章,北京神州之窗网络技术服务有限公司,2021-12-29,1378,1个职位
阳光电源2022届全球校园招聘秋招补录,阳光电源股份有限公司,2021-12-29,1345,1个职位
中国卫通集团股份有限公司招聘,中国卫通集团股份有限公司,2021-12-29,1136,1个职位
西安电子科技大学空间科学与技术学院2021年教师岗位招聘启事,北京南方国际人力资源顾问有限公司,2021-12-29,1106,1个职位
中国热带农业科学院热带作物品种资源研究所2022年高层次及博士人才公开招聘公告,北京南方国际人力资源顾问有限公司,2021-12-29,1057,1个职位
中国供销集团2022年度应届高校毕业生招聘公告,中国供销集团有限公司,2021-12-29,1081,1个职位
华夏久盈资产管理有限责任公司2022校园招聘,华夏久盈资产管理有限责任公司,2021-12-29,1046,1个职位
中国搜索2022年校园招聘简章,中国搜索信息科技股份有限公司,2021-12-29,1042,1个职位
深圳市大数据研究院科研人员招聘简章,深圳市大数据研究院,2021-12-29,1193,2个职位
九江学院2022年人才招聘公告,北京南方国际人力资源顾问有限公司,2021-12-29,1120,1个职位
恒上咨询代宽带资本旗下云天使基金投资经理,北京恒上管理咨询有限公司,2021-12-28,1332,1个职位
宁波工程学院2021年高层次人才（教师）招聘公告,广州高才信息科技有限公司,2021-12-28,946,1个职位
长三角腹地-常州工学院2021年人才招聘启事,北京神州之窗网络技术服务有限公司,2021-12-28,805,1个职位
校园招聘,天安人寿保险股份有限公司,2021-12-28,750,3个职位
中国海外工程有限责任公司2022届大学毕业生招聘公告,中国海外工程有限责任公司,2021-12-28,735,1个职位
正大集团2021-2022年度中央采购部校园招聘,正大贸易（中国）有限公司,2021-12-28,750,1个职位
网络安全就业招聘,中科安恒（北京）科技有限公司,2021-12-28,705,10个职位
福建工程学院2022年师资招聘计划,北京高博中进信息技术有限公司,2021-12-28,667,1个职位
湖北汽车工业学院 2021年面向社会专项公开招聘工作人员公告,十堰及时雨网络科技有限公司,2021-12-28,648,1个职位
职能管理类,北京金隅天坛家具股份有限公司,2021-12-28,673,6个职位
集团财务室工作人员,四川现代教育集团,2021-12-28,670,1个职位
北京上元信安技术有限公司招聘,北京上元信安技术有限公司,2021-12-28,657,4个职位
江西服装学院2022年招聘启事,北京高博中进信息技术有限公司,2021-12-28,638,1个职位
山东电力设备有限公司2022届高校毕业生招聘,山东电力设备有限公司,2021-12-28,626,1个职位
2022年校招岗位-金融公司,成都朋锦仲阳投资管理中心（有限合伙）,2021-12-28,600,1个职位
广州华立学院2022年博士招聘启事,北京神州之窗网络技术服务有限公司,2021-12-28,589,1个职位
武汉市自然资源和规划信息中心2021-2022年应届毕业生和相关岗位社会人才招聘简章,武汉市自然资源和规划信息中心,2021-12-28,544,1个职位
厦门理工学院2021年公开招聘人才启事,北京神州之窗网络技术服务有限公司,2021-12-28,522,1个职位
浙江师范大学2021年专任教师招聘公告,北京南方国际人力资源顾问有限公司,2021-12-28,518,1个职位
12月29日智联直播 | 500强企业远东控股集团（多专业）,远东控股集团有限公司,2021-12-28,527,1个职位
2022年北京城市学院招聘启事,北京城市学院,2021-12-28,587,4个职位
芯征程,北京北方高业科技有限公司,2021-12-28,510,5个职位
三环集团2022届秋季校园招聘火热进行中,潮州三环（集团）股份有限公司,2021-12-28,497,2个职位
一汽解放汽车有限公司2022年秋季校园招聘启事,一汽解放汽车有限公司,2021-12-28,501,1个职位
未来已来 只等你来 ——海南自由贸易港招才引智活动致广大学子的邀请函,国投人力资源服务有限公司,2021-12-27,631,1个职位
2022届校园招聘,中国电子产业工程有限公司,2021-12-27,629,1个职位
苏州恩巨网络有限公司,苏州恩巨网络有限公司,2021-12-27,577,4个职位
集团办公室工作人员,四川现代教育集团,2021-12-27,560,1个职位
集团后勤部工作人员,四川现代教育集团,2021-12-27,558,1个职位
2022中公教育校园招聘,中公教育,2021-12-27,557,1个职位
数码视讯科技集团2022届校园招聘,北京数码视讯科技股份有限公司,2021-12-27,589,1个职位
中国电子科技集团公司第五十研究所【2022届校招】,上海微波技术研究所（中国电子科技集团公司第五十研究所）,2021-12-25,1147,7个职位
中科院兰州化物所2022年人才招聘启事,中国科学院兰州化学物理研究所,2021-12-25,949,1个职位
2022年中信证券股份有限公司北京分公司管培生校园招聘,中信证券股份有限公司北京分公司,2021-12-25,895,1个职位
2021-2022零点有数校园招聘火热开启,北京零点有数数据科技股份有限公司,2021-12-25,837,3个职位
泰山学院2022年人才引进不限专业,北京南方国际人力资源顾问有限公司,2021-12-25,830,1个职位
C&F School 阳光心霖儿童公社2022年校园招聘,昆明市盘龙区心霖公社教育培训中心,2021-12-25,786,6个职位
北京工业大学先进电池材料与器件研究所（尉海军教授课题组）2021-2022年人才招聘,广州高才信息科技有限公司,2021-12-24,1100,1个职位
深圳雅学科技有限公司2021年招聘,北京高博中进信息技术有限公司,2021-12-24,878,1个职位
宇通集团2022届管培生招聘简章,郑州宇通集团有限公司,2021-12-24,825,1个职位
雅培中国2022校园招聘,雅培医疗器械贸易（上海）有限公司,2021-12-24,817,1个职位
中国青旅集团有限公司2022年 校园招聘启事,中国青旅集团有限公司,2021-12-24,815,1个职位
销售&技术管理培训生招聘,北京瑞星网安技术股份有限公司,2021-12-24,834,2个职位
进出口招贤纳士,东方国科（北京）进出口有限公司,2021-12-24,834,4个职位
山东建筑大学第五届“海右青年学者论坛”诚邀海内外英才相聚云端,广州高才信息科技有限公司,2021-12-24,816,1个职位
唐山银行2022年校园招聘启事,唐山银行股份有限公司,2021-12-24,818,1个职位
银联国际有限公司2022届校园招聘,银联国际有限公司,2021-12-23,779,1个职位
中关村发展集团 2022年校园招聘及博士后招聘公告,中关村发展集团股份有限公司,2021-12-23,708,1个职位
电子科技大学先进毫米波技术集成攻关研究院招聘青年教师、博士后,电子科技大学,2021-12-23,695,1个职位
天津大学“生物信息测量与生物制造实验室”诚聘英才,广州高才信息科技有限公司,2021-12-23,614,1个职位
重庆能源职业学院招聘简章,北京海天创高网络技术有限公司,2021-12-23,668,1个职位
2021下半年浙江农林大学专任教师岗位招聘公告,北京南方国际人力资源顾问有限公司,2021-12-23,603,1个职位
广州航海学院 广州交通大学（筹）2021年招聘教授公告,北京南方国际人力资源顾问有限公司,2021-12-23,609,1个职位
苏州｜常熟理工学院2021-2022年面向海内外诚聘英才,北京南方国际人力资源顾问有限公司,2021-12-23,596,1个职位
北京航空航天大学虚拟现实技术与系统国家重点实验室2021年专职工程师招聘公告,广州高才信息科技有限公司,2021-12-23,609,1个职位
商丘工学院2022年教师招聘,北京高博中进信息技术有限公司,2021-12-23,596,1个职位
中国船舶第八研究院（扬州院区·原七二三所）诚聘人才公告,北京南方国际人力资源顾问有限公司,2021-12-23,595,1个职位
不负韶华 共筑梦想-枣庄学院2021年人才招聘启事,北京南方国际人力资源顾问有限公司,2021-12-23,585,1个职位
深圳市影子投资管理有限公司校园诚聘,深圳市影子投资管理有限公司,2021-12-23,586,3个职位
瀛通通讯股份有限公司2022届毕业生,瀛通通讯股份有限公司,2021-12-22,605,2个职位
中企通信2022校园招聘,中企通信,2021-12-22,626,1个职位
吉首大学张家界学院2022年专任教师招聘公告,吉首大学张家界学院,2021-12-22,593,3个职位
2022年春季全国博士、博士后高级人才专场巡回签约洽谈会——中国科学院大学站,中研博硕英才信息咨询（武汉）有限公司,2021-12-22,591,2个职位
兵器装备集团财务有限责任公司 2022届校园招聘,中国兵器装备集团人力资源开发中心,2021-12-22,616,1个职位
安徽理工大学2022年博士招聘,北京高博中进信息技术有限公司,2021-12-22,586,1个职位
正大集团2021-2022年度中央采购部校园招聘,正大贸易（中国）有限公司,2021-12-22,594,1个职位
北京朗姿韩亚资产管理有限公司博士后科研工作站2022年度招聘简章,广州高才信息科技有限公司,2021-12-22,558,1个职位
华夏人寿保险股份有限公司2022届校园招聘启事,华夏人寿保险股份有限公司,2021-12-22,580,1个职位
小米集团2022全球校园招聘-汽车专项,小米科技有限责任公司,2021-12-22,595,1个职位
小黑盒2022年校招,清枫（北京）科技有限公司,2021-12-22,571,6个职位
紫光数码集团2022年度高校毕业生招聘,紫光电子商务有限公司,2021-12-22,576,1个职位
福州大学博士后科研流动站2022年人才招聘计划,北京神州硕博信息技术有限公司,2021-12-22,557,1个职位
湖南省融资担保集团2022校园招聘,湖南省融资担保集团有限公司,2021-12-22,550,1个职位
新乡医学院2021年诚聘海内外高层次人才,北京磐石活水信息科技有限公司,2021-12-22,537,1个职位
宁夏大学煤炭高效利用与绿色化工国家重点实验室 学术带头人/青年研究骨干/博士后招聘,北京神州硕博信息技术有限公司,2021-12-22,539,1个职位
东北电力大学2021-2022年诚聘海内外人才,北京神州硕博信息技术有限公司,2021-12-22,546,1个职位
网易有道2022届秋季校园招聘火热进行ing,网易有道信息技术（北京）有限公司,2021-12-22,563,1个职位
深圳市巨博华投资有限公司，期待与聪明勤奋、不甘平庸、正直守信的你，携手打造中国最优秀的量化交易团队,深圳市巨博华投资有限公司,2021-12-22,543,2个职位
中信证券北京分公司2022年校园招聘,中信证券股份有限公司北京分公司,2021-12-21,614,1个职位
上海交通大学微纳工程科学重点实验室2021-2022年招聘简章,广州高才信息科技有限公司,2021-12-21,574,1个职位
中山大学微电子科学与技术学院人才招聘,北京南方国际人力资源顾问有限公司,2021-12-21,569,1个职位
2022年徐工机械建设机械分公司校园招聘,徐工集团工程机械股份有限公司建设机械分公司,2021-12-21,567,1个职位
北京司拓民航科技有限责任公司 2022年校园招聘简章,北京司拓民航科技有限责任公司,2021-12-21,583,1个职位
【金融科技·创变未来】中金公司信息技术部2022届应届生专项招聘,中国国际金融股份有限公司,2021-12-21,638,5个职位
首钢集团财务有限公司招聘,首钢集团财务有限公司,2021-12-21,591,1个职位
2022中国电建集团青海省电力设计院有限公司电气师校园招聘,中国电建集团青海省电力设计院有限公司,2021-12-21,589,1个职位
北京市地铁运营有限公司技术创新研究院招聘,北京市地铁运营有限公司技术创新研究院分公司,2021-12-20,599,1个职位
【空中宣讲】多益网络2022校园招聘-补录专场,多益网络有限公司,2021-12-20,554,1个职位
闽南科技学院2021-2022学年招聘启事,北京高博中进信息技术有限公司,2021-12-20,554,1个职位
2022年应届生招聘,北京中诚天下投资顾问有限公司,2021-12-20,554,6个职位
【佳能医疗】研发岗：AI算法/C++开发,佳能医疗系统（中国）有限公司,2021-12-20,554,2个职位
全球招聘！科学岛诚邀海内外人才加盟！,中国科学院合肥物质科学研究院,2021-12-20,549,1个职位
远东控股集团2022校园招聘,远东控股集团有限公司,2021-12-20,543,6个职位
2021-2022年中车唐山机车车辆有限公司招聘启事,中车唐山机车车辆有限公司,2021-12-20,529,2个职位
行业第一，宇通集团2022年应届毕业生管培生招聘简章,广州高才信息科技有限公司,2021-12-20,539,1个职位
中国发展研究基金会2022年招聘启事,广州高才信息科技有限公司,2021-12-20,549,1个职位
2022中公教育校园招聘,中公教育,2021-12-20,531,1个职位
南京理工大学基础前沿交叉中心教师招聘,南京理工大学江阴校区,2021-12-20,537,1个职位
慧策（北京掌上先机网络科技有限公司）2022校园招聘,北京掌上先机网络科技有限公司,2021-12-20,532,2个职位
广西师范大学2021年人才招聘公告,北京南方国际人力资源顾问有限公司,2021-12-20,537,1个职位
桂林理工大学2021年诚聘海内外人才,北京南方国际人力资源顾问有限公司,2021-12-20,538,1个职位
中企伍佰信息技术研究院招聘院长助理,北京中企伍佰信息技术研究院,2021-12-19,684,1个职位
耀未来，乘青春——耀乘健康2022校园招聘,上海耀乘健康科技有限公司,2021-12-19,506,1个职位
上海天数智芯半导体有限公司2022校园招聘文稿,上海天数智芯半导体有限公司,2021-12-19,549,1个职位
ASM先进科技2022校园招聘补录,先进科技（中国）有限公司,2021-12-18,560,1个职位
陕西科技大学2022年博士后研究人员招收公告,北京南方国际人力资源顾问有限公司,2021-12-18,539,1个职位
石家庄医学高等专科学校2022年教师招聘,北京高博中进信息技术有限公司,2021-12-18,534,1个职位
广东电网有限责任公司2022年博士后人员招聘启事,北京南方国际人力资源顾问有限公司,2021-12-18,540,1个职位
中国电子科技集团公司第十一研究所招聘,华北光电技术研究所（中国电子科技集团公司第十一研究所）,2021-12-18,596,1个职位
诺唯赞2022全球校园招聘—博士人才招聘计划正式启动,北京神州硕博信息技术有限公司,2021-12-18,537,1个职位
北京大兴国际机场航空食品有限公司 2022年校园招聘,北京大兴国际机场航空食品有限公司,2021-12-18,553,1个职位
上海中广核工程科技有限公司2022校园招聘,上海中广核工程科技有限公司,2021-12-18,561,4个职位
三环集团2022届秋季校园招聘,潮州三环（集团）股份有限公司,2021-12-18,554,2个职位
客户经理,北京京电博天电力工程有限公司,2021-12-18,539,1个职位
北京宏天信业信息技术股份有限公司 -- 应届毕业生招聘,北京宏天信业信息技术股份有限公司,2021-12-18,547,1个职位
广州虹科电子2022秋季校园招聘（全国）,虹科电子,2021-12-18,523,2个职位
大连人才服务中心 “学子来连、业成滨城”2021-2022 空中双选会邀请函,大连市人才服务中心,2021-12-18,529,1个职位
包头市文化旅游广电局2021年直属单位人才引进公告,包头市文化旅游广电局（包头市文物局）,2021-12-18,485,1个职位
海纳天下才，智汇石家庄——第一届石家庄“海石杯”高层次人才创新创业大赛,中共石家庄市委组织部,2021-12-18,528,1个职位
中信证券北京分公司培训生,中信证券股份有限公司北京分公司,2021-12-18,517,1个职位
九江学院2022年诚聘海内外人才,北京神州硕博信息技术有限公司,2021-12-18,514,1个职位
谷斗科技招聘简章,谷斗科技（上海）有限公司,2021-12-18,526,9个职位
2021-2022零点有数校园招聘火热开启,北京零点有数数据科技股份有限公司,2021-12-18,522,3个职位
中国石化大连石油化工研究院全球招聘人才公告,北京神州硕博信息技术有限公司,2021-12-16,633,1个职位
山东电力设备有限公司2022届毕业生招聘,山东电力设备有限公司,2021-12-16,649,1个职位
重庆邮电大学高层次人才招聘,重庆邮电大学,2021-12-16,660,1个职位
商业航天明星企业【零壹空间】校招答疑会来啦！！,重庆零壹空间科技集团有限公司,2021-12-15,670,1个职位
物美科技集团简介,北京物美商业集团股份有限公司,2021-12-15,691,1个职位
江西应用技术职业学院2021年下半年公开招聘高层次人才,北京高博中进信息技术有限公司,2021-12-15,624,1个职位
曲靖师范学院2021年公开招聘事业编制高层次人才,北京海天创高网络技术有限公司,2021-12-15,628,1个职位
中国农业银行研发中心2022年秋季校园招聘,中国农业银行股份有限公司,2021-12-15,745,1个职位
上海人工智能实验室招聘公告,广州高才信息科技有限公司,2021-12-15,591,1个职位
超星集团秋季校园招聘,超星集团有限公司,2021-12-15,568,8个职位
高和资本2022届新生力校园招聘,天津畅和股权投资基金管理有限公司北京分公司,2021-12-15,570,1个职位
慧策（北京掌上先机网络科技有限公司）2022秋季校园招聘,北京掌上先机网络科技有限公司,2021-12-15,531,2个职位
给你舞台，让你精彩-同达信恒面向理工科招聘,北京同达信恒知识产权代理有限公司,2021-12-15,541,1个职位
中国石化上海石油化工研究院2021-2022年度人才招聘,北京神州硕博信息技术有限公司,2021-12-15,557,1个职位
放手而为，成就精彩，英特尔中国2022校园招聘研发岗补招进行中！,英特尔亚太研发有限公司,2021-12-15,578,1个职位
2022年中国安全防伪证件研制中心,中国安全防伪证件研制中心,2021-12-15,568,8个职位
北京龙双利达知识产权代理有限公司招聘简章 （工作地点：北京、西安、南京）,北京龙双利达知识产权代理有限公司,2021-12-15,523,1个职位
百年西建大 引才进行时-西安建筑科技大学2021年教师（师资博士后）招聘公告,北京南方国际人力资源顾问有限公司,2021-12-14,568,1个职位
初中各学科教师,保定东方双语学校,2021-12-14,536,1个职位
苏州恩巨网络有限公司,苏州恩巨网络有限公司,2021-12-14,532,4个职位
高中各学科骨干教师,保定东方双语学校,2021-12-14,553,1个职位
炬光科技2022校园招聘简章,西安炬光科技股份有限公司,2021-12-14,538,1个职位
你与我的距离 只有一封简历的厚度,北京广富晖电子科技有限公司,2021-12-14,541,4个职位
攀枝花学院2021年第五批直接考核招聘高层次人才公告,北京磐石活水信息科技有限公司,2021-12-14,524,1个职位
燕山大学2021-2022年诚聘海内外优秀人才,北京南方国际人力资源顾问有限公司,2021-12-14,529,1个职位
新加坡国立大学重庆研究院招聘及博士生招生简章,重庆新国大研究院,2021-12-14,521,2个职位
广西电力职业技术学院2021年博士人才专项招聘公告,北京神州硕博信息技术有限公司,2021-12-14,513,1个职位
中国工程物理研究院 研究生院诚聘英才,广州高才信息科技有限公司,2021-12-14,496,1个职位
中信证券北京分公司管培生 18个月培训期,中信证券股份有限公司北京分公司,2021-12-14,534,1个职位
南方科技大学计算机科学与工程系2022年实验教学人员招聘启事,广州高才信息科技有限公司,2021-12-14,515,1个职位
卧龙采埃孚汽车电机有限公司 2022届招聘启事,卧龙采埃孚汽车电机有限公司,2021-12-14,534,1个职位
数码视讯科技集团2022届校园招聘,北京数码视讯科技股份有限公司,2021-12-14,544,1个职位
网易有道2022届秋季校园招聘,网易有道信息技术（北京）有限公司,2021-12-14,568,1个职位
江苏科技大学2021年诚聘海内外优秀人才,江苏科技大学,2021-12-13,600,无职位数量信息
四川轻化工大学2022年人才引进政策,北京邮电大学就业指导中心,2021-12-13,492,无职位数量信息
北京宏达一甲教育科技有限公司2022招聘季,北京宏达一甲教育科技有限公司,2021-12-13,480,2个职位
科讯嘉联 2022 届校园招聘简章,科讯嘉联信息技术有限公司,2021-12-13,505,2个职位
小米集团2022全球校园招聘-热招岗位,小米科技有限责任公司,2021-12-13,564,1个职位
自如集团2022管培生招聘,北京自如生活企业管理有限公司,2021-12-13,488,1个职位
引才新政 待遇优厚-广西科技大学2021-2022年面向海内外诚聘优秀人才,北京神州硕博信息技术有限公司,2021-12-13,486,1个职位
兰州化物所2022年人才招聘启事,中研博硕信息科技（湖北）有限公司,2021-12-13,473,1个职位
2022中国电建集团青海省电力设计院有限公司校园招聘,中国电建集团青海省电力设计院有限公司,2021-12-13,520,4个职位
“梦想靠岸”招商银行佛山分行2022校园招聘启事（冬季场）,招商银行股份有限公司佛山分行,2021-12-13,473,1个职位
加入航天，为国防做贡献,北京长征天民高科技有限公司,2021-12-13,506,1个职位
首钢集团有限公司技术研究院,首钢集团有限公司,2021-12-13,471,1个职位
2021-2022零点有数校园招聘火热开启,北京零点有数数据科技股份有限公司,2021-12-13,451,3个职位
长三角核心区-嘉兴学院2021-2022年度人才引进招聘公告,北京神州硕博信息技术有限公司,2021-12-10,626,1个职位
2022年国防科技大学电子科学学院面向海内外诚聘博士人才,北京神州硕博信息技术有限公司,2021-12-10,563,1个职位
揽英才! 金陵科技学院招才引智诚邀您的加盟,北京南方国际人力资源顾问有限公司,2021-12-10,529,1个职位
厦门松霖2022届校园招聘简章,厦门松霖科技股份有限公司,2021-12-10,530,1个职位
揽英才 金陵科技学院招才引智，诚邀您的加盟,北京神州硕博信息技术有限公司,2021-12-10,522,1个职位
北京司拓民航科技有限责任公司2022年校园招聘简章,北京司拓民航科技有限责任公司,2021-12-10,534,1个职位
商丘工学院2021年教师招聘,北京海天创高网络技术有限公司,2021-12-10,513,1个职位
小屯派科技2022年校园招聘,北京小屯派科技有限责任公司,2021-12-10,526,6个职位
【甘肃国企】金川集团面向北京邮电大学秋季招聘信息,金川集团股份有限公司,2021-12-10,540,1个职位
广东省农村信用社联合社 2022届秋季校园招聘补录公告,广东省农村信用社联合社,2021-12-10,526,1个职位
2022校招中信证券北京分公司管培生,中信证券股份有限公司北京分公司,2021-12-10,524,1个职位
南京理工大学智能制造学院教师招聘,南京理工大学江阴校区,2021-12-10,519,1个职位
网易有道2022届秋季校园招聘火热进行ing,网易有道信息技术（北京）有限公司,2021-12-10,495,1个职位
方田教育2022年校园招聘,合肥方了个田教育科技有限责任公司,2021-12-09,573,1个职位
慧原生，聚清春 ——慧清科技2022校园招聘简章,北京慧清科技有限公司,2021-12-09,608,9个职位
TOP TOY TMC 2022届校园招聘,那是家大潮玩(广东)科技有限公司,2021-12-09,577,1个职位
中金创新（深圳）资产管理有限公司2021年招聘,中金创新（深圳）资产管理有限公司,2021-12-09,569,3个职位
代宽带资本招聘投资经理,北京恒上管理咨询有限公司,2021-12-09,299,1个职位
慧策（北京掌上先机网络科技有限公司）2022秋季校园招聘,北京掌上先机网络科技有限公司,2021-12-09,409,2个职位
前端开发工程师,深圳开鸿数字产业发展有限公司,2021-12-09,538,15个职位
中讯邮电咨询设计院有限公司郑州分公司,中讯邮电咨询设计院有限公司郑州分公司,2021-12-09,553,10个职位
【校招】中信证券北京分公司管培生,中信证券股份有限公司北京分公司,2021-12-09,542,1个职位
校招管培生,中信证券（山东）有限责任公司济南泺源大街证券营业部,2021-12-09,547,1个职位
2022年校园招聘,中国联合网络通信有限公司肇庆市分公司,2021-12-09,573,3个职位
北京师范大学认知神经科学与学习国家重点实验室2021年聘用制人员招聘启事,广州高才信息科技有限公司,2021-12-09,481,1个职位
北京司拓民航科技有限责任公司 2022年校园招聘简章,北京司拓民航科技有限责任公司,2021-12-09,465,1个职位
中国人民公安大学2022年度统一公开招录人民警察预公告,中国人民公安大学,2021-12-08,739,无职位数量信息
董事会秘书,四川现代教育集团,2021-12-08,650,1个职位
厦门立林科技有限公司2022年校园招聘,厦门立林科技有限公司,2021-12-08,629,12个职位
海军航空大学2022年面向社会公开招考文职人员,北京南方国际人力资源顾问有限公司,2021-12-08,634,1个职位
重磅来袭！2022年海军潜艇学院人才引进公告,北京南方国际人力资源顾问有限公司,2021-12-08,630,1个职位
山东英科医疗2022届校园招聘简章,山东英科医疗制品有限公司,2021-12-08,613,1个职位
上商控股集团有限公司校园招聘,上商控股集团有限公司,2021-12-08,614,1个职位
【游戏奋斗者】多益网络2022校园招聘补录！,多益网络有限公司,2021-12-08,609,1个职位
四川省环境政策研究与规划院公开招聘非在编人员公告,四川省环境政策研究与规划院,2021-12-08,597,无职位数量信息
广东湛江海洋医药研究院2021年招聘博士后研究人员启事,广东湛江海洋医药研究院,2021-12-08,590,无职位数量信息
华展鑫荣公司招聘学生就业,华展鑫荣国际招标代理（北京）有限公司,2021-12-08,613,1个职位
中联重科（工业互联网板块）2022届校园招聘简章,中科云谷科技有限公司,2021-12-07,1236,1个职位
龙盈智达（北京）科技有限公司,龙盈智达（北京）科技有限公司,2021-12-07,951,无职位数量信息
中信证券北京分公司管培生-校招,中信证券股份有限公司北京分公司,2021-12-07,933,1个职位
中科星图—星图气象2022-2023年校园招聘计划,中科星图股份有限公司,2021-12-07,549,6个职位
软件研发工程师（高性能计算）,华控清交信息科技（北京）有限公司,2021-12-07,869,8个职位
让世界看到你的影响力——航天宏图·校园招聘,航天宏图信息技术股份有限公司,2021-12-07,893,4个职位
香港中文大学（深圳）诚聘海内外优秀人才,香港中文大学（深圳）,2021-12-06,638,无职位数量信息
51WORLD-2022届校园招聘简章,北京五一视界数字孪生科技股份有限公司,2021-12-06,625,无职位数量信息
物产中大国际贸易集团2022届校园招聘简章,物产中大国际贸易集团有限公司,2021-12-06,626,无职位数量信息
年轻 未来可期 ——浙江省农信联社2022年校园招聘公告,浙江省农村信用社联合社,2021-12-06,637,10个职位
权威发布！火箭军工程大学2022年面向社会公开招考文职人员岗位计划,北京南方国际人力资源顾问有限公司,2021-12-06,642,1个职位
人才招聘,淮阴师范学院,2021-12-06,629,2个职位
专利工程师/专利代理师,深圳中一专利商标事务所,2021-12-06,598,1个职位
沈阳兴华航空电器有限责任公司,沈阳兴华航空电器有限责任公司,2021-12-06,605,1个职位
【游戏奋斗者】多益网络2022校园招聘补录,多益网络有限公司,2021-12-06,616,4个职位
北京市硕博高层次人才洽谈会---工业和信息化部人才交流中心,工业和信息化部人才交流中心,2021-12-06,685,1个职位
由你定E新世界”，面向全球2022届校园人才 2022卡奥斯未来合伙人全面启动！,海尔卡奥斯物联生态科技有限公司,2021-12-06,609,1个职位
2021年-2022年度远洋数据校园招聘,远洋云泰数据服务有限公司,2021-12-06,605,5个职位
软件研发工程师（系统）,华控清交信息科技（北京）有限公司,2021-12-06,594,1个职位
兴华会计师事务所2022秋季校园招聘,北京兴华会计师事务所(特殊普通合伙),2021-12-06,603,1个职位
诚揽天下英才 聚力强军伟业-海军航空大学2022年面向社会公开招考文职人员,北京神州硕博信息技术有限公司,2021-12-06,609,1个职位
2022中公教育业务岗位招聘,中公教育,2021-12-06,600,1个职位
校招,北京墨云科技有限公司,2021-12-06,603,4个职位
在浙里 职面未来-浙江建设职业技术学院2021年人才招聘公告,浙江建设职业技术学院,2021-12-06,623,1个职位
权威发布！火箭军工程大学2022年面向社会公开招考文职人员,北京神州硕博信息技术有限公司,2021-12-06,602,1个职位
2022年海军潜艇学院人才引进重磅来袭,北京神州硕博信息技术有限公司,2021-12-06,606,1个职位
“权威发布”国防科技大学2022年公开招考文职人员计划,北京神州硕博信息技术有限公司,2021-12-06,618,1个职位
权威发布！国防科技大学2022年文职人员招考公告,北京南方国际人力资源顾问有限公司,2021-12-06,610,1个职位
湖北文理学院人才招聘,湖北文理学院,2021-12-06,600,1个职位
厦门大学嘉庚学院2021-2022学年人才招聘启事,厦门大学嘉庚学院,2021-12-03,635,1个职位
创新之路、智慧领航 卡斯柯信号有限公司2022年度校园招聘,卡斯柯信号有限公司北京分公司,2021-12-03,620,4个职位
日立电梯2022“未来之梯，与你同立”校园招聘,日立电梯（中国）有限公司,2021-12-03,625,2个职位
埃特曼（北京）半导体技术有限公司招聘,埃特曼（北京）半导体技术有限公司,2021-12-03,627,11个职位
北京晨晶电子有限公司 【高新技术国企】北京晨晶电子2022校招盛大启动,北京晨晶电子有限公司,2021-12-03,606,1个职位
【全职】【算法工程师】,北京时代复兴创新科技有限公司,2021-12-03,597,1个职位
招聘新媒体编辑/美编设计/授课讲师,合肥不过如此文化传媒有限公司,2021-12-03,594,3个职位
建攀登计划 创世界一流-首都师范大学2021-2022年博士后科研 人员招收公告,北京神州硕博信息技术有限公司,2021-12-03,593,1个职位
浙江建设职业技术学院2021年人才引进计划,广州高才信息科技有限公司,2021-12-03,606,1个职位
商丘工学院2021-2022学年教师招聘,北京高博中进信息技术有限公司,2021-12-03,591,1个职位
深圳综合粒子设施研究院校园招聘公告,北京邮电大学就业指导中心,2021-12-02,623,无职位数量信息
苏州系统医学研究所2021-2022年招聘,苏州系统医学研究所,2021-12-02,603,无职位数量信息
炬光科技2022校园招聘简章,西安炬光科技股份有限公司,2021-12-02,590,1个职位
中国科学院长春应用化学研究所2021年度招聘启事,中国科学院长春应用化学研究所,2021-12-02,574,无职位数量信息
江苏科技大学2021年诚聘海内外优秀人才,江苏科技大学,2021-12-02,588,无职位数量信息
北京爱帮智汇科技有限公司2022年度校园招聘公告,北京爱帮智汇科技有限公司,2021-12-02,605,4个职位
网龙网络公司2022届秋季校园招聘简章,福建网龙计算机网络信息技术有限公司,2021-12-02,586,1个职位
易航智能—供应链管理专员,北京知行易航智能科技有限公司,2021-12-02,594,1个职位
网易有道秋招补招-火热进行ing（免笔试！）,网易有道信息技术（北京）有限公司,2021-12-02,636,1个职位
网罗英才 智创未来 罗克韦尔自动化大连软件研发中心2022秋季校园招聘简章,罗克韦尔自动化软件（大连）有限公司,2021-12-02,585,2个职位
诚邀海内外优秀青年人才参加河南大学第五届国际青年学者（博士后）论坛,广州高才信息科技有限公司,2021-12-02,583,1个职位
助理研究员,北京赛宝工业技术研究院有限公司,2021-12-02,603,1个职位
广州虹科电子科技2022秋季校园招聘（全国）,虹科电子,2021-12-02,587,3个职位
科技兴邦 强军报国-国防科技大学第六十三研究所2021-2022年文职、博士后招收,北京神州硕博信息技术有限公司,2021-12-01,594,1个职位
巢湖学院博士人才引进公告（待遇优渥） （安徽·合肥）,巢湖学院,2021-12-01,559,1个职位
中国移动总部网络事业部“金种子计划” 专项校园招聘,中国移动总部,2021-12-01,644,1个职位
中国邮政集团有限公司山西省分公司 2022年度校园招聘公告,中国邮政集团有限公司山西省分公司,2021-12-01,570,1个职位
西安电子科技大学期刊中心2021年外聘人员一般岗位招聘公告,西安电子科技大学,2021-12-01,527,1个职位
浙江大学化学系、浙大杭州国际科创中心郭庆辉课题组2021年诚招博士后,广州高才信息科技有限公司,2021-12-01,543,1个职位
2022年江苏省泰州市选聘党政青年人才简章,中共泰州市委组织部,2021-12-01,575,1个职位
中国联合工程有限公司2022届校园招聘,中国联合工程有限公司,2021-12-01,570,1个职位
景贤礼士 WE梦相聚 ——北京市石景山区“走进高校引才计划” 宣讲招聘公告,同道精英（天津）信息技术有限公司,2021-12-01,565,1个职位
赓续百年初心 担当育人使命-大庆师范学院2021年下半年公开招聘教师公告,大庆师范学院,2021-12-01,540,1个职位
2022届阿丘科技校园招聘,北京阿丘机器人科技有限公司,2021-12-01,562,4个职位
开源证券【北交所业务专场】2022届校园招聘,开源证券股份有限公司,2021-12-01,564,1个职位
中信证券校招管培生-北京分公司,中信证券股份有限公司北京分公司,2021-12-01,563,1个职位
北京伏尔特技术有限公司2022校园招聘,北京伏尔特技术有限公司,2021-12-01,562,5个职位
合肥安晶龙电子股份有限公司2022届校园招聘,合肥安晶龙电子股份有限公司,2021-12-01,539,5个职位
"吴奇院士团队招聘博士后公告（分子生物学, 高分子，化学工程和食品专业）",深圳大学食品科学与加工研究中心,2021-12-01,535,4个职位
朝晖股份 2022 校园招聘简章,浙江朝晖过滤技术股份有限公司,2021-12-01,537,无职位数量信息
北京爱万提斯科技有限公司2022年校园招聘,北京爱万提斯科技有限公司,2021-12-01,540,无职位数量信息
厦门雅迅网络股份有限公司2022届校园招聘简章,厦门雅迅网络股份有限公司,2021-12-01,534,无职位数量信息
中国铁路物资集团有限公司 2022校园招聘简章,中国铁路物资集团有限公司,2021-12-01,579,无职位数量信息
 中联重科2022届校园招聘简章,中联重科股份有限公司,2021-12-01,537,无职位数量信息
 中联重科（工业互联网板块）2022届校园招聘简章,中联重科股份有限公司,2021-12-01,554,无职位数量信息
河北省农村信用社 2021年员工招聘简章,河北省农村信用社联合社,2021-12-01,524,2个职位
2022慧策（北京掌上先机网络科技有限公司）校园招聘,北京掌上先机网络科技有限公司,2021-12-01,534,1个职位
和芯星通科技（北京）有限公司人才引进,和芯星通科技（北京）有限公司,2021-12-01,541,1个职位
"吴奇院士团队招聘博士后公告（分子生物学, 高分子，化学工程和食品专业）",深圳大学食品科学与加工研究中心,2021-12-01,537,4个职位
通讯科技公司诚招项目管理/商务助理,北京迈亚方圆通讯技术有限公司,2021-12-01,539,1个职位
全国中小企业股份转让系统有限责任公司 2021年下半年招聘公告,全国中小企业股份转让系统有限责任公司,2021-12-01,562,无职位数量信息
空军工程人才引进公告,中国人民解放军空军工程大学,2021-12-01,593,1个职位
本邦科技 22届应届毕业生校招项目,北京本邦科技股份有限公司,2021-12-01,547,3个职位
远洋集团2022届校园招聘,北京远洋嘉业房地产经纪有限公司北京分公司,2021-11-30,537,1个职位
2022届赛尔网络有限公司校园招聘简章,赛尔网络有限公司,2021-11-30,543,1个职位
ASM先进科技2022校园招聘补录,先进科技（中国）有限公司,2021-11-30,599,1个职位
教师（博士）,吉林动画学院,2021-11-29,525,1个职位
教师（硕士）,吉林动画学院,2021-11-29,528,1个职位
东华大学民用航空复合材料协同创新中心2021年招聘启事,广州高才信息科技有限公司,2021-11-26,509,1个职位
宁波国君源泓投资管理有限公司是在中国基金业协会备案的私募股权基金管理人，招聘网络信息安全投资经理和研究员,宁波国君源泓投资管理有限公司,2021-11-26,531,2个职位
中国电子科技集团公司第十一研究所,华北光电技术研究所（中国电子科技集团公司第十一研究所）,2021-11-26,643,1个职位
广芯电子技术(上海)股份有限公司校招信息,广芯电子技术（上海）股份有限公司,2021-11-26,538,4个职位
宁波国君源泓投资管理有限公司是在中国基金业协会备案的私募股权基金管理人，网络信息安全行业研究员和投资经理招聘,宁波国君源泓投资管理有限公司,2021-11-25,528,2个职位
2022中公教育校园招聘,中公教育,2021-11-23,521,无职位数量信息
鼎道智联2022届校园招聘简章,鼎道智联（北京）科技有限公司,2021-11-23,532,无职位数量信息
北京巴别时代科技有限公司-巴别时代2022校招,北京巴别时代科技有限公司,2021-11-22,528,无职位数量信息
锐方（上海）私募基金管理有限公司招聘,锐方（上海）私募基金管理有限公司,2021-11-22,517,1个职位
哈药集团股份有限公司,哈药集团股份有限公司,2021-11-22,529,2个职位
商业航天明星企业【零壹空间】空中宣讲来啦！！,重庆零壹空间科技集团有限公司,2021-11-22,517,1个职位
天津雀巢有限公司,天津雀巢有限公司,2021-11-22,533,无职位数量信息
北京市联德律师事务所校招,北京市联德律师事务所,2021-11-22,481,1个职位
西安工业大学新能源科学与技术研究院2021招聘简章,北京斯博特科技发展有限公司,2021-11-22,482,无职位数量信息
深圳大学广东省海洋藻类开发与应用工程重点实验室博士后招聘,北京君林浩海科技咨询有限公司,2021-11-22,474,无职位数量信息
北京大学化学与分子工程学院纳米结构功能材料课题组招聘优秀人才,北京君林浩海科技咨询有限公司,2021-11-22,476,无职位数量信息
闽江学院2021下半年度高层次人才招聘公告,北京邮电大学就业指导中心,2021-11-22,492,无职位数量信息
台州学院高等研究院—智能信息处理研究所招聘启事,北京邮电大学就业指导中心,2021-11-22,488,无职位数量信息
青岛海信微联信号有限公司2022届校园招聘,青岛海信微联信号有限公司,2021-11-21,521,1个职位
九江学院2021年高层次人才招聘公告,北京诺美斯信息技术有限公司,2021-11-21,495,无职位数量信息
武汉东湖学院高层次（高学历）人才招聘公告,北京诺美斯信息技术有限公司,2021-11-21,511,无职位数量信息
中国科学院天津工业生物技术研究所体外合成生物学中心游淳课题组招聘启事,北京诺美斯信息技术有限公司,2021-11-21,502,无职位数量信息
中国科学院微电子研究所低功耗智能芯片与系统团队招聘,北京邮电大学就业指导中心,2021-11-19,553,无职位数量信息
嘉应学院2021-2022年人才招聘启事,北京邮电大学就业指导中心,2021-11-19,539,无职位数量信息
重庆邮电大学2021-2022年招聘启事,北京诺美斯信息技术有限公司,2021-11-19,557,无职位数量信息
台州学院高等研究院——智能信息处理研究所招聘启事,北京诺美斯信息技术有限公司,2021-11-19,521,无职位数量信息
广东省电信规划设计院有限公司北京分院2022校园招聘,广东省电信规划设计院有限公司,2021-11-19,581,5个职位
工业和信息化部网络安全产业发展中心（工业和信息化部信息中心）,工业和信息化部网络安全产业发展中心（工业和信息化部信息中心）,2021-11-19,683,3个职位
宽带资本,北京恒上管理咨询有限公司,2021-11-19,540,无职位数量信息
2022南京理工大学江阴校区教师招聘,南京理工大学江阴校区,2021-11-19,517,1个职位
虹科电子,虹科电子,2021-11-19,522,2个职位
北方自动控制技术研究所2021年招聘启事,广州高才信息科技有限公司,2021-11-19,532,无职位数量信息
超星集团2021秋季校园招聘（全国）,超星集团有限公司,2021-11-19,543,无职位数量信息
广芯电子技术（上海）股份有限公司,广芯电子技术（上海）股份有限公司,2021-11-19,533,3个职位
重庆川仪控制系统有限公司上海分公司,重庆川仪控制系统有限公司上海分公司,2021-11-19,515,1个职位
国家计算机网络应急技术处理协调中心安徽分中心2022年度公开招聘公告,广州高才信息科技有限公司,2021-11-19,493,无职位数量信息
中国农业银行博士后科研工作站2022年度招收博士后研究人员公告,广州高才信息科技有限公司,2021-11-19,518,无职位数量信息
山东省科学院海洋仪器仪表研究所齐鲁工业大学（山东省科学院）海洋技术科学学院招聘,北京君林浩海科技咨询有限公司,2021-11-18,479,无职位数量信息
丽水学院2021年下半年人才招聘启事,北京君林浩海科技咨询有限公司,2021-11-18,480,无职位数量信息
南京信息工程大学高端光电仪器及激光技术团队诚招青年教师和师资博后,北京斯博特科技发展有限公司,2021-11-18,483,无职位数量信息
清华大学材料课题组招聘热电/热障/结构陶瓷博士后,北京斯博特科技发展有限公司,2021-11-18,470,无职位数量信息
杭州谱育科技发展有限公司-开发类岗位,杭州谱育科技发展有限公司,2021-11-18,501,1个职位
启明信息技术股份有限公司2022年校园招聘简章,启明信息技术股份有限公司,2021-11-18,498,4个职位
重庆海联职业技术学院2021年高层次人才引进,广州高才信息科技有限公司,2021-11-18,473,无职位数量信息
九江学院2022年高层次人才招聘  ,北京海天创高网络技术有限公司,2021-11-18,470,无职位数量信息
中国电器科学研究院股份有限公司,中国电器科学研究院股份有限公司,2021-11-18,468,3个职位
重庆文理学院面向海内外公开招聘二级学院院长公告,北京磐石活水信息科技有限公司,2021-11-18,463,1个职位
北京航空航天大学云南创新研究院,北京航空航天大学云南创新研究院,2021-11-17,515,2个职位
远东控股集团有限公司,远东控股集团有限公司,2021-11-17,520,无职位数量信息
龙盈智达（北京）科技有限公司,龙盈智达（北京）科技有限公司,2021-11-17,532,7个职位
锐方（上海）私募基金管理有限公司,锐方（上海）私募基金管理有限公司,2021-11-17,514,1个职位
上海烟草机械有限责任公司高层次人才招聘简章,广州高才信息科技有限公司,2021-11-17,513,无职位数量信息
北京市正泽学校2021年教师招聘公告,广州高才信息科技有限公司,2021-11-17,534,无职位数量信息
香港科技大学工学院理学硕士（MSc）综合场线上招生宣讲会,南京途善久文化传播有限公司,2021-11-17,480,1个职位
天正地产集团有限公司,天正地产集团有限公司,2021-11-17,431,1个职位
中国电建集团青海省电力设计院有限公司,中国电建集团青海省电力设计院有限公司,2021-11-17,440,3个职位
南京理工大学新能源学院教师招聘,南京理工大学江阴校区,2021-11-16,472,1个职位
中铁投资集团有限公司,中铁投资集团有限公司,2021-11-16,578,5个职位
厦门工学院2021-2022年教师招聘启事,北京斯博特科技发展有限公司,2021-11-16,460,无职位数量信息
嘉应学院2021-2022年人才招聘启事,北京斯博特科技发展有限公司,2021-11-16,461,无职位数量信息
浙江大学王绪化团队招聘博士后和科研助理,北京邮电大学就业指导中心,2021-11-16,454,无职位数量信息
中国科学院长春应用化学研究所,中国科学院长春应用化学研究所,2021-11-16,463,无职位数量信息
东北农业大学2021年下半年人才公开招聘公告,北京君林浩海科技咨询有限公司,2021-11-16,462,无职位数量信息
南京工业大学电控学院分论坛诚邀海内外英才参加,北京君林浩海科技咨询有限公司,2021-11-16,461,无职位数量信息
中国船舶工业系统工程研究院,中国船舶工业系统工程研究院,2021-11-16,552,1个职位
深圳九算优化科技有限公司,深圳九算优化科技有限公司,2021-11-16,471,5个职位
红谷集群科技有限公司,红谷集群科技有限公司,2021-11-16,500,1个职位
红谷集群科技有限公司,红谷集群科技有限公司,2021-11-16,475,1个职位
北京胜信网络科技有限公司,北京胜信网络科技有限公司,2021-11-16,475,2个职位
商业航天明星企业【零壹空间】空中宣讲来啦！！,重庆零壹空间科技集团有限公司,2021-11-16,442,1个职位
梦想启航 “职”通未来-内蒙古大学2021-2022年高薪诚聘海内外人才,北京神州硕博信息技术有限公司,2021-11-16,471,1个职位
广聚英才 共谋发展 南京工业职业技术大学2021年下半年海内外优秀人才招聘公告,广州高才信息科技有限公司,2021-11-16,470,无职位数量信息
中电国营第七二二厂秋季招聘公告,桂林长海发展有限责任公司,2021-11-15,510,1个职位
筑巢引才 振兴三晋-晋中学院2021年人才引进公告,北京神州之窗网络技术服务有限公司,2021-11-15,466,1个职位
新拓尼克（北京）科技研发中心有限公司,新拓尼克（北京）科技研发中心有限公司,2021-11-15,481,7个职位
中车株洲电力机车研究所有限公司 2022届校园招聘公告,中车株洲电力机车研究所有限公司,2021-11-15,464,1个职位
河北工大科雅能源科技股份有限公司,河北工大科雅能源科技股份有限公司,2021-11-15,493,4个职位
电子工业出版社有限公司,电子工业出版社有限公司,2021-11-15,470,5个职位
山东电力设备有限公司,山东电力设备有限公司,2021-11-15,454,无职位数量信息
攀枝花学院2021年高层次人才招聘简章,北京磐石活水信息科技有限公司,2021-11-14,450,1个职位
东软集团,东软集团（北京）有限公司,2021-11-12,467,5个职位
邯郸制药股份有限公司,邯郸制药股份有限公司,2021-11-12,462,1个职位
西比爱斯汽车技术（上海）有限公司,西比爱斯汽车技术（上海）有限公司,2021-11-12,464,2个职位
嘉实基金2022校园招聘,嘉实基金管理有限公司,2021-11-12,466,无职位数量信息
中资网络信息安全科技有限公司2022校招持续中【地点：北京】,中资网络信息安全科技有限公司,2021-11-12,503,无职位数量信息
南京理工大学网络空间安全学院教师招聘,南京理工大学江阴校区,2021-11-11,461,无职位数量信息
【甘肃国企】金川集团面向北京邮电大学秋季招聘信息,金川集团股份有限公司,2021-11-11,411,2个职位
荷兰帕沃英蒂格盛有限公司深圳代表处,荷兰帕沃英蒂格盛有限公司深圳代表处,2021-11-11,484,1个职位
广东省特种设备检测研究院珠海检测院2022年招聘公告,广州高才信息科技有限公司,2021-11-11,452,无职位数量信息
清华大学张晨团队2021年诚聘数据科学方向优秀博士后和科研助理,广州高才信息科技有限公司,2021-11-11,475,无职位数量信息
浙江中控技术股份有限公司,浙江中控技术股份有限公司,2021-11-11,443,1个职位
光大科技有限公司秋季招聘,光大科技有限公司,2021-11-10,498,1个职位
长城物业集团股份有限公司北京物业管理分公司,长城物业集团股份有限公司北京物业管理分公司,2021-11-10,476,1个职位
西华大学2021年人才招聘公告,北京神州硕博信息技术有限公司,2021-11-10,458,1个职位
中国科学院海西研究院厦门稀土材料研究中心2021-2022年科研人才招聘启事,广州高才信息科技有限公司,2021-11-10,437,无职位数量信息
南孔圣地-衢州有礼-事业编制-衢州学院2021年下半年人才招聘公告-评聘高级职称名额充足-解决子女入学,北京神州硕博信息技术有限公司,2021-11-10,443,1个职位
深圳小库科技有限公司,深圳小库科技有限公司,2021-11-10,458,1个职位
深圳小库科技有限公司,深圳小库科技有限公司,2021-11-10,454,1个职位
深圳小库科技有限公司,深圳小库科技有限公司,2021-11-10,478,1个职位
深圳小库科技有限公司,深圳小库科技有限公司,2021-11-10,452,3个职位
深圳小库科技有限公司,深圳小库科技有限公司,2021-11-10,455,4个职位
深圳小库科技有限公司,深圳小库科技有限公司,2021-11-10,455,3个职位
深圳大学智能物联网中心杨亚涛特聘教授团队2021年博士后招聘公告,广州高才信息科技有限公司,2021-11-09,528,无职位数量信息
政府咨询项目助理,北京菁正咨询有限公司,2021-11-09,553,1个职位
商业火箭技术公司【零壹空间】邀您来撩！,重庆零壹空间科技集团有限公司,2021-11-09,525,无职位数量信息
奋斗百年路 启航新征程-山东理工大学2021年诚聘海内外高层次人才,北京神州之窗网络技术服务有限公司,2021-11-09,481,1个职位
中国联通哈尔滨软件研究院,中国联通哈尔滨软件研究院,2021-11-09,498,1个职位
上海视觉艺术学院2021-2022学年招聘启事,北京月生信息技术有限公司,2021-11-08,433,1个职位
北京塔基资产管理有限公司,北京塔基资产管理有限公司,2021-11-08,521,1个职位
2022中公教育校园招聘-公考讲师,中公教育,2021-11-08,503,无职位数量信息
阳光人寿保险股份有限公司,阳光人寿保险股份有限公司,2021-11-08,499,2个职位
铁力山（北京）控制技术有限公司,铁力山（北京）控制技术有限公司,2021-11-08,531,8个职位
江西软件职业技术大学2021年行政管理及辅导员招聘公告,北京磐石活水信息科技有限公司,2021-11-08,456,1个职位
江西软件职业技术大学2021年专任教师招聘公告,北京磐石活水信息科技有限公司,2021-11-08,448,1个职位
长治学院2021年公开招聘博士研究生公告,北京神州之窗网络技术服务有限公司,2021-11-08,447,1个职位
以工报国 未来可期-厦门工学院2021年博士人才引进计划,北京神州之窗网络技术服务有限公司,2021-11-08,445,1个职位
北京华宇信息技术有限公司博士后招聘&培养公告,北京南方国际人力资源顾问有限公司,2021-11-08,536,1个职位
南京工业大学-电控学院分论坛诚邀海内外英才参加,北京邮电大学就业指导中心,2021-11-08,445,无职位数量信息
西南医科大学2021年诚聘海内外英才,北京诺美斯信息技术有限公司,2021-11-07,414,无职位数量信息
东北农业大学2021年下半年人才公开招聘公告,北京诺美斯信息技术有限公司,2021-11-07,430,无职位数量信息
岭南现代农业科学与技术广东省实验室高端人才、拔尖人才招聘公告,北京诺美斯信息技术有限公司,2021-11-07,432,无职位数量信息
厦门工学院2021-2022学年高层次人才（博士）引进计划,北京斯博特科技发展有限公司,2021-11-07,425,无职位数量信息
南亚热带作物研究所湛江站实验站2021年第六批博士研究生人员公开招聘公告,北京斯博特科技发展有限公司,2021-11-07,423,无职位数量信息
中国科学院微电子研究所低功耗智能芯片与系统团队招聘,北京斯博特科技发展有限公司,2021-11-07,530,无职位数量信息
中科南京智能技术研究院招聘简章,北京君林浩海科技咨询有限公司,2021-11-07,513,无职位数量信息
材料科学姑苏实验室博士后招聘公告,北京君林浩海科技咨询有限公司,2021-11-07,427,无职位数量信息
江苏科技大学2021年诚聘海内外优秀人才,北京君林浩海科技咨询有限公司,2021-11-07,434,无职位数量信息
星际防务2022年校园招聘,北京星际防务科技有限公司,2021-11-06,558,8个职位
加入我们！“船”承理想 强军报国-中国船舶第八研究院（南京）2022届校园招聘,北京神州硕博信息技术有限公司,2021-11-06,455,无职位数量信息
广州金升阳科技有限公司2022&2023届秋季校园招聘,广州金升阳科技有限公司,2021-11-06,448,2个职位
湖南拓维信息系统股份有限公司,湖南拓维信息系统股份有限公司,2021-11-05,513,6个职位
重庆零壹空间科技集团有限公司,重庆零壹空间科技集团有限公司,2021-11-05,507,1个职位
闽南师范大学2021年招聘公告,北京君林浩海科技咨询有限公司,2021-11-05,500,无职位数量信息
2021年南京工业大学高层次人才招聘,北京斯博特科技发展有限公司,2021-11-05,517,无职位数量信息
南京工业大学马克思主义学院诚聘高层次人才,北京斯博特科技发展有限公司,2021-11-05,482,无职位数量信息
清华大学材料课题组招聘热电/热障/结构陶瓷博士后,北京斯博特科技发展有限公司,2021-11-05,463,无职位数量信息
福建工程学院马克思主义学院教学科研人员招聘启事,北京邮电大学就业指导中心,2021-11-05,479,无职位数量信息
江苏科技大学2021年诚聘海内外优秀人才,北京邮电大学就业指导中心,2021-11-05,497,无职位数量信息
2022年国防科大电子科学学院公开招聘军队文职、博士后,北京神州硕博信息技术有限公司,2021-11-05,561,1个职位
桂林信息科技学院（原桂林电子科技大学信息科技学院）2021年专任教师招聘公告,广州高才信息科技有限公司,2021-11-05,492,无职位数量信息
中山大学微电子科学与技术学院2021年人才招聘公告,广州高才信息科技有限公司,2021-11-05,551,无职位数量信息
清华大学出版社有限公司,清华大学出版社有限公司,2021-11-05,584,10个职位
中山大学生物医学工程学院2021年诚聘英才,广州高才信息科技有限公司,2021-11-05,517,无职位数量信息
东北农业大学2021年下半年人才公开招聘公告,北京诺美斯信息技术有限公司,2021-11-04,478,无职位数量信息
西安工业大学新能源科学与技术研究院2021招聘简章,北京邮电大学就业指导中心,2021-11-04,476,无职位数量信息
中国科学院微电子研究所低功耗智能芯片与系统团队招聘,北京邮电大学就业指导中心,2021-11-04,504,无职位数量信息
重庆邮电大学2021-2022年招聘启事,北京邮电大学就业指导中心,2021-11-04,518,无职位数量信息
中科南京智能技术研究院招聘简章,北京斯博特科技发展有限公司,2021-11-04,524,无职位数量信息
中国重型汽车集团有限公司,中国重型汽车集团有限公司,2021-11-04,518,1个职位
南开大学化学学院陈军院士团队招收博士后和研发工程师,广州高才信息科技有限公司,2021-11-04,490,无职位数量信息
上海司南卫星导航技术股份有限公司,上海司南卫星导航技术股份有限公司,2021-11-04,509,无职位数量信息
医世界 渡未来——2022医渡科技校园招聘正式启动,医渡云（北京）技术有限公司,2021-11-04,508,无职位数量信息
中国科学院计算技术研究所2021年秋冬季博士人才视频双选会,广州高才信息科技有限公司,2021-11-04,550,无职位数量信息
数码视讯科技集团2022届校园招聘,北京数码视讯科技股份有限公司,2021-11-03,503,1个职位
铸魂育人 职等你来-2021常州大学诚邀海内外人才共谋发展,北京南方国际人力资源顾问有限公司,2021-11-03,476,1个职位
溪牛投资管理（北京）有限公司,溪牛投资管理（北京）有限公司,2021-11-03,481,1个职位
北京市经济与社会发展研究所,北京市经济与社会发展研究所,2021-11-03,534,2个职位
深圳市赛元微电子有限公司,深圳市赛元微电子有限公司,2021-11-03,476,2个职位
深圳市赛元微电子有限公司,深圳市赛元微电子有限公司,2021-11-03,503,3个职位
嘉庚创新实验室2021年博士后招聘公告,广州高才信息科技有限公司,2021-11-03,494,无职位数量信息
来浙，必有我师-浙江师范大学2021年专任教师招聘公告,北京南方国际人力资源顾问有限公司,2021-11-03,496,1个职位
最高待遇120万，有编制，福利好！湖北汽车工业学院2021年秋冬季博士人才视频双选会,广州高才信息科技有限公司,2021-11-03,533,无职位数量信息
珠海格力电器股份有限公司,珠海格力电器股份有限公司,2021-11-03,521,1个职位
不负韶华 共筑梦想-枣庄学院2021年人才招聘启事,北京南方国际人力资源顾问有限公司,2021-11-02,476,1个职位
2022中公教育校园招聘-教招讲师,中公教育,2021-11-02,496,无职位数量信息
河北农业大学2021年选聘博士公告,北京君林浩海科技咨询有限公司,2021-11-02,467,无职位数量信息
中科南京智能技术研究院招聘简章,北京君林浩海科技咨询有限公司,2021-11-02,500,无职位数量信息
中国人民银行数字货币研究所,中国人民银行数字货币研究所,2021-11-02,624,1个职位
2022天阳科技校园招聘 锐阳计划 招聘简章,天阳宏业科技股份有限公司,2021-11-02,489,7个职位
浙江新课堂教育股份有限公司,浙江新课堂教育股份有限公司,2021-11-02,468,1个职位
北京未磁科技有限公司,北京未磁科技有限公司,2021-11-02,492,4个职位
锐方（上海）私募基金管理有限公司,锐方（上海）私募基金管理有限公司,2021-11-02,449,2个职位
2022年度赴港攻读硕士,北京华夏远达教育顾问有限公司,2021-11-01,545,无职位数量信息
必创科技2022秋季校园招聘,北京必创科技股份有限公司,2021-11-01,487,无职位数量信息
第一创业证券2022届校园招聘,第一创业证券股份有限公司,2021-11-01,476,1个职位
泰康保险集团股份有限公司,泰康保险集团股份有限公司,2021-11-01,475,6个职位
IT 二线应用支持,沃尔沃（中国）投资有限公司,2021-11-01,491,1个职位
嘉兴学院2021年度人才引进招聘公告,广州高才信息科技有限公司,2021-11-01,462,无职位数量信息
姿美堂2022招聘简章,姿美堂科贸集团,2021-11-01,425,3个职位
香港科技大学22fall数据建模硕士学位项目线下招生宣讲会,南京途善久文化传播有限公司,2021-10-31,474,1个职位
逐梦一流 看浙里-宁波大学2021-2022年度公开招聘人才公告,北京神州硕博信息技术有限公司,2021-10-31,471,1个职位
厦门工学院2021年教师招聘启事,北京诺美斯信息技术有限公司,2021-10-31,466,无职位数量信息
河北农业大学2021年选聘博士公告,北京诺美斯信息技术有限公司,2021-10-31,465,无职位数量信息
深圳综合粒子设施研究院校园招聘公告,北京诺美斯信息技术有限公司,2021-10-31,465,无职位数量信息
九江学院2021年高层次人才招聘公告,北京斯博特科技发展有限公司,2021-10-31,459,无职位数量信息
台州学院高等研究院大数据智能医疗研究所2021-2022年招聘启事,北京斯博特科技发展有限公司,2021-10-31,460,无职位数量信息
福建工程学院2022年师资招聘计划,北京斯博特科技发展有限公司,2021-10-31,460,无职位数量信息
南京信息工程大学高端光电仪器及激光技术团队诚招青年教师和师资博后,北京邮电大学就业指导中心,2021-10-31,454,无职位数量信息
广东机电职业技术学院、广东省博士工作站2021年博士研究生招聘公告,北京邮电大学就业指导中心,2021-10-31,469,无职位数量信息
南亚热带作物研究所湛江站实验站2021年第六批博士研究生人员公开招聘公告,北京君林浩海科技咨询有限公司,2021-10-29,474,无职位数量信息
九江学院2021年高层次人才招聘公告,北京君林浩海科技咨询有限公司,2021-10-29,485,无职位数量信息
山东省科学院海洋仪器仪表研究所2021-2022年招聘,北京君林浩海科技咨询有限公司,2021-10-29,493,无职位数量信息
嘉应学院2021-2022年人才招聘启事,北京斯博特科技发展有限公司,2021-10-29,489,无职位数量信息
重庆邮电大学2021-2022年招聘启事,北京斯博特科技发展有限公司,2021-10-29,526,无职位数量信息
深圳综合粒子设施研究院校园招聘公告,北京斯博特科技发展有限公司,2021-10-29,482,无职位数量信息
天津南大通用数据技术股份有限公司,天津南大通用数据技术股份有限公司,2021-10-29,513,1个职位
清华大学出版社2022校园招聘,清华大学出版社有限公司,2021-10-29,546,10个职位
天津南大通用数据技术股份有限公司,天津南大通用数据技术股份有限公司,2021-10-29,495,7个职位
战略支援部队信息工程大学洛阳校区2022年文职人员招聘、博士后招收简章,广州高才信息科技有限公司,2021-10-29,510,无职位数量信息
中科南京智能技术研究院招聘简章,北京诺美斯信息技术有限公司,2021-10-28,505,无职位数量信息
南通大学电气工程学院2021年诚聘海内外英才,北京斯博特科技发展有限公司,2021-10-28,488,无职位数量信息
中国科学院国家空间科学中心2022年应届生招聘启事,中国科学院国家空间科学中心,2021-10-28,531,无职位数量信息
太初（无锡）电子科技有限公司2022校园招聘,太初（无锡）电子科技有限公司,2021-10-28,508,20个职位
应急管理部上海消防研究所 2022年招聘,同道精英（天津）信息技术有限公司,2021-10-28,537,1个职位
引才正当时 共筑西华梦-西华大学2021年人才招聘公告,北京神州之窗网络技术服务有限公司,2021-10-28,490,1个职位
国金基金2022校园招聘,国金基金管理有限公司,2021-10-28,540,1个职位
携手师大 筑梦未来-江苏师范大学2021年人才引进政策及计划,北京南方国际人力资源顾问有限公司,2021-10-28,516,1个职位
北京未尔锐创科技有限公司2022届校园招聘,成都未尔科技有限公司,2021-10-28,454,1个职位
遇“鉴”得物，预见未来！得物App2022校园招聘,上海识装信息科技有限公司,2021-10-28,446,无职位数量信息
乐道济世 砥砺前行-潍坊医学院2021年诚聘海内外优秀博士,北京神州硕博信息技术有限公司,2021-10-28,544,1个职位
2022中国安全防伪证件研制中心校园招聘简章,中国安全防伪证件研制中心,2021-10-27,552,7个职位
香港科技大学工学院研究生项目招生宣讲会,南京途善久文化传播有限公司,2021-10-27,490,1个职位
闽南师范大学2021年诚纳英才,北京诺美斯信息技术有限公司,2021-10-26,492,无职位数量信息
中科南京智能技术研究院招聘简章,北京诺美斯信息技术有限公司,2021-10-26,536,无职位数量信息
广东机电职业技术学院、广东省博士工作站2021年博士研究生招聘公告,北京诺美斯信息技术有限公司,2021-10-26,483,无职位数量信息
中国科学院微电子研究所低功耗智能芯片与系统团队招聘,北京君林浩海科技咨询有限公司,2021-10-26,515,无职位数量信息
江苏科技大学2021年诚聘海内外优秀人才,北京君林浩海科技咨询有限公司,2021-10-26,495,无职位数量信息
启明信息技术股份有限公司,启明信息技术股份有限公司,2021-10-26,533,5个职位
北银金融科技有限责任公司,北银金融科技有限责任公司,2021-10-26,569,1个职位
北银金融科技有限责任公司,北银金融科技有限责任公司,2021-10-26,502,5个职位
广西科技大学,广西科技大学,2021-10-26,496,1个职位
【政府咨询项目助理】北京菁正咨询有限公司,北京菁正咨询有限公司,2021-10-26,504,1个职位
嘉应学院2021-2022年人才招聘启事,北京君林浩海科技咨询有限公司,2021-10-26,484,无职位数量信息
中国科学院微电子研究所低功耗智能芯片与系统团队招聘,北京斯博特科技发展有限公司,2021-10-26,508,无职位数量信息
上海司南卫星导航技术股份有限公司,上海司南卫星导航技术股份有限公司,2021-10-25,505,7个职位
2022中公教育校园招聘-考研讲师,中公教育,2021-10-25,509,无职位数量信息
中国科学院赣江创新研究院2021年优秀博士招聘启事,广州高才信息科技有限公司,2021-10-25,484,无职位数量信息
哈尔滨工业大学人工智能研究院有限公司,哈尔滨工业大学人工智能研究院有限公司,2021-10-25,508,1个职位
哈尔滨工业大学人工智能研究院有限公司,哈尔滨工业大学人工智能研究院有限公司,2021-10-25,494,1个职位
哈尔滨工业大学人工智能研究院有限公司,哈尔滨工业大学人工智能研究院有限公司,2021-10-25,491,1个职位
哈尔滨工业大学人工智能研究院有限公司,哈尔滨工业大学人工智能研究院有限公司,2021-10-25,485,1个职位
哈尔滨工业大学人工智能研究院有限公司,哈尔滨工业大学人工智能研究院有限公司,2021-10-25,499,1个职位
哈尔滨工业大学人工智能研究院有限公司,哈尔滨工业大学人工智能研究院有限公司,2021-10-25,527,4个职位
嘉应学院2021-2022年人才招聘启事,北京诺美斯信息技术有限公司,2021-10-24,499,无职位数量信息
河北农业大学2021年选聘博士公告,北京邮电大学就业指导中心,2021-10-24,495,无职位数量信息
材料科学姑苏实验室2021年高层次人才招聘启事,北京邮电大学就业指导中心,2021-10-24,491,无职位数量信息
桂在珍惜 工候你来-桂林理工大学2021年诚邀优秀人才加盟,北京神州硕博信息技术有限公司,2021-10-24,506,1个职位
北京华龙通科技有限公司,北京华龙通科技有限公司,2021-10-22,515,5个职位
嘉入我们 庚进一步-厦门大学嘉庚学院2021-2022学年人才招聘启事,北京神州之窗网络技术服务有限公司,2021-10-22,488,1个职位
央企华侨城集团公司2022校园招聘,华侨城集团公司,2021-10-21,518,2个职位
中国科学院武汉岩土力学研究所科研岗位和特别研究助理（含博士后）招聘简章【长期有效】,北京神州硕博信息技术有限公司,2021-10-21,497,1个职位
金川集团股份有限公司,金川集团股份有限公司,2021-10-21,439,2个职位
中国广电广州网络股份有限公司（原珠江数码）,广州珠江数码集团股份有限公司,2021-10-20,524,13个职位
浙江大学核医学创新研究中心招聘博士后,北京南方国际人力资源顾问有限公司,2021-10-20,494,1个职位
中车信息技术有限公司,中车信息技术有限公司,2021-10-20,548,4个职位
北京未尔锐创科技有限公司,成都未尔科技有限公司,2021-10-20,447,1个职位
安捷中科（北京）数据科技有限公司,安捷中科（北京）数据科技有限公司,2021-10-19,505,1个职位
中科本原科技（北京）有限公司,中科本原科技（北京）有限公司,2021-10-19,613,15个职位
中国广电广州网络股份有限公司,广州珠江数码集团股份有限公司,2021-10-19,509,13个职位
智能驾驶激光雷达领军企业—深圳市速腾聚创科技有限公司 2022校园招聘宣讲会（北京站）,深圳市速腾聚创科技有限公司,2021-10-19,503,无职位数量信息
2022中公教育校园招聘-教招讲师,中公教育,2021-10-18,498,无职位数量信息
管理咨询顾问-北京、西安、深圳,北京知本创业管理咨询有限公司,2021-10-18,496,3个职位
中科南京智能技术研究院招聘简章,北京斯博特科技发展有限公司,2021-10-17,510,无职位数量信息
清华大学材料课题组招聘热电/热障/结构陶瓷博士后,北京邮电大学就业指导中心,2021-10-17,491,无职位数量信息
图灵深视（北京）科技有限公司,图灵深视（北京）科技有限公司,2021-10-15,505,8个职位
中信证券股份有限公司杭州凤起路证券营业部,中信证券股份有限公司杭州凤起路证券营业部,2021-10-15,492,1个职位
ASM先进科技（中国）有限公司2022校园招聘（成都）,先进科技（中国）有限公司,2021-10-15,525,7个职位
中国技术进出口集团有限公司,中国技术进出口集团有限公司,2021-10-15,564,6个职位
中国科学院微电子研究所低功耗智能芯片与系统团队招聘,北京诺美斯信息技术有限公司,2021-10-14,576,无职位数量信息
中国石化上海石油化工研究院2021年人才招聘,北京神州硕博信息技术有限公司,2021-10-14,575,1个职位
携程计算机技术（上海）有限公司,携程计算机技术（上海）有限公司,2021-10-14,603,1个职位
成都思科瑞微电子股份有限公司,成都思科瑞微电子股份有限公司,2021-10-14,508,2个职位
西安电子科技大学杭州研究院2021年全球招聘引才公告,广州高才信息科技有限公司,2021-10-14,520,无职位数量信息
广东省工业设备安装有限公司,广东省工业设备安装有限公司,2021-10-14,597,1个职位
锐方（上海）私募基金管理有限公司招聘,锐方（上海）私募基金管理有限公司,2021-10-13,501,2个职位
东南数字经济发展研究院,东南数字经济发展研究院,2021-10-13,506,6个职位
中国科学院软件研究所中国科学院软件研究所2022年度校园招聘简章,中国科学院软件研究所,2021-10-13,657,无职位数量信息
北京市地铁运营有限公司,北京市地铁运营有限公司,2021-10-13,526,1个职位
北京五一视界数字孪生科技股份有限公司,当家移动绿色互联网技术集团有限公司,2021-10-12,593,6个职位
中交信息技术国家工程实验室有限公司,中交信息技术国家工程实验室有限公司,2021-10-12,666,3个职位
北京流马锐驰科技有限公司,北京流马锐驰科技有限公司,2021-10-12,577,无职位数量信息
北京大学长三角光电科学研究院招聘启事,广州高才信息科技有限公司,2021-10-12,558,无职位数量信息
辽宁交投艾特斯智能交通技术有限公司,辽宁艾特斯智能交通技术有限公司,2021-10-12,542,7个职位
广东省新一代通信与网络创新研究院2022届毕业生招聘,广东省新一代通信与网络创新研究院,2021-10-12,531,11个职位
北京机械工业自动化研究所有限公司,北京机械工业自动化研究所有限公司,2021-10-12,545,1个职位
中国科学院武汉岩土力学研究所,中国科学院武汉岩土力学研究所,2021-10-11,515,1个职位
英国豪迈国际有限公司上海代表处,英国豪迈国际有限公司上海代表处,2021-10-11,522,1个职位
中资网络信息安全科技有限公司2022校招正式启动！,中资网络信息安全科技有限公司,2021-10-11,560,4个职位
哈尔滨工业大学人工智能研究院有限公司,哈尔滨工业大学人工智能研究院有限公司,2021-10-11,524,1个职位
北京知本创业管理咨询有限公司,北京知本创业管理咨询有限公司,2021-10-11,521,3个职位
中国网安（含中国电科三十所）2022届校园招聘,中国电子科技集团公司第三十研究所,2021-10-11,576,1个职位
北京晟芯网络科技有限公司,北京晟芯网络科技有限公司,2021-10-11,532,4个职位
中科南京智能技术研究院招聘简章,北京君林浩海科技咨询有限公司,2021-10-11,531,无职位数量信息
启明信息技术股份有限公司,启明信息技术股份有限公司,2021-10-10,551,5个职位
重庆邮电大学2021-2022年招聘,北京斯博特科技发展有限公司,2021-10-10,603,无职位数量信息
台州学院高等研究院—智能信息处理研究所招聘启事,北京斯博特科技发展有限公司,2021-10-10,499,无职位数量信息
厦门工学院2021年教师招聘启事,北京斯博特科技发展有限公司,2021-10-10,526,无职位数量信息
中国科学院微电子研究所低功耗智能芯片与系统团队招聘,北京君林浩海科技咨询有限公司,2021-10-10,533,无职位数量信息
苏州大学未来校区人才招聘公告,北京南方国际人力资源顾问有限公司,2021-10-10,530,1个职位
东北农业大学2021年下半年人才公开招聘公告,北京君林浩海科技咨询有限公司,2021-10-10,555,无职位数量信息
中国科学院长春应用化学研究所2021年度招聘启事,北京诺美斯信息技术有限公司,2021-10-10,533,无职位数量信息
苏州系统医学研究所高层次人才招聘公告,北京诺美斯信息技术有限公司,2021-10-10,507,无职位数量信息
广东医科大学2021年人才招聘公告,北京邮电大学就业指导中心,2021-10-10,525,无职位数量信息
光大科技有限公司,光大科技有限公司,2021-10-09,601,1个职位
广东科学技术职业学院2021年高层次人才招聘公告,广州高才信息科技有限公司,2021-10-09,546,无职位数量信息
上海人工智能创新中心,上海人工智能创新中心,2021-10-09,516,5个职位
上海人工智能创新中心,上海人工智能创新中心,2021-10-09,562,1个职位
新瑞鹏宠物医疗集团有限公司,新瑞鹏宠物医疗集团有限公司,2021-10-09,527,1个职位
中国科学院上海巴斯德研究所2021年度招聘启事,北京南方国际人力资源顾问有限公司,2021-10-09,531,1个职位
数码视讯科技集团2022届校园招聘,北京数码视讯科技股份有限公司,2021-10-08,527,1个职位
南京理工大学教师招聘,南京理工大学江阴校区,2021-10-08,698,无职位数量信息
CNH集团--晨皓知识产权 2022届校园招聘简章,上海晨皓知识产权代理事务所（普通合伙）,2021-10-08,480,1个职位
蓝诺微银（北京）信息技术有限公司,蓝诺微银（北京）信息技术有限公司,2021-10-08,504,1个职位
中国人民解放军第五七二〇工厂2022年校园招聘,中国人民解放军第五七二〇工厂,2021-10-03,567,1个职位
中国科学院国家空间科学中心,中国科学院国家空间科学中心,2021-10-01,530,无职位数量信息
中国科学院国家空间科学中心2022年特别研究助理招聘启事,中国科学院国家空间科学中心,2021-10-01,525,无职位数量信息