招聘主题,用人单位,发布日期,浏览次数
测试工程师,才立方,2021-12-30,2
业务实施顾问,才立方,2021-12-29,81
人力资源管理,风神轮胎股份有限公司,2021-12-29,59
IT工程师,风神轮胎股份有限公司,2021-12-29,49
IT工程师,风神轮胎股份有限公司,2021-12-29,49
产品研发工程师,贵州振华群英电器有限公司（国营第八九一厂）,2021-12-29,48
工艺质量管理,风神轮胎股份有限公司,2021-12-29,42
校园招聘HR,上海链家房地产经纪有限公司,2021-12-29,45
产品研发,风神轮胎股份有限公司,2021-12-29,43
产品研发,风神轮胎股份有限公司,2021-12-29,41
车间主任助理,深圳振华富电子有限公司,2021-12-29,48
IC设计工程师,深圳振华富电子有限公司,2021-12-29,46
微波元件工程师,深圳振华富电子有限公司,2021-12-29,45
IC设计工程师,贵州振华风光半导体股份有限公司,2021-12-29,52
技术支持工程师,贵州振华风光半导体股份有限公司,2021-12-29,52
工艺工程师,贵州振华风光半导体股份有限公司,2021-12-29,44
IC测试工程师,贵州振华风光半导体股份有限公司,2021-12-29,51
数字IC设计工程师,贵州振华风光半导体股份有限公司,2021-12-29,72
模拟IC设计工程师,贵州振华风光半导体股份有限公司,2021-12-29,45
软件开发工程师,中国振华集团永光电子有限公司（国营第八七三厂）,2021-12-29,49
销售员,贵州振华华联电子有限公司,2021-12-29,39
产品检测工程师,中国振华集团永光电子有限公司（国营第八七三厂）,2021-12-29,53
陈华,贵州振华华联电子有限公司,2021-12-29,30
产品应用工程师,中国振华集团永光电子有限公司（国营第八七三厂）,2021-12-29,41
人力资源管理专员,贵州振华华联电子有限公司,2021-12-29,27
工艺工程师,贵州振华华联电子有限公司,2021-12-29,28
工艺工程师,中国振华集团永光电子有限公司（国营第八七三厂）,2021-12-29,38
电子开关研发工程师,贵州振华华联电子有限公司,2021-12-29,30
产品研发设计工程师,中国振华集团永光电子有限公司（国营第八七三厂）,2021-12-29,44
电子组件研发工程师,贵州振华华联电子有限公司,2021-12-29,29
产品研发设计工程师,中国振华集团永光电子有限公司（国营第八七三厂）,2021-12-29,30
材料研发工程师,中国振华集团云科电子有限公司,2021-12-29,26
工艺工程师,深圳市振华微电子有限公司,2021-12-29,29
测试工程师,成都华微科技有限公司,2021-12-29,61
产品设计师,中国振华电子集团宇光电工有限公司（国营第七七一厂）,2021-12-29,25
项目研发员,中国振华电子集团宇光电工有限公司（国营第七七一厂）,2021-12-29,28
电子工程技术员,中国振华电子集团宇光电工有限公司（国营第七七一厂）,2021-12-29,36
研发工程师,东莞市振华新能源科技有限公司,2021-12-29,26
微波电路设计师,中国振华集团云科电子有限公司,2021-12-29,23
研发工程师,深圳市振华微电子有限公司,2021-12-29,48
产品技术员,中国振华（集团）新云电子元器件有限责任公司（国营第四三二六厂）,2021-12-29,27
2022校招-软件研发岗,鸿合科技股份有限公司,2021-12-29,18
2022校招-技术开发岗,鸿合科技股份有限公司,2021-12-29,18
2022校招-职能市场类,鸿合科技股份有限公司,2021-12-29,19
设备管理,风神轮胎股份有限公司,2021-12-29,19
技术研发岗,深圳麦克韦尔科技有限公司,2021-12-29,18
工艺工程师,贵州振华群英电器有限公司（国营第八九一厂）,2021-12-29,19
人力资源管理,风神轮胎股份有限公司,2021-12-29,18
航天行云（航天科工四院卫星总体单位）2022年度校园招聘,航天行云科技有限公司,2021-12-29,17
核电工程师,国核示范电站有限责任公司,2021-12-28,17
专利工程师,广州德科知识产权代理有限公司西安分公司,2021-12-27,52
机械工程师,安徽巨一科技股份有限公司,2021-12-27,48
上位机软件工程师,安徽巨一科技股份有限公司,2021-12-27,37
销售工程师,特法尔（北京）科技有限公司,2021-12-27,30
产品工程师,深圳市安保科技有限公司,2021-12-27,29
整机工艺工程师,深圳市安保科技有限公司,2021-12-27,29
 算法工程师(杭州、武汉),华芯巨数（杭州）微电子有限公司,2021-12-27,30
软件开发工程师（杭州、武汉）,华芯巨数（杭州）微电子有限公司,2021-12-27,29
软件测试工程师(杭州、武汉),华芯巨数（杭州）微电子有限公司,2021-12-27,29
产品应用工程师(杭州、武汉）,华芯巨数（杭州）微电子有限公司,2021-12-27,31
测试工程师,深圳市安保科技有限公司,2021-12-27,28
机械开发工程师,杰克缝纫机股份有限公司,2021-12-24,112
控制软件工程师,杰克缝纫机股份有限公司,2021-12-24,99
硬件工程师,杰克缝纫机股份有限公司,2021-12-24,98
应用软件工程师,杰克缝纫机股份有限公司,2021-12-24,94
电机结构工程师,杰克缝纫机股份有限公司,2021-12-24,94
测试工程师,杰克缝纫机股份有限公司,2021-12-24,92
国内营销类,杰克缝纫机股份有限公司,2021-12-24,91
海外营销专员,杰克缝纫机股份有限公司,2021-12-24,91
售后服务/客户服务,杰克缝纫机股份有限公司,2021-12-24,88
生产管理储备,杰克缝纫机股份有限公司,2021-12-24,96
财务会计,杰克缝纫机股份有限公司,2021-12-24,87
人力资源专员,杰克缝纫机股份有限公司,2021-12-24,93
信息化管理岗,中国市政工程西南设计研究总院有限公司,2021-12-24,87
事业单位工作人员,胶州市人力资源和社会保障局,2021-12-24,90
营销岗,长鹰信质科技股份有限公司,2021-12-24,84
研发岗,长鹰信质科技股份有限公司,2021-12-24,82
项目岗,长鹰信质科技股份有限公司,2021-12-24,82
质量岗,长鹰信质科技股份有限公司,2021-12-24,83
机械专利工程师,西安贵谦知识产权代理有限公司,2021-12-24,33
宇通校园猎头,郑州宇通集团有限公司,2021-12-24,89
电学/通信领域专利工程师,西安贵谦知识产权代理有限公司,2021-12-24,38
研发工程师,南京汉隆科技有限公司,2021-12-24,27
嵌入式软件工程师,湖南北云科技有限公司,2021-12-24,28
高级专利工程师,西安贵谦知识产权代理有限公司,2021-12-24,26
测试工程师,南京汉隆科技有限公司,2021-12-24,26
超潜管培生（证券研究方向）,锐方（上海）私募基金管理有限公司,2021-12-24,28
渠道销售总监,深圳市巨博华投资有限公司,2021-12-23,82
技术岗/职能岗,广州地铁设计研究院股份有限公司,2021-12-23,78
生产研发工程师,浙江黎明智造股份有限公司,2021-12-23,76
质量工程师,浙江黎明智造股份有限公司,2021-12-23,70
模具设计工程师,浙江黎明智造股份有限公司,2021-12-23,71
电气自动化工程师,浙江黎明智造股份有限公司,2021-12-23,68
量化系统开发工程师,深圳市巨博华投资有限公司,2021-12-23,73
渠道销售经理,深圳市巨博华投资有限公司,2021-12-23,78
量化系统开发工程师,深圳市巨博华投资有限公司,2021-12-23,70
量化系统开发工程师,深圳市巨博华投资有限公司,2021-12-23,67
软件工程师,浙江黎明智造股份有限公司,2021-12-23,74
项目工程师,浙江黎明智造股份有限公司,2021-12-23,72
生产管理,浙江黎明智造股份有限公司,2021-12-23,75
量化研究员/行业研究员/高级开发,深圳市影子投资管理有限公司,2021-12-23,70
自动化工程师,海澜智云科技有限公司,2021-12-22,85
电仪工程师,海澜智云科技有限公司,2021-12-22,73
化工工程师,海澜智云科技有限公司,2021-12-22,71
节能项目经理,海澜智云科技有限公司,2021-12-22,82
短视频编导,旷世传声传媒科技有限责任公司,2021-12-22,68
阳光电源2022届全球校园招聘秋招补录,阳光电源股份有限公司,2021-12-22,100
美资企业-猎头实习生（招聘方向）,讯升（上海）人力资源有限公司成都分公司,2021-12-22,73
光学工程师,深圳市矽赫科技有限公司,2021-12-22,77
机械工程师,深圳市大族光电设备有限公司,2021-12-22,69
电气工程师,深圳市大族光电设备有限公司,2021-12-22,68
香港科技大学数据建模硕士学位项目（MSc DDM）1月宣讲会（线上+线下）通知,南京途善久文化传播有限公司,2021-12-22,77
硬件工程师,深圳市矽赫科技有限公司,2021-12-22,69
生产专训生,滦州伊利乳业有限责任公司,2021-12-22,76
毫米波雷达算法工程师(上海/常州）,德心智能科技（常州）有限公司,2021-12-22,73
雷达信号处理工程师（上海/常州）,德心智能科技（常州）有限公司,2021-12-22,73
工艺工程师,深圳市大族光电设备有限公司,2021-12-22,81
多益网络2022届校园招聘补录,多益网络有限公司,2021-12-22,85
美丽中国支教项目老师（研后空宣）,北京立德未来助学公益基金会,2021-12-21,89
技术/销售工程师,北京爱万提斯科技有限公司,2021-12-21,79
研究员,兴业经济研究咨询股份有限公司,2021-12-21,86
电气师,中国电建集团青海省电力设计院有限公司,2021-12-21,83
机械及车辆工程专利代理人及助理,北京英创嘉友知识产权代理事务所（普通合伙）,2021-12-21,62
材料化工类专利代理人及助理,北京英创嘉友知识产权代理事务所（普通合伙）,2021-12-21,61
商标代理人助理,北京英创嘉友知识产权代理事务所（普通合伙）,2021-12-21,63
电子及通讯工程专利代理人及助理,北京英创嘉友知识产权代理事务所（普通合伙）,2021-12-21,72
机械设计类,北京半导体专用设备研究所（中国电子科技集团公司第四十五研究所）,2021-12-21,62
电气设计类,北京半导体专用设备研究所（中国电子科技集团公司第四十五研究所）,2021-12-21,65
软件设计类,北京半导体专用设备研究所（中国电子科技集团公司第四十五研究所）,2021-12-21,61
光学设计类,北京半导体专用设备研究所（中国电子科技集团公司第四十五研究所）,2021-12-21,60
机械助理工程师,深圳市赢合科技股份有限公司,2021-12-21,56
电气助理工程师,深圳市赢合科技股份有限公司,2021-12-21,59
软件助理工程师（开发方向）,深圳市赢合科技股份有限公司,2021-12-21,59
软件助理工程师（实施方向）,深圳市赢合科技股份有限公司,2021-12-21,55
软件助理工程师（上位机方向）,深圳市赢合科技股份有限公司,2021-12-21,58
机械工程师,深圳市赢合科技股份有限公司,2021-12-21,60
电气工程师,深圳市赢合科技股份有限公司,2021-12-21,55
图像算法研究员,佳能医疗系统（中国）有限公司,2021-12-21,62
医疗软件工程师,佳能医疗系统（中国）有限公司,2021-12-21,64
工程师,北京汽车研究总院有限公司,2021-12-21,61
设备工程师,无锡车联天下信息技术有限公司,2021-12-20,76
PS 工程师,无锡车联天下信息技术有限公司,2021-12-20,76
NPI 工程师,无锡车联天下信息技术有限公司,2021-12-20,77
Labview 工程师,无锡车联天下信息技术有限公司,2021-12-20,74
结构工程师,无锡车联天下信息技术有限公司,2021-12-20,75
测试工程师,无锡车联天下信息技术有限公司,2021-12-20,69
IOS 开发工程师,无锡车联天下信息技术有限公司,2021-12-20,73
JAVA 开发工程师,无锡车联天下信息技术有限公司,2021-12-20,69
H5 前端工程师,无锡车联天下信息技术有限公司,2021-12-20,73
硬件工程师,无锡车联天下信息技术有限公司,2021-12-20,71
仪表软件工程师,无锡车联天下信息技术有限公司,2021-12-20,70
MCU 软件工程师,无锡车联天下信息技术有限公司,2021-12-20,70
集成测试工程师,无锡车联天下信息技术有限公司,2021-12-20,72
安卓软件工程师,无锡车联天下信息技术有限公司,2021-12-20,70
电芯工程师,华富（江苏）锂电新技术有限公司,2021-12-20,61
电子工程师,华富（江苏）锂电新技术有限公司,2021-12-20,56
结构工程师,华富（江苏）锂电新技术有限公司,2021-12-20,67
SMT 工程师,无锡车联天下信息技术有限公司,2021-12-20,71
PQM 工程师,无锡车联天下信息技术有限公司,2021-12-20,66
QE 工程师,无锡车联天下信息技术有限公司,2021-12-20,66
实验室工程师,无锡车联天下信息技术有限公司,2021-12-20,70
电力机车机械设计师、工艺师,中车大同电力机车有限公司,2021-12-20,67
市场营销岗,沈阳兴华航空电器有限责任公司,2021-12-20,59
设计研发岗,沈阳兴华航空电器有限责任公司,2021-12-20,56
生产管理岗,沈阳兴华航空电器有限责任公司,2021-12-20,56
品牌主播,旷世传声传媒科技有限责任公司,2021-12-20,59
高压绝缘研究员（博士）,珠海市睿影科技有限公司,2021-12-20,56
中小学教师,桓台县红莲湖学校,2021-12-20,62
直播运营管培生,旷世传声传媒科技有限责任公司,2021-12-20,61
攀枝花学院2021年第五批直接考核招聘高层次人才公告,北京磐石活水信息科技有限公司,2021-12-18,63
电子工程师,武汉中电通信有限责任公司,2021-12-18,56
结构工程师,佛山市芯耀环保科技有限公司,2021-12-17,134
研发工程师,佛山市芯耀环保科技有限公司,2021-12-17,64
工艺工程师,佛山市芯耀环保科技有限公司,2021-12-17,60
品质工程师,佛山市芯耀环保科技有限公司,2021-12-17,61
人事行政,佛山市芯耀环保科技有限公司,2021-12-17,58
产品策划专员,佛山市芯耀环保科技有限公司,2021-12-17,62
渗透测试工程师,杭州安信检测技术有限公司,2021-12-17,69
网络安全测评师,杭州安信检测技术有限公司,2021-12-17,63
密码测评工程师,杭州安信检测技术有限公司,2021-12-17,64
芯片研发工程师,无锡市核力创芯科技有限公司,2021-12-17,62
专利工程师,北京龙双利达知识产权代理有限公司西安分公司,2021-12-17,64
专利工程师,北京龙双利达知识产权代理有限公司西安分公司,2021-12-17,61
专利工程师,北京龙双利达知识产权代理有限公司西安分公司,2021-12-17,61
物理层算法工程师,北京慧清科技有限公司,2021-12-16,74
数字信号处理工程师,北京慧清科技有限公司,2021-12-16,74
射频工程师,北京慧清科技有限公司,2021-12-16,86
嵌入式软件工程师,北京慧清科技有限公司,2021-12-16,74
网络算法工程师,北京慧清科技有限公司,2021-12-16,70
嵌入式硬件工程师,北京慧清科技有限公司,2021-12-16,67
交易员,西安天勤汇理私募基金管理有限公司,2021-12-16,70
深圳报业集团2022年校园招聘,深圳报业集团,2021-12-16,102
猎头管培生,上海岱澳人才信息咨询有限公司,2021-12-16,67
博士后工作站-深度学习算法研究员-医疗AI,北京安德医智科技有限公司,2021-12-16,64
中国石油大学（北京）,中国石油大学（北京）,2021-12-16,69
软件开发工程师,北京宏天信业信息技术股份有限公司,2021-12-16,61
电仪工程师,天津利安隆新材料股份有限公司,2021-12-15,90
营销培训生,内蒙古伊利实业集团股份有限公司成都第一分公司,2021-12-15,63
外贸业务员,上海浦劢实业有限公司,2021-12-15,59
特变电工自控设备有限公司2022届校园招聘简章,新疆特变电工自控设备有限公司,2021-12-15,55
市场营销岗,沈阳兴华航空电器有限责任公司,2021-12-20,60
设计研发岗,沈阳兴华航空电器有限责任公司,2021-12-20,57
生产管理岗,沈阳兴华航空电器有限责任公司,2021-12-20,57
高压绝缘研究员（博士）,珠海市睿影科技有限公司,2021-12-20,57
中小学教师,桓台县红莲湖学校,2021-12-20,63
品牌主播,旷世传声传媒科技有限责任公司,2021-12-20,60
直播运营管培生,旷世传声传媒科技有限责任公司,2021-12-20,62
攀枝花学院2021年第五批直接考核招聘高层次人才公告,北京磐石活水信息科技有限公司,2021-12-18,64
电子工程师,武汉中电通信有限责任公司,2021-12-18,57
结构工程师,佛山市芯耀环保科技有限公司,2021-12-17,135
研发工程师,佛山市芯耀环保科技有限公司,2021-12-17,65
工艺工程师,佛山市芯耀环保科技有限公司,2021-12-17,61
品质工程师,佛山市芯耀环保科技有限公司,2021-12-17,62
人事行政,佛山市芯耀环保科技有限公司,2021-12-17,59
产品策划专员,佛山市芯耀环保科技有限公司,2021-12-17,63
渗透测试工程师,杭州安信检测技术有限公司,2021-12-17,70
网络安全测评师,杭州安信检测技术有限公司,2021-12-17,64
密码测评工程师,杭州安信检测技术有限公司,2021-12-17,65
芯片研发工程师,无锡市核力创芯科技有限公司,2021-12-17,63
专利工程师,北京龙双利达知识产权代理有限公司西安分公司,2021-12-17,65
专利工程师,北京龙双利达知识产权代理有限公司西安分公司,2021-12-17,62
专利工程师,北京龙双利达知识产权代理有限公司西安分公司,2021-12-17,62
物理层算法工程师,北京慧清科技有限公司,2021-12-16,75
数字信号处理工程师,北京慧清科技有限公司,2021-12-16,75
射频工程师,北京慧清科技有限公司,2021-12-16,87
嵌入式软件工程师,北京慧清科技有限公司,2021-12-16,76
嵌入式硬件工程师,北京慧清科技有限公司,2021-12-16,68
网络算法工程师,北京慧清科技有限公司,2021-12-16,71
交易员,西安天勤汇理私募基金管理有限公司,2021-12-16,71
深圳报业集团2022年校园招聘,深圳报业集团,2021-12-16,103
猎头管培生,上海岱澳人才信息咨询有限公司,2021-12-16,68
博士后工作站-深度学习算法研究员-医疗AI,北京安德医智科技有限公司,2021-12-16,65
中国石油大学（北京）,中国石油大学（北京）,2021-12-16,70
软件开发工程师,北京宏天信业信息技术股份有限公司,2021-12-16,62
电仪工程师,天津利安隆新材料股份有限公司,2021-12-15,91
营销培训生,内蒙古伊利实业集团股份有限公司成都第一分公司,2021-12-15,64
外贸业务员,上海浦劢实业有限公司,2021-12-15,60
特变电工自控设备有限公司2022届校园招聘简章,新疆特变电工自控设备有限公司,2021-12-15,56
华为终端 2022届新零售管培生招聘,深圳慧通商务有限公司,2021-12-15,82
未来已来 只等你来 ——海南自由贸易港招才引智活动致广大学子的邀请函,国投人力资源服务有限公司,2021-12-15,59
管培生,中信证券股份有限公司北京分公司,2021-12-15,83
助理工程师,中国建筑股份有限公司国际工程分公司,2021-12-14,70
电路设计工程师,华玻视讯（珠海）科技有限公司,2021-12-14,62
管理培训生,中粮福临门食品营销有限公司西安分公司,2021-12-14,65
电商主播,西安巨蛋网络科技有限公司,2021-12-14,63
探店达人,西安巨蛋网络科技有限公司,2021-12-14,64
销售工程师,上海仪准电子科技有限公司,2021-12-14,59
销售工程师,上海仪准电子科技有限公司,2021-12-14,56
贴合工程师,华玻视讯（珠海）科技有限公司,2021-12-14,62
材料工程师,华玻视讯（珠海）科技有限公司,2021-12-14,61
专任教师,绵阳职业技术学院,2021-12-14,73
技术储干,珠海市睿影科技有限公司,2021-12-14,64
博士招聘-2021下半年“海外学者中国行”欢迎您参加,学术桥（北京）教育科技有限公司,2021-12-14,62
博士招聘-2021下半年“海外学者中国行”欢迎您参加,学术桥（北京）教育科技有限公司,2021-12-14,61
管培生,通辽梅花生物科技有限公司,2021-12-14,59
深圳市创新投资集团有限公司（简称“深创投”）博士后工作站面向社会招收2022级博士研究生,西安创新投资管理有限公司,2021-12-14,87
图像算法工程师-三维视觉方向,广州敏视数码科技有限公司,2021-12-13,68
单片机软件工程师,广州敏视数码科技有限公司,2021-12-13,86
硬件工程师,广州敏视数码科技有限公司,2021-12-13,73
C++软件工程师,广州敏视数码科技有限公司,2021-12-13,88
技术与研发类,大连东软教育科技集团有限公司,2021-12-13,85
全栈软件工程师,萝卜太辣（北京）科技有限公司西安分公司,2021-12-13,70
班主任老师,西安西补教育培训学校有限责任公司,2021-12-13,68
管培生（人力资源方向）,广州敏视数码科技有限公司,2021-12-13,58
管培生（财务方向）,广州敏视数码科技有限公司,2021-12-13,65
管培生（工业工程）,广州敏视数码科技有限公司,2021-12-13,67
管培生（行政方向）,广州敏视数码科技有限公司,2021-12-13,60
硬件工程师,深圳市安保科技有限公司,2021-12-13,64
嵌入式软件工程师,深圳市安保科技有限公司,2021-12-13,67
算法工程师,深圳市安保科技有限公司,2021-12-13,62
海外销售业务员（英语\日语\西班牙语\俄语\德语）,广州敏视数码科技有限公司,2021-12-13,70
外贸助理（跟单方向）,广州敏视数码科技有限公司,2021-12-13,58
文案策划,广州敏视数码科技有限公司,2021-12-13,58
机械工程师,深圳市安保科技有限公司,2021-12-13,58
QT开发工程师,深圳市安保科技有限公司,2021-12-13,59
运营推广,广州敏视数码科技有限公司,2021-12-13,60
嵌入式Linux软件工程师,广州敏视数码科技有限公司,2021-12-13,59
图像算法工程师-深度学习方向,广州敏视数码科技有限公司,2021-12-13,61
嵌入式图像算法工程师,广州敏视数码科技有限公司,2021-12-13,82
软件测试工程师,广州敏视数码科技有限公司,2021-12-13,59
教务专员（数据分析、网络应用与管理方向）,西安西补教育培训学校有限责任公司,2021-12-13,58
管培生（供应链方向）,广州敏视数码科技有限公司,2021-12-13,57
管培生（生产管理方向）,广州敏视数码科技有限公司,2021-12-13,60
技术研发人员,福建（泉州）哈工大工程技术研究院,2021-12-13,53
品牌设计专员,广州敏视数码科技有限公司,2021-12-13,55
黄河科技学院招聘公告2021年黄河科技学院博士招聘公告,北京磐石活水信息科技有限公司,2021-12-11,60
智能化研究岗,爱玛科技集团股份有限公司,2021-12-10,72
工艺工程师,苏州臻芯微电子有限公司,2021-12-10,85
中科院微电子所低功耗智能芯片与系统团队多岗位招聘,中国科学院微电子研究所,2021-12-10,76
责任工程师,中建八局第四建设有限公司,2021-12-10,65
工艺整合工程师,苏州臻芯微电子有限公司,2021-12-10,68
设备工程师,苏州臻芯微电子有限公司,2021-12-10,69
生产工程师,苏州臻芯微电子有限公司,2021-12-10,69
小米集团2022全球校园招聘-热招岗位,小米科技有限责任公司,2021-12-10,90
小米集团2022全球校园招聘-热招岗位,小米科技有限责任公司,2021-12-10,75
软件开发,中讯邮电咨询设计院有限公司郑州分公司,2021-12-10,66
小米集团2022全球校园招聘-热招岗位,小米科技有限责任公司,2021-12-10,85
小米集团2022全球校园招聘-热招岗位,小米科技有限责任公司,2021-12-10,70
光缆通信技术研发,中讯邮电咨询设计院有限公司郑州分公司,2021-12-10,64
网络智能应用运营工程师,中讯邮电咨询设计院有限公司郑州分公司,2021-12-10,69
终端测试等孵化业务,中讯邮电咨询设计院有限公司郑州分公司,2021-12-10,62
数据分析工程师,广州文远知行科技有限公司,2021-12-10,79
超潜管培生（证券研究方向）,锐方（上海）私募基金管理有限公司,2021-12-10,55
电磁兼容检测,中讯邮电咨询设计院有限公司郑州分公司,2021-12-10,63
电源检测,中讯邮电咨询设计院有限公司郑州分公司,2021-12-10,62
配电工程师,中讯邮电咨询设计院有限公司郑州分公司,2021-12-10,60
智能化工程售前工程师,中讯邮电咨询设计院有限公司郑州分公司,2021-12-10,65
云网解决方案,中讯邮电咨询设计院有限公司郑州分公司,2021-12-10,63
电子工程师,中讯邮电咨询设计院有限公司郑州分公司,2021-12-10,69
专业技术工程师,青岛海尔特种电冰柜有限公司,2021-12-10,62
软件工程师,浙江正元智慧科技股份有限公司,2021-12-10,53
大数据工程师,浙江正元智慧科技股份有限公司,2021-12-10,52
产品助理,浙江正元智慧科技股份有限公司,2021-12-10,62
技术支持工程师,浙江正元智慧科技股份有限公司,2021-12-10,53
测试开发工程师,广州文远知行科技有限公司,2021-12-10,54
软件开发工程师-操作系统开发工程师,广州文远知行科技有限公司,2021-12-10,58
信息化工程师,中建路桥集团有限公司,2021-12-09,95
电子/电器工艺/制程工程师,阳信长威电子有限公司,2021-12-09,61
产品设计类,阳信长威电子有限公司,2021-12-09,66
客户服务工程师,阳信长威电子有限公司,2021-12-09,62
研发设计员,武汉航空仪表有限责任公司,2021-12-09,95
投融资项目经理；法务经理；行政经理,深圳市中小微企业投资管理有限公司,2021-12-09,64
品质管理工程师,阳信长威电子有限公司,2021-12-09,67
供应商管理专员,阳信长威电子有限公司,2021-12-09,62
信息自动化,阳信长威电子有限公司,2021-12-09,65
软件开发工程师,阳信长威电子有限公司,2021-12-09,62
电子工程师,阳信长威电子有限公司,2021-12-09,62
机械设备工程师,阳信长威电子有限公司,2021-12-09,67
环境安全工程师,阳信长威电子有限公司,2021-12-09,60
电气工程师,宁波天波港联电子有限公司,2021-12-09,58
生产培训生,内蒙古伊利实业集团股份有限公司郑州第一分公司,2021-12-09,64
机械工程师,宁波天波港联电子有限公司,2021-12-09,56
工艺工程师,宁波天波港联电子有限公司,2021-12-09,56
研发设计工程师,宁波天波港联电子有限公司,2021-12-09,54
税务助理,山东百丞税务服务股份有限公司,2021-12-09,85
集控运行/检修,芜湖发电有限责任公司,2021-12-09,43
工程师,西安公路研究院南京院,2021-12-08,65
软件工程师,紫光数码（苏州）集团有限公司,2021-12-08,76
管培生,紫光数码（苏州）集团有限公司,2021-12-08,85
解决方案测试工程师,天音通信有限公司,2021-12-08,106
UX设计与研究,天音通信有限公司,2021-12-08,98
硬件测试,天音通信有限公司,2021-12-08,96
单板硬件开发,天音通信有限公司,2021-12-08,94
自如集团2022管培生招聘,北京自如生活企业管理有限公司,2021-12-08,59
（世界500强）物产中大2022届校园招聘,浙江物产金属集团有限公司,2021-12-08,58
有机合成研究员,上海美迪西生物医药股份有限公司,2021-12-08,51
电机驱动助理工程师,北京大豪科技股份有限公司,2021-12-08,57
主控助理工程师（嵌入式）,北京大豪科技股份有限公司,2021-12-08,51
硬件开发助理工程师,北京大豪科技股份有限公司,2021-12-08,56
测试工程师,北京大豪科技股份有限公司,2021-12-08,52
电机驱动软件开发工程师,北京大豪科技股份有限公司,2021-12-08,55
主控开发工程师（嵌入式）,北京大豪科技股份有限公司,2021-12-08,53
硬件开发工程师,北京大豪科技股份有限公司,2021-12-08,58
产品质量管理工程师,北京大豪科技股份有限公司,2021-12-08,56
技术支持工程师,北京大豪科技股份有限公司,2021-12-08,58
工程师助理,东莞市盛雄激光先进装备股份有限公司,2021-12-07,63
人事助理,东莞市盛雄激光先进装备股份有限公司,2021-12-07,58
采购助理,东莞市盛雄激光先进装备股份有限公司,2021-12-07,78
电气工程师,东莞市盛雄激光先进装备股份有限公司,2021-12-07,60
机械工程师,东莞市盛雄激光先进装备股份有限公司,2021-12-07,65
layout 工程师,深圳麦科信仪器有限公司,2021-12-07,57
工艺研发工程师,东莞市盛雄激光先进装备股份有限公司,2021-12-07,52
软件工程师,东莞市盛雄激光先进装备股份有限公司,2021-12-07,57
光学研发工程师,东莞市盛雄激光先进装备股份有限公司,2021-12-07,54
专利工程师（理工科零起点培训）,北京同达信恒知识产权代理有限公司,2021-12-07,67
人力资源类,牧原食品股份有限公司,2021-12-07,91
供应链,牧原食品股份有限公司,2021-12-07,91
机械工程师,牧原食品股份有限公司,2021-12-07,95
通信工程师,牧原食品股份有限公司,2021-12-07,88
大数据开发工程师,牧原食品股份有限公司,2021-12-07,86
软件开发类,牧原食品股份有限公司,2021-12-07,80
算法工程师,牧原食品股份有限公司,2021-12-07,76
销售,牧原食品股份有限公司,2021-12-07,79
高中各学科教师,保定东方双语学校,2021-12-07,56
爱玛科技集团2022届校招,爱玛科技集团股份有限公司,2021-12-07,53
营销策划,东莞市盛雄激光先进装备股份有限公司,2021-12-07,47
售后助理,东莞市盛雄激光先进装备股份有限公司,2021-12-07,50
业务助理,东莞市盛雄激光先进装备股份有限公司,2021-12-07,70
设备装调工程师,东莞市盛雄激光先进装备股份有限公司,2021-12-07,56
交付工艺工程师,东莞市盛雄激光先进装备股份有限公司,2021-12-07,50
设计研发岗,沈阳兴华航空电器有限责任公司,2021-12-07,48
关于2022年度湖南省国资委“英培计划”人才选拔公告,湖南省人民政府国有资产监督管理委员会,2021-12-07,93
软件工程师,上海创远仪器技术股份有限公司,2021-12-06,89
FPGA开发工程师,西安中唐测控技术有限责任公司,2021-12-06,75
互联网医院董事长助理,宜善医疗产业管理集团股份有限公司,2021-12-06,70
渠道拓展专员,宜善医疗产业管理集团股份有限公司,2021-12-06,53
产品运营,宜善医疗产业管理集团股份有限公司,2021-12-06,62
软件工程师,西安中唐测控技术有限责任公司,2021-12-06,69
产品经理,宜善医疗产业管理集团股份有限公司,2021-12-06,59
新媒体运营,宜善医疗产业管理集团股份有限公司,2021-12-06,54
工程项目管理与采购助理,宜善医疗产业管理集团股份有限公司,2021-12-06,57
业务咨询师,日铁软件（上海）有限公司,2021-12-06,97
系统工程师,日铁软件（上海）有限公司,2021-12-06,57
结构/土建工程师,广州杰赛科技股份有限公司,2021-12-06,69
信息化设计工程师,广州杰赛科技股份有限公司,2021-12-06,47
通信设计工程师,广州杰赛科技股份有限公司,2021-12-06,50
解决方案工程师,广州杰赛科技股份有限公司,2021-12-06,49
教师岗管培生,合肥方了个田教育科技有限责任公司,2021-12-06,52
密码学,华控清交信息科技（北京）有限公司,2021-12-06,56
各学科教师,保定东方双语学校,2021-12-06,46
猎头顾问助理,上海优克锡企业管理顾问有限公司,2021-12-06,47
机械/电气工程师,酒泉钢铁（集团）有限责任公司,2021-12-06,49
管理培训生,上海优克锡企业管理顾问有限公司,2021-12-06,56
人力资源顾问,上海优克锡企业管理顾问有限公司,2021-12-06,50
ASIC研发工程师,苏州雄立科技有限公司,2021-12-06,55
软件工程师（开发岗）,苏州雄立科技有限公司,2021-12-06,48
软件工程师（测试岗）,苏州雄立科技有限公司,2021-12-06,47
硬件工程师,苏州雄立科技有限公司,2021-12-06,58
科研助理,苏州雄立科技有限公司,2021-12-06,51
驻外技术支持工程师/技术方案工程师,厦门立林科技有限公司,2021-12-06,40
工业设计师,厦门立林科技有限公司,2021-12-06,41
外贸销售工程师,厦门立林科技有限公司,2021-12-06,40
驻外销售工程师,厦门立林科技有限公司,2021-12-06,42
嵌入式软件开发工程师,厦门立林科技有限公司,2021-12-06,42
后端java开发工程师,厦门立林科技有限公司,2021-12-06,40
硬件开发工程师,厦门立林科技有限公司,2021-12-06,42
产品开发工程师,厦门立林科技有限公司,2021-12-06,61
结构工程师,厦门立林科技有限公司,2021-12-06,40
测试开发工程师,厦门立林科技有限公司,2021-12-06,41
软件测试工程师,厦门立林科技有限公司,2021-12-06,40
质量工程师,厦门立林科技有限公司,2021-12-06,40
教员,中国人民解放军火箭军工程大学,2021-12-03,144
ID与UX设计师,天音通信有限公司,2021-12-03,102
结构与材料工程师,天音通信有限公司,2021-12-03,89
产品研发工程师,北京航天赛德科技发展有限公司涿州分公司,2021-12-03,53
信号算法工程师,深圳麦科田生物医疗技术股份有限公司,2021-12-03,66
硬件工程师,深圳麦科信仪器有限公司,2021-12-03,49
控制算法工程师,深圳麦科田生物医疗技术股份有限公司,2021-12-03,65
机械工程师,深圳麦科田生物医疗技术股份有限公司,2021-12-03,61
硬件工程师,深圳麦科田生物医疗技术股份有限公司,2021-12-03,58
系统工程师,深圳麦科田生物医疗技术股份有限公司,2021-12-03,60
气路工程师,深圳麦科田生物医疗技术股份有限公司,2021-12-03,50
嵌入式软件开发工程师-产品研发中心,卡斯柯信号有限公司北京分公司,2021-12-02,75
系统设计工程师,卡斯柯信号有限公司北京分公司,2021-12-02,61
 蛋白纯化研究员,嘉兴维亚生物科技有限公司,2021-12-02,48
分子克隆,嘉兴维亚生物科技有限公司,2021-12-02,49
软件测试工程师,卡斯柯信号有限公司北京分公司,2021-12-02,60
质量检验员,卡斯柯信号有限公司北京分公司,2021-12-02,56
助理研究员（算法）,上海爱数信息技术股份有限公司,2021-12-02,71
管理培训生,萝卜太辣（北京）科技有限公司西安分公司,2021-12-02,83
细胞培养研究员,嘉兴维亚生物科技有限公司,2021-12-02,45
有机合成研究员,嘉兴维亚生物科技有限公司,2021-12-02,44
研发工程师,格力钛新能源股份有限公司,2021-12-02,51
材料工程师,格力钛新能源股份有限公司,2021-12-02,47
 技术工程师（电芯）,格力钛新能源股份有限公司,2021-12-02,51
技术支持工程师（pack),格力钛新能源股份有限公司,2021-12-02,46
工艺工程师,格力钛新能源股份有限公司,2021-12-02,51
设备技术工程师,格力钛新能源股份有限公司,2021-12-02,52
电气工程师,格力钛新能源股份有限公司,2021-12-02,48
结构工程师,格力钛新能源股份有限公司,2021-12-02,51
软件工程师,格力钛新能源股份有限公司,2021-12-02,48
硬件工程师,格力钛新能源股份有限公司,2021-12-02,49
工业设计工程师,格力钛新能源股份有限公司,2021-12-02,50
JAVA开发工程师,中大检测（湖南）股份有限公司,2021-12-02,85
整车电控工程师,格力钛新能源股份有限公司,2021-12-02,44
算法工程师,中大检测（湖南）股份有限公司,2021-12-02,102
Web前端开发工程师,中大检测（湖南）股份有限公司,2021-12-02,80
机械设计工程师,洛阳德平科技股份有限公司,2021-12-02,43
仿真工程师,格力钛新能源股份有限公司,2021-12-02,53
测试工程师,中大检测（湖南）股份有限公司,2021-12-02,83
电气研发工程师,洛阳德平科技股份有限公司,2021-12-02,45
Python开发工程师,中大检测（湖南）股份有限公司,2021-12-02,80
物联网开发工程师,中大检测（湖南）股份有限公司,2021-12-02,78
嵌入式软件硬件工程师,洛阳德平科技股份有限公司,2021-12-02,43
嵌入式软件工程师,中大检测（湖南）股份有限公司,2021-12-02,71
硬件工程师,中大检测（湖南）股份有限公司,2021-12-02,72
工业设计师,格力钛新能源股份有限公司,2021-12-02,41
技术工程师,格力钛新能源股份有限公司,2021-12-02,51
电池储能销售,格力钛新能源股份有限公司,2021-12-02,42
群团工作岗,陕西航天龙腾汽车服务有限公司,2021-12-02,45
安全研究实习生（iast/sast漏洞检测方向）,杭州默安科技有限公司,2021-12-02,61
安全研究实习生（主机安全方向）,杭州默安科技有限公司,2021-12-02,52
软件开发实习生,罗克韦尔自动化软件（大连）有限公司,2021-12-02,45
Java开发工程师,西安绿点信息科技有限公司,2021-12-02,49
软件测试实习生,罗克韦尔自动化软件（大连）有限公司,2021-12-02,46
电源设计师,海华电子企业（中国）有限公司,2021-12-02,43
安全服务实习生,杭州默安科技有限公司,2021-12-02,57
技术支持实习生,杭州默安科技有限公司,2021-12-02,76
安全研究实习生（容器安全方向）,杭州默安科技有限公司,2021-12-02,47
测试工程师,西安绿点信息科技有限公司,2021-12-02,52
H5开发工程师,西安绿点信息科技有限公司,2021-12-02,48
攻防研究实习生,杭州默安科技有限公司,2021-12-02,55
安全研究实习生（漏扫方向）,杭州默安科技有限公司,2021-12-02,50
安全研究实习生（欺骗防御方向）,杭州默安科技有限公司,2021-12-02,56
易航智能—供应链管理专员,北京易航远智科技有限公司,2021-12-02,44
Android开发工程师,西安绿点信息科技有限公司,2021-12-02,51
重庆三峡职业学院2021年下半年公开招聘在编博士、硕士研究生人才招聘简章,北京磐石活水信息科技有限公司,2021-12-02,57
应用科学家实习生,亚马逊（中国）投资有限公司,2021-12-01,55
软件开发实习生,亚马逊（中国）投资有限公司,2021-12-01,62
后端开发工程师,畅捷通信息技术股份有限公司,2021-12-01,47
后端开发工程师,畅捷通信息技术股份有限公司,2021-12-01,47
抗体药设计算法工程师,上海数因信科智能科技有限公司,2021-12-01,49
药物研发工程师,上海数因信科智能科技有限公司,2021-12-01,49
机器学习工程师,上海数因信科智能科技有限公司,2021-12-01,47
测试工程师,畅捷通信息技术股份有限公司,2021-12-01,45
自动化机械工程师,深圳市中冀联合技术股份有限公司,2021-12-01,67
单片机/嵌入式软件工程师,深圳市中冀联合技术股份有限公司,2021-12-01,47
销售工程师,深圳市中冀联合技术股份有限公司,2021-12-01,45
电气/机电工程师,深圳市中冀联合技术股份有限公司,2021-12-01,46
外贸助理,深圳市中冀联合技术股份有限公司,2021-12-01,48
外贸业务员,深圳市中冀联合技术股份有限公司,2021-12-01,49
电子商务/网络运营专员,深圳市中冀联合技术股份有限公司,2021-12-01,45
电子商务/网络运营管培生,深圳市中冀联合技术股份有限公司,2021-12-01,49
机械工程师,深圳市中冀联合技术股份有限公司,2021-12-01,54
助理机械工程师,深圳市中冀联合技术股份有限公司,2021-12-01,47
电气工程师,深圳市中冀联合技术股份有限公司,2021-12-01,53
射频工程师,深圳市中冀联合技术股份有限公司,2021-12-01,47
芯片研发/软件研发/硬件研发/软件测试/产品测试/市场营销/技术支持/智能制造/财务管理/供应链类,烽火通信科技股份有限公司,2021-12-01,53
软件开发工程师,中国联合网络通信有限公司智网创新中心,2021-12-01,52
前端开发工程师,畅捷通信息技术股份有限公司,2021-12-01,46
机械设备技术,中油奥博（成都）科技有限公司,2021-12-01,47
生物信息工程师,上海数因信科智能科技有限公司,2021-12-01,49
行政实习生,腾讯云计算（西安）有限责任公司,2021-12-01,64
软件开发实习生 智能硬件团队,亚马逊（中国）投资有限公司,2021-12-01,52
硬件测试工程师,江苏芯云电子科技有限公司,2021-11-30,51
嵌入式软件工程师,江苏芯云电子科技有限公司,2021-11-30,72
数字设计工程师,江苏芯云电子科技有限公司,2021-11-30,52
算法工程师,江苏芯云电子科技有限公司,2021-11-30,51
党群工作岗,陕西航天龙腾汽车服务有限公司,2021-11-30,50
人力资源岗,陕西航天龙腾汽车服务有限公司,2021-11-30,55
产品类,杭州老板电器股份有限公司,2021-11-30,51
研发工程师,上海听脉信息技术有限公司,2021-11-30,98
实施工程师,上海听脉信息技术有限公司,2021-11-30,95
FAE现场应用工程师(工作地点：深圳/上海),智锐科技（成都）有限公司,2021-11-30,52
模拟IC版图设计工程师(工作地点：日本),智锐科技（成都）有限公司,2021-11-30,58
先行研究类,杭州老板电器股份有限公司,2021-11-30,45
生产管理类,杭州老板电器股份有限公司,2021-11-30,53
模拟集成电路设计工程师(工作地点：日本),智锐科技（成都）有限公司,2021-11-30,55
供应链类,杭州老板电器股份有限公司,2021-11-30,49
SoC集成电路逻辑设计工程师(工作地点：日本),智锐科技（成都）有限公司,2021-11-30,47
运维工程师(软件支持方向)工作地点：日本,智锐科技（成都）有限公司,2021-11-30,49
运维工程师(主机方向)工作地点：日本,智锐科技（成都）有限公司,2021-11-30,42
运维工程师(网络方向)工作地点：日本,智锐科技（成都）有限公司,2021-11-30,42
运维工程师(信息安全方向)工作地点：日本,智锐科技（成都）有限公司,2021-11-30,46
图书编辑/期刊编辑/校对/编导/营销销售/财务管理,机械工业信息研究院,2021-11-30,49
超潜管培生（证券研究方向）,锐方（上海）私募基金管理有限公司,2021-11-30,66
研发工程师JAVA,浙江菜鸟传橙网络技术有限公司,2021-11-29,98
大学英语教师,中国消防救援学院,2021-11-29,96
大学数学教师,中国消防救援学院,2021-11-29,98
大学物理教师,中国消防救援学院,2021-11-29,94
计算机基础教师,中国消防救援学院,2021-11-29,95
税务助理,山东百丞税务服务股份有限公司,2021-11-29,51
高级税务助理,山东百丞税务服务股份有限公司,2021-11-29,52
 云帆生-财务管理方向（管培生）,远洋云泰数据服务有限公司,2021-11-29,54
算法工程师,深圳朗呈医疗科技有限公司,2021-11-29,51
三维图形研发工程师,深圳朗呈医疗科技有限公司,2021-11-29,50
计算几何研发工程师,深圳朗呈医疗科技有限公司,2021-11-29,48
图形处理工程师（信号处理方向）,深圳朗呈医疗科技有限公司,2021-11-29,47
助理光学工程师,深圳朗呈医疗科技有限公司,2021-11-29,46
 云帆生-成本管理方向（管培生）,远洋云泰数据服务有限公司,2021-11-29,51
云帆生-技术支持方向（管培生）,远洋云泰数据服务有限公司,2021-11-29,57
 云帆生-投资管理方向（管培生）,远洋云泰数据服务有限公司,2021-11-29,49
 云帆生-人力资源方向（管培生）,远洋云泰数据服务有限公司,2021-11-29,50
电工与电 子技术教师,中国消防救援学院,2021-11-29,91
灭火战术教师,中国消防救援学院,2021-11-29,95
灭火救援指挥教师,中国消防救援学院,2021-11-29,120
消防技术装备教师,中国消防救援学院,2021-11-29,86
火灾监控技术教师,中国消防救援学院,2021-11-29,90
信号与系统教师,中国消防救援学院,2021-11-29,82
自动控制原理教师,中国消防救援学院,2021-11-29,77
地理信息系统教师,中国消防救援学院,2021-11-29,78
淮阴师范学院2021年诚聘高层次人才,淮阴师范学院,2021-11-29,66
高等学校教学科研岗,潍坊科技学院,2021-11-29,59
专任辅导员,承德石油高等专科学校,2021-11-29,49
交易员,西安天勤汇理私募基金管理有限公司,2021-11-29,56
香港科技大学数据建模硕士学位项目（MSc DDM） 12月宣讲会（线上+线下）通知,南京途善久文化传播有限公司,2021-11-28,100
电子工程师,江苏势通生物科技有限公司,2021-11-27,53
软件工程师,陕西群爱生物科技有限公司,2021-11-26,102
游戏行业全岗位序列开放,西安爱斯唯尔信息科技有限公司,2021-11-26,128
扬州市优秀青年人才,中共仪征市委组织部,2021-11-26,114
设计工程师,西安奥尔科航空科技有限公司,2021-11-26,65
电气自动化,山东力山特智能科技股份有限公司,2021-11-26,61
电子信息工程,山东力山特智能科技股份有限公司,2021-11-26,67
硬件设计工程师,西安瑞峰光电技术有限公司,2021-11-26,68
c++开发工程师,北京与之科技有限公司,2021-11-26,69
计算机科学与技术,山东力山特智能科技股份有限公司,2021-11-26,83
软件工程,山东力山特智能科技股份有限公司,2021-11-26,66
电气自动化,山东力山特智能科技股份有限公司,2021-11-26,68
机械设计制造及其自动化,山东力山特智能科技股份有限公司,2021-11-26,74
自动化工程师,山东力山特智能科技股份有限公司,2021-11-26,67
研发设计员,武汉航空仪表有限责任公司,2021-11-26,66
C/C++软件工程师（Linux，嵌入式，单片机，智能应用）,上海广翼智联科技有限公司,2021-11-26,59
北交所业务岗,开源证券股份有限公司,2021-11-26,60
西安工商学院2021年11月招聘公告,西安工商学院,2021-11-26,61
硬件工程师,上海广翼智联科技有限公司,2021-11-26,64
C/C++软件开发助理工程师,深圳市视开智能科技有限责任公司,2021-11-26,69
2022年杭州建德市招引党政储备人才公告,建德市人力资源和社会保障局,2021-11-26,61
FPGA开发工程师,西安瑞峰光电技术有限公司,2021-11-26,66
嵌入式软件工程师,西安瑞峰光电技术有限公司,2021-11-26,63
专利工程师,港专京诚知识产权服务有限公司,2021-11-26,54
计算机、通信类专利代理人助理,北京市创世宏景专利商标代理有限责任公司,2021-11-26,53
软件开发工程师（北京/上海）年薪10-25W,深圳飞音时代网络通讯技术有限公司,2021-11-26,44
软件测试工程师（北京）年薪10-25W,深圳飞音时代网络通讯技术有限公司,2021-11-26,45
研发测试工程师,长沙海格北斗信息技术有限公司,2021-11-25,107
FunPlus趣加技术类急招岗位内推,北京趣加科技有限公司,2021-11-25,62
软件开发工程师,上海吉世代网络科技有限公司,2021-11-25,53
桂林理工大学南宁分校2022年专职学生辅导员招聘启事,北京磐石活水信息科技有限公司,2021-11-25,50
数据安全研究员（隐私计算）,图灵人工智能研究院（南京）有限公司,2021-11-25,83
HANA Core Development Support Engineer,思爱普（中国）有限公司西安分公司,2021-11-25,73
智能算法研究员（图像识别）,图灵人工智能研究院（南京）有限公司,2021-11-25,51
嵌入式软件工程师,长沙海格北斗信息技术有限公司,2021-11-25,96
信号处理工程师,长沙海格北斗信息技术有限公司,2021-11-25,101
高精度算法工程师,长沙海格北斗信息技术有限公司,2021-11-25,100
硬件设计工程师,长沙海格北斗信息技术有限公司,2021-11-25,101
专利工程师（电学、通信、机械、自动化领域）,北京龙双利达知识产权代理有限公司西安分公司,2021-11-25,53
专利工程师（电学、通信、机械、自动化领域）,北京龙双利达知识产权代理有限公司西安分公司,2021-11-25,57
专利工程师（电学、通信、机械、自动化等领域）,北京龙双利达知识产权代理有限公司西安分公司,2021-11-25,51
营销培训生,内蒙古伊利实业集团股份有限公司郑州第一分公司,2021-11-25,52
歌莉娅22届校招管理培训生,广州市格风服饰有限公司,2021-11-25,52
伊利2022年校招-销售培训生（奶粉),内蒙古伊利实业集团股份有限公司兰州第一分公司,2021-11-25,44
系统集成项目经理,重庆信科通信工程有限公司,2021-11-24,98
信号完整性[SI/PI]工程师,强一半导体（苏州）有限公司,2021-11-24,152
MEMS工艺研发工程师,强一半导体（苏州）有限公司,2021-11-24,157
MLC/MLO材料研发科学家,强一半导体（苏州）有限公司,2021-11-24,169
MEMS结构设计工程师,强一半导体（苏州）有限公司,2021-11-24,156
FPGA工程师,深圳市国立智能电力科技有限公司,2021-11-24,75
软件研发工程师,中国电子口岸数据中心,2021-11-24,46
RF MEMS仿真设计工程师,强一半导体（苏州）有限公司,2021-11-24,156
MEMS工艺研发工程师,强一半导体（苏州）有限公司,2021-11-24,137
研发管理培训生,京东方科技集团股份有限公司,2021-11-24,53
软件工程师,北京星际导控科技有限责任公司,2021-11-24,91
总体工程师,北京星际导控科技有限责任公司,2021-11-24,85
算法工程师,北京星际导控科技有限责任公司,2021-11-24,93
销售工程师,北京星际导控科技有限责任公司,2021-11-24,88
嵌入式软件工程师,深圳市国立智能电力科技有限公司,2021-11-24,58
工程技术类,深圳市国立智能电力科技有限公司,2021-11-24,46
技术型销售,深圳市国立智能电力科技有限公司,2021-11-24,49
市场策划,深圳市国立智能电力科技有限公司,2021-11-24,51
教师岗,新余学院,2021-11-24,57
生产装配调试类,深圳市国立智能电力科技有限公司,2021-11-24,53
工艺/客服/质量/设备/设计工程师,江苏长电科技股份有限公司,2021-11-24,53
Power Management IC Design Engineer,联发科技（合肥）有限公司,2021-11-24,48
软件开发工程师（后端）,益佳医（西安）软件技术有限公司,2021-11-24,52
河南科技大学诚聘优秀人才,河南科技大学,2021-11-24,49
算法与数据科学方向,华控清交信息科技（北京）有限公司,2021-11-24,55
培训生,中信证券（山东）有限责任公司淄博柳泉路证券营业部,2021-11-23,69
重庆电力高等专科学校,重庆电力高等专科学校,2021-11-23,63
储备技术员,山西晋钢智造科技实业有限公司,2021-11-23,60
专利代理人助理,北京市创世宏景专利商标代理有限责任公司,2021-11-23,50
市场策划专员,安徽江汽物流有限公司,2021-11-23,53
专利流程专员兼行政助理,北京市创世宏景专利商标代理有限责任公司,2021-11-23,51
智慧物流工程师,安徽江汽物流有限公司,2021-11-23,52
供应链管理专员,安徽江汽物流有限公司,2021-11-23,50
运营管理专员,安徽江汽物流有限公司,2021-11-23,52
销售经理/大客户经理,上海轩田工业设备有限公司,2021-11-23,55
软件开发工程师,上海轩田工业设备有限公司,2021-11-23,53
软件开发工程师,上海轩田工业设备有限公司,2021-11-23,60
机械工程师,上海轩田工业设备有限公司,2021-11-23,58
管培生（市场营销方向）,鑫方盛控股集团有限公司,2021-11-23,46
管培生（商品采购方向）,鑫方盛控股集团有限公司,2021-11-23,47
电气工程师,上海轩田工业设备有限公司,2021-11-23,57
超潜管培生（证券研究方向）,锐方（上海）私募基金管理有限公司,2021-11-23,78
投资分析岗,宁波国君源泓投资管理有限公司,2021-11-23,57
投资经理,宁波国君源泓投资管理有限公司,2021-11-23,48
电子电路工程师,厦门乃尔电子有限公司,2021-11-23,42
算法工程师,深圳市国立智能电力科技有限公司,2021-11-23,44
储备干部,厦门乃尔电子有限公司,2021-11-23,43
电子电路工程师,厦门乃尔电子有限公司,2021-11-23,45
销售经理,厦门乃尔电子有限公司,2021-11-23,44
嵌入式硬件工程师,厦门乃尔电子有限公司,2021-11-23,42
Android开发工程师（MJ002632）,深圳市掌锐电子有限公司,2021-11-23,67
电子工程师,深圳市掌锐电子有限公司,2021-11-23,65
教师岗,洛阳职业技术学院,2021-11-23,42
FPGA开发工程师,厦门乃尔电子有限公司,2021-11-23,44
嵌入式软件工程师,厦门乃尔电子有限公司,2021-11-23,40
IC验证工程师,上海道生物联技术有限公司,2021-11-22,51
初级嵌入式工程师,上海道生物联技术有限公司,2021-11-22,51
FAE工程师,上海道生物联技术有限公司,2021-11-22,47
射频工程师,上海道生物联技术有限公司,2021-11-22,53
算法工程师,中科特思信息技术（深圳）有限公司,2021-11-22,55
GLOBAL YOUNG TALENTS,上海交通大学,2021-11-22,51
硬件工程师,中科特思信息技术（深圳）有限公司,2021-11-22,61
嵌入式工程师,中科特思信息技术（深圳）有限公司,2021-11-22,50
大数据开发工程师,河南校信通教育科技有限公司,2021-11-22,57
专任辅导员,承德石油高等专科学校,2021-11-22,87
JAVA开发工程师,河南校信通教育科技有限公司,2021-11-22,53
教育产品研发（文科：含语文、英语）,河南校信通教育科技有限公司,2021-11-22,54
嵌入式工程师,中科特思信息技术（深圳）有限公司,2021-11-22,48
Java开发工程师,上海广为电器集团有限公司,2021-11-22,74
客户端开发工程师,河南校信通教育科技有限公司,2021-11-22,50
网络安全工程师,河南校信通教育科技有限公司,2021-11-22,55
教育产品研发（理科：含数学、物理、化学）,河南校信通教育科技有限公司,2021-11-22,54
光学元器件研发工程师,湖南戴斯光电有限公司,2021-11-22,42
自动化设备研发工程师,湖南戴斯光电有限公司,2021-11-22,47
业务员,湖南戴斯光电有限公司,2021-11-22,43
开发工程师,北京中科泛华测控技术有限公司,2021-11-22,46
研发序列/营销序列/技术序列,烟台东方威思顿电气有限公司,2021-11-22,62
校内实习生,西安联易共享信息科技有限公司,2021-11-22,47
光学工程师,惠州市星聚宇光学有限公司,2021-11-22,49
项目工程师,惠州市星聚宇光学有限公司,2021-11-22,52
光学与工艺工程师,惠州市星聚宇光学有限公司,2021-11-22,49
新媒体文案,陕西巨量星图教育科技有限公司,2021-11-22,97
	短视频剪辑,陕西巨量星图教育科技有限公司,2021-11-22,97
新媒体运营,陕西巨量星图教育科技有限公司,2021-11-22,107
流量投手,陕西巨量星图教育科技有限公司,2021-11-22,120
课程顾问,陕西巨量星图教育科技有限公司,2021-11-22,103
销售工程师,上海道生物联技术有限公司,2021-11-22,41
研发工程师,上海心玮医疗科技股份有限公司,2021-11-21,38
电子工程师,上海心玮医疗科技股份有限公司,2021-11-21,40
硬件工程师,上海心玮医疗科技股份有限公司,2021-11-21,40
Linux系统开发工程师,上海心玮医疗科技股份有限公司,2021-11-21,37
软件工程师（图像）,上海心玮医疗科技股份有限公司,2021-11-21,39
注册工程师,上海心玮医疗科技股份有限公司,2021-11-21,37
质量工程师,上海心玮医疗科技股份有限公司,2021-11-21,39
生化测试工程师（化学）,上海心玮医疗科技股份有限公司,2021-11-21,36
生化测试工程师（微生物）,上海心玮医疗科技股份有限公司,2021-11-21,37
SQE工程师,上海心玮医疗科技股份有限公司,2021-11-21,37
工艺工程师,上海心玮医疗科技股份有限公司,2021-11-21,36
设备工程师,上海心玮医疗科技股份有限公司,2021-11-21,37
市场专员,上海心玮医疗科技股份有限公司,2021-11-21,35
FPGA工程师,上海心玮医疗科技股份有限公司,2021-11-21,60
工程管理岗,中建方圆华东城市开发建设有限公司,2021-11-21,54
信息化岗,中建方圆华东城市开发建设有限公司,2021-11-21,73
人力资源岗,中建方圆华东城市开发建设有限公司,2021-11-21,61
投融资管理岗,中建方圆华东城市开发建设有限公司,2021-11-21,52
行政管理岗,中建方圆华东城市开发建设有限公司,2021-11-21,53
香港科技大学工学院理学硕士环境工程学及管理(MSc EVEM)2022Fall宣讲会(线上),南京途善久文化传播有限公司,2021-11-21,104
香港科技大学工学院理学硕士土木基建工程及管理(MSc CIEM)2022Fall宣讲会(线上),南京途善久文化传播有限公司,2021-11-21,93
嵌入式开发工程师  (C/C++ ),深圳市掌锐电子有限公司,2021-11-20,122
研发工程师（程序/电气）,广东利元亨智能装备股份有限公司,2021-11-20,43
机械管培生,广东利元亨智能装备股份有限公司,2021-11-20,40
重庆文理学院面向海内外公开招聘二级学院院长公告,北京磐石活水信息科技有限公司,2021-11-20,47
研发工程师（嵌入式硬件）,广东利元亨智能装备股份有限公司,2021-11-20,42
研发工程师（嵌入式软件）,广东利元亨智能装备股份有限公司,2021-11-20,42
研发工程师（嵌入式驱动）,广东利元亨智能装备股份有限公司,2021-11-20,40
研发工程师（机器人方案）,广东利元亨智能装备股份有限公司,2021-11-20,40
程序管培生,广东利元亨智能装备股份有限公司,2021-11-20,39
电气管培生,广东利元亨智能装备股份有限公司,2021-11-20,41
激光管培生,广东利元亨智能装备股份有限公司,2021-11-20,42
视觉管培生,广东利元亨智能装备股份有限公司,2021-11-20,41
软件管培生,广东利元亨智能装备股份有限公司,2021-11-20,41
研发质量管培生,广东利元亨智能装备股份有限公司,2021-11-20,39
项目管培生,广东利元亨智能装备股份有限公司,2021-11-20,43
人力资源管培生,广东利元亨智能装备股份有限公司,2021-11-20,40
行政管培生,广东利元亨智能装备股份有限公司,2021-11-20,73
标准化工程师,广东利元亨智能装备股份有限公司,2021-11-20,38
产品管培生,广东利元亨智能装备股份有限公司,2021-11-20,41
大唐电信科技股份有限公司2022应届生招聘,大唐电信科技股份有限公司,2021-11-20,50
临床工程师,西安大医集团有限公司,2021-11-19,64
硬件开发工程师,北京蓝拓扑科技股份有限公司,2021-11-19,55
FPGA开发工程师,北京蓝拓扑科技股份有限公司,2021-11-19,61
嵌入式软件开发工程师,北京蓝拓扑科技股份有限公司,2021-11-19,55
香港科技大学工学院理学硕士（MSc）综合场线上招生宣讲会,南京途善久文化传播有限公司,2021-11-19,112
电气工程师,国家管网集团西部管道有限责任公司,2021-11-19,114
自动化工程师,国家管网集团西部管道有限责任公司,2021-11-19,110
马克思主义教学部,茅台学院,2021-11-19,57
酿酒工程自动化系,茅台学院,2021-11-19,68
酿酒工程系,茅台学院,2021-11-19,51
旅游管理系,茅台学院,2021-11-19,43
食品科学与工程,茅台学院,2021-11-19,47
工商管理系,茅台学院,2021-11-19,47
雷达信号处理工程师,中国船舶重工集团南京鹏力科技集团有限公司,2021-11-19,59
谱育科技2022年校园招聘-开发类岗位,杭州谱育科技发展有限公司,2021-11-19,47
电子电气工程师,西安大医集团有限公司,2021-11-19,88
Java软件工程师,中国船舶重工集团南京鹏力科技集团有限公司,2021-11-19,54
超潜管培生（证券研究方向）,锐方（上海）私募基金管理有限公司,2021-11-19,58
2022校园招聘-管培生,大悦城控股集团（浙江）有限公司,2021-11-19,100
算法工程师,西安大医集团有限公司,2021-11-19,57
销售工程师,西安大医集团有限公司,2021-11-19,57
人力资源专员,西安大医集团有限公司,2021-11-19,55
软件测试工程师,西安大医集团有限公司,2021-11-19,66
web前端工程师,西安大医集团有限公司,2021-11-19,55
工程师,国家超级计算深圳中心（深圳云计算中心）,2021-11-19,43
生物研发研究员／生物研发高级研究员,辉源生物科技（上海）有限公司,2021-11-19,104
销售经理,常州市创联电源科技股份有限公司,2021-11-19,102
博士后研究人员,深圳市自然资源和不动产评估发展研究中心（深圳市地质环境监测中心）,2021-11-19,49
算法工程师,弈芯科技（杭州）有限公司,2021-11-19,46
软件开发工程师,弈芯科技（杭州）有限公司,2021-11-19,41
软件测试工程师,弈芯科技（杭州）有限公司,2021-11-19,41
产品应用工程师,弈芯科技（杭州）有限公司,2021-11-19,55
实习生,深圳市自然资源和不动产评估发展研究中心（深圳市地质环境监测中心）,2021-11-19,38
大客户销售管培生（北京）,华控清交信息科技（北京）有限公司,2021-11-19,40
大客户销售管培生（上海）,华控清交信息科技（北京）有限公司,2021-11-19,39
售前解决方案管培生,华控清交信息科技（北京）有限公司,2021-11-19,42
售前解决方案管培生（上海）,华控清交信息科技（北京）有限公司,2021-11-19,58
浙江大学医学院附属第一医院2022年（第一批）招聘公告,浙江大学医学院附属第一医院（浙江省第一医院）,2021-11-19,47
研发技术类,福建和盛高科技产业有限公司,2021-11-18,100
研发工程师,盘星新型合金材料（常州）有限公司,2021-11-18,50
研发助理,盘星新型合金材料（常州）有限公司,2021-11-18,46
技术培训生,盘星新型合金材料（常州）有限公司,2021-11-18,48
销售工程师,盘星新型合金材料（常州）有限公司,2021-11-18,42
结构设计工程师,杭州神林电子有限公司,2021-11-18,38
研发工程师,彤程新材料集团股份有限公司,2021-11-18,45
高级研发工程师,彤程新材料集团股份有限公司,2021-11-18,41
助理研发工程师,彤程新材料集团股份有限公司,2021-11-18,40
高级材料工程师,彤程新材料集团股份有限公司,2021-11-18,43
分析测试工程师,彤程新材料集团股份有限公司,2021-11-18,42
硬件工程师,北京星际导控科技有限责任公司,2021-11-18,123
人工智能算法工程师,龙盈智达（北京）科技有限公司,2021-11-18,51
技术岗,山东电力设备有限公司,2021-11-18,58
技术岗或营销技术支持岗,山东电力设备有限公司,2021-11-18,52
数据挖掘与建模工程师,龙盈智达（北京）科技有限公司,2021-11-18,55
研发工程师,龙盈智达（北京）科技有限公司,2021-11-18,50
风控策略分析师,龙盈智达（北京）科技有限公司,2021-11-18,48
产品经理（金融方向）,龙盈智达（北京）科技有限公司,2021-11-18,84
电气设计,珠海许继电气有限公司,2021-11-18,75
硬件开发,珠海许继电气有限公司,2021-11-18,45
软件开发 （嵌入式方向）,珠海许继电气有限公司,2021-11-18,47
软件开发,珠海许继电气有限公司,2021-11-18,46
技术支持,珠海许继电气有限公司,2021-11-18,60
人工智能算法工程师,龙盈智达（北京）科技有限公司,2021-11-18,42
产品测试,珠海许继电气有限公司,2021-11-18,43
会计,珠海许继电气有限公司,2021-11-18,41
人力资源管理,珠海许继电气有限公司,2021-11-18,42
数据挖掘与建模工程师,龙盈智达（北京）科技有限公司,2021-11-18,39
研发工程师,龙盈智达（北京）科技有限公司,2021-11-18,44
风控策略分析师,龙盈智达（北京）科技有限公司,2021-11-18,42
产品经理（金融方向）,龙盈智达（北京）科技有限公司,2021-11-18,47
测试工程师,龙盈智达（北京）科技有限公司,2021-11-18,45
管培生,龙盈智达（北京）科技有限公司,2021-11-18,41
数字IC工程师,联发科技（合肥）有限公司,2021-11-18,46
设备工程师,英洛华科技股份有限公司,2021-11-18,47
质量工程师,英洛华科技股份有限公司,2021-11-18,42
生产管理岗,英洛华科技股份有限公司,2021-11-18,44
职能管理岗,英洛华科技股份有限公司,2021-11-18,60
项目经理,英洛华科技股份有限公司,2021-11-18,43
供应链管理采购,英洛华科技股份有限公司,2021-11-18,41
生物医学硕博人才,兰州安必奇生物科技有限公司,2021-11-18,41
天线工程师,东莞同济大学研究院,2021-11-18,47
射频工程师,东莞同济大学研究院,2021-11-18,43
雷达系统工程师,东莞同济大学研究院,2021-11-18,49
视觉应用工程师,中国大恒（集团）有限公司北京图像视觉技术分公司,2021-11-18,38
视觉应用工程师,中国大恒（集团）有限公司北京图像视觉技术分公司,2021-11-18,38
视觉开发工程师,中国大恒（集团）有限公司北京图像视觉技术分公司,2021-11-18,41
数据算法工程师,东莞同济大学研究院,2021-11-18,44
技术支持工程师,中国大恒（集团）有限公司北京图像视觉技术分公司,2021-11-18,43
芯片工程师,材料科学姑苏实验室,2021-11-18,48
外延工程师,材料科学姑苏实验室,2021-11-18,43
软件工程师,东莞同济大学研究院,2021-11-18,44
外延研发科学家,材料科学姑苏实验室,2021-11-18,39
管理培训生,华立集团股份有限公司,2021-11-18,79
前端工程师,东莞同济大学研究院,2021-11-18,41
芯片研发科学家,材料科学姑苏实验室,2021-11-18,62
PFGA工程师,东莞同济大学研究院,2021-11-18,44
版图设计工程师（Layout engineer),东莞同济大学研究院,2021-11-18,40
机械研发工程师,杭州久益机械股份有限公司,2021-11-18,39
电气工程师,杭州久益机械股份有限公司,2021-11-18,39
产品工程师（技术支持）,杭州久益机械股份有限公司,2021-11-18,42
编译验证实习生,北极雄芯信息科技（西安）有限公司,2021-11-18,43
设备管理工程师,杭州久益机械股份有限公司,2021-11-18,40
振动噪声测试工程师,杭州久益机械股份有限公司,2021-11-18,36
仿真分析工程师,杭州久益机械股份有限公司,2021-11-18,36
工艺工程师,杭州久益机械股份有限公司,2021-11-18,34
型线设计工程师,杭州久益机械股份有限公司,2021-11-18,35
销售应用工程师,杭州久益机械股份有限公司,2021-11-18,38
管理培训生,杭州久益机械股份有限公司,2021-11-18,37
信息安全开发工程师,航天信息股份有限公司北京智税分公司,2021-11-18,55
硬件工程师,山东新北洋信息技术股份有限公司,2021-11-18,103
热招：IT互联网高端猎头顾问/管培生（欢迎转行，欢迎应届生，北京朝阳门包住）,北京嗨猎咨询有限公司,2021-11-18,46
嵌入式软件工程师,山东新北洋信息技术股份有限公司,2021-11-18,120
算法工程师岗,山东新北洋信息技术股份有限公司,2021-11-18,108
机械设计研发岗1,山东新北洋信息技术股份有限公司,2021-11-18,109
软件工程师（C++）,山东新北洋信息技术股份有限公司,2021-11-18,98
人资专员,山东众阳健康科技集团有限公司,2021-11-18,53
财务专员,山东众阳健康科技集团有限公司,2021-11-18,75
教师,新余学院,2021-11-18,74
售前工程师,山东众阳健康科技集团有限公司,2021-11-18,49
JAVA开发工程师,山东众阳健康科技集团有限公司,2021-11-18,47
前端开发工程师,山东众阳健康科技集团有限公司,2021-11-18,48
【华睿科技】2022届FPGA工程师,浙江华睿科技股份有限公司,2021-11-18,109
【华睿科技】2022届算法优化工程师,浙江华睿科技股份有限公司,2021-11-18,120
【华睿科技】2022届硬件工程师,浙江华睿科技股份有限公司,2021-11-18,115
【华睿科技】2022届C++软件工程师,浙江华睿科技股份有限公司,2021-11-18,120
专任教师,东莞理工学院,2021-11-17,109
市场助理,深圳中正信息科技有限公司,2021-11-17,47
数字前端工程师,上海宇勘科技有限公司,2021-11-17,68
模拟集成电路设计师,上海宇勘科技有限公司,2021-11-17,67
 版图工程师,上海宇勘科技有限公司,2021-11-17,54
营运助理,万达商业管理集团有限公司咸阳分公司,2021-11-17,48
招商助理,万达商业管理集团有限公司咸阳分公司,2021-11-17,46
人力行政助理,万达商业管理集团有限公司咸阳分公司,2021-11-17,53
市场推广助理,万达商业管理集团有限公司咸阳分公司,2021-11-17,47
慧云助理工程师,万达商业管理集团有限公司咸阳分公司,2021-11-17,47
出纳,万达商业管理集团有限公司咸阳分公司,2021-11-17,50
产品项目管理工程师,北京安博通科技股份有限公司,2021-11-17,44
产品项目支持工程师,北京安博通科技股份有限公司,2021-11-17,46
橙星管培生（车物理赔岗）,中国平安财产保验股份有限公司北京分公司,2021-11-17,116
研发工程师,英洛华科技股份有限公司,2021-11-17,47
工艺工程师,英洛华科技股份有限公司,2021-11-17,43
产品工程师,北京安博通科技股份有限公司,2021-11-17,46
产品工程师,北京安博通科技股份有限公司,2021-11-17,48
交付管理工程师,北京安博通科技股份有限公司,2021-11-17,45
行业售前,北京安博通科技股份有限公司,2021-11-17,44
行业售前,北京安博通科技股份有限公司,2021-11-17,44
战略售前,北京安博通科技股份有限公司,2021-11-17,42
电性能设计工程师,东莞同济大学研究院,2021-11-17,39
材料工程师,东莞同济大学研究院,2021-11-17,43
技术员,东莞同济大学研究院,2021-11-17,40
售前测试及招投标工程师,北京安博通科技股份有限公司,2021-11-17,40
售后技术支持工程师,北京安博通科技股份有限公司,2021-11-17,40
售后技术支持工程师,北京安博通科技股份有限公司,2021-11-17,47
应用协议开发与测试工程师,北京安博通科技股份有限公司,2021-11-17,60
C开发工程师,北京安博通科技股份有限公司,2021-11-17,47
C开发工程师,北京安博通科技股份有限公司,2021-11-17,41
陶瓷材料技术工程师,东莞同济大学研究院,2021-11-17,39
天线罩电性能设计工程师,东莞同济大学研究院,2021-11-17,38
技术员,东莞同济大学研究院,2021-11-17,37
测试工程师,北京安博通科技股份有限公司,2021-11-17,46
软件开发工程师,山东山大华天软件有限公司,2021-11-17,50
售前工程师,山东山大华天软件有限公司,2021-11-17,46
实施工程师,山东山大华天软件有限公司,2021-11-17,51
因光而遇，向光而行 | 2022新思科技校园招聘全新启动！,新思科技（武汉）有限公司,2021-11-17,41
结构工程师,东莞同济大学研究院,2021-11-17,41
电控工程师,临工集团济南重机有限公司,2021-11-17,39
橙星管培生（非水险理赔岗）,中国平安财产保验股份有限公司北京分公司,2021-11-17,104
橙星管培生（数据分析岗）,中国平安财产保验股份有限公司北京分公司,2021-11-17,103
结构设计工程师,临工集团济南重机有限公司,2021-11-17,38
IT软件工程师,临工集团济南重机有限公司,2021-11-17,42
电子工程师,江苏势通生物科技有限公司,2021-11-17,44
游戏市场调研实习生,维塔士电脑软件（西安）有限公司,2021-11-16,48
游戏开发工程师（C++）,维塔士电脑软件（西安）有限公司,2021-11-16,54
前后端技术开发,凯捷咨询（中国）有限公司,2021-11-16,48
自动化工程师（20212022届）,衡阳镭目科技有限责任公司,2021-11-16,44
技术销售工程师,荷兰帕沃英蒂格盛有限公司深圳代表处,2021-11-16,47
机械工程师（20212022届）,衡阳镭目科技有限责任公司,2021-11-16,49
嵌入式软件开发工程师,北京万维盈创科技发展有限公司,2021-11-16,67
游戏开发C++实习生,维塔士电脑软件（西安）有限公司,2021-11-16,46
游戏前端开发工程师,竞技世界（北京）网络技术有限公司,2021-11-16,94
⼤数据开发⼯程师,上海吉世代网络科技有限公司,2021-11-16,48
软件工程师（20212022届）,衡阳镭目科技有限责任公司,2021-11-16,46
 后端开发⼯程师（Golang),上海吉世代网络科技有限公司,2021-11-16,47
Java开发工程师,北京万维盈创科技发展有限公司,2021-11-16,45
Android开发工程师,北京万维盈创科技发展有限公司,2021-11-16,43
工艺工程师,北京万维盈创科技发展有限公司,2021-11-16,44
图像算法工程师（20212022届）,衡阳镭目科技有限责任公司,2021-11-16,45
电子工程师（20212022届）,衡阳镭目科技有限责任公司,2021-11-16,42
IT运维工程师,中国贸促会专利商标事务所有限公司,2021-11-16,45
存储软件开发工程师,深圳市泛联信息科技有限公司,2021-11-16,39
网管前台工程师,深圳市泛联信息科技有限公司,2021-11-16,41
网管后台工程师,深圳市泛联信息科技有限公司,2021-11-16,41
软件测试工程师,深圳市泛联信息科技有限公司,2021-11-16,44
销售支持,深圳市泛联信息科技有限公司,2021-11-16,40
研发岗,四川航天川南火工技术有限公司,2021-11-16,39
软件工程师（C++）,爱科微半导体（上海）有限公司,2021-11-16,45
射频IC设计工程师,爱科微半导体（上海）有限公司,2021-11-16,66
 数字设计工程师,爱科微半导体（上海）有限公司,2021-11-16,41
现场应用工程师（FAE）,爱科微半导体（上海）有限公司,2021-11-16,63
工程技术岗,中航西安飞机工业集团股份有限公司,2021-11-15,134
机械工程师,中国能源建设集团浙江火电建设有限公司,2021-11-15,58
电气工程师,中国能源建设集团浙江火电建设有限公司,2021-11-15,56
大宗商品trader,陕西陕煤供应链管理有限公司,2021-11-15,63
大宗商品trader,陕西陕煤供应链管理有限公司,2021-11-15,67
大宗商品trader,陕西陕煤供应链管理有限公司,2021-11-15,54
大宗商品trader,陕西陕煤供应链管理有限公司,2021-11-15,67
大宗商品trader,陕西陕煤供应链管理有限公司,2021-11-15,69
销售工程师,泰晶科技股份有限公司,2021-11-15,53
FAE工程师,泰晶科技股份有限公司,2021-11-15,50
行政管理储备干部,泰晶科技股份有限公司,2021-11-15,52
管理培训生,泰晶科技股份有限公司,2021-11-15,55
研发工程师,泰晶科技股份有限公司,2021-11-15,57
市场策划工程师,泰晶科技股份有限公司,2021-11-15,54
硬件工程师,江苏御创科技有限公司,2021-11-15,64
研发序列/营销序列/技术序列,烟台东方威思顿电气有限公司,2021-11-15,62
研发工程师（物理专业）,青岛智腾微电子有限公司,2021-11-15,56
研发工程师（数学专业）,青岛智腾微电子有限公司,2021-11-15,54
嵌入式开发工程师,深圳市中图仪器股份有限公司,2021-11-15,55
美丽中国支教项目2022级支教老师,北京立德未来助学公益基金会,2021-11-15,68
软件工程师 （C/C++）,邦彦技术股份有限公司,2021-11-15,67
软件工程师 （linux应用/驱动）,邦彦技术股份有限公司,2021-11-15,42
硬件工程师,邦彦技术股份有限公司,2021-11-15,39
企业管理专职,中国能源建设集团浙江火电建设有限公司,2021-11-15,57
攀枝花学院2021年高层次人才招聘简章,北京磐石活水信息科技有限公司,2021-11-15,51
中建四局2022届“善建者”校园招聘,中建四局土木工程有限公司,2021-11-15,43
FPGA工程师,邦彦技术股份有限公司,2021-11-15,45
测试工程师,邦彦技术股份有限公司,2021-11-15,42
技术支持工程师,邦彦技术股份有限公司,2021-11-15,37
前沿技术研究岗 (含通信技术相关算法方向),邦彦技术股份有限公司,2021-11-15,36
C++软件工程师,深圳市中图仪器股份有限公司,2021-11-15,50
电子电气认证事业部 销售工程师,深圳市北测检测技术有限公司,2021-11-15,38
汽车检测事业部  销售工程师,深圳市北测检测技术有限公司,2021-11-15,39
电子电气检测事业部 销售工程师,深圳市北测检测技术有限公司,2021-11-15,37
部门助理/认证助理/文员,深圳市北测检测技术有限公司,2021-11-15,54
品质/工艺工程师,泰晶科技股份有限公司,2021-11-15,59
生产管理储备干部,泰晶科技股份有限公司,2021-11-15,58
创新业务支撑,中国联合网络通信有限公司商洛市分公司,2021-11-15,50
管培生,西安和硕物流科技有限公司,2021-11-15,39
光学工程师,嘉贺恒德科技有限责任公司,2021-11-15,65
1.	研究院，研究员,深圳市北测检测技术有限公司,2021-11-15,43
2.	研究院，科研助理,深圳市北测检测技术有限公司,2021-11-15,37
3.	电气/电磁兼容/射频测试/安规测试工程师,深圳市北测检测技术有限公司,2021-11-15,47
嵌入式软件工程师,北京金朋达航空科技有限公司,2021-11-15,43
理化测试工程师,深圳市北测检测技术有限公司,2021-11-15,45
可靠性测试工程师/项目工程师,深圳市北测检测技术有限公司,2021-11-15,39
材料分析工程师,深圳市北测检测技术有限公司,2021-11-15,40
技术支持工程师/项目工程师,深圳市北测检测技术有限公司,2021-11-15,40
管理培训生,深圳市北测检测技术有限公司,2021-11-15,38
硬件研发工程师,河北工大科雅能源科技股份有限公司,2021-11-14,40
自控研发工程师,河北工大科雅能源科技股份有限公司,2021-11-14,43
大数据开发工程师,河北工大科雅能源科技股份有限公司,2021-11-14,42
营销管培生,河北工大科雅能源科技股份有限公司,2021-11-14,49
软件研发岗,河北工大科雅能源科技股份有限公司,2021-11-14,45
技术支持（运维）,河北工大科雅能源科技股份有限公司,2021-11-14,45
专业技术岗,国家石油天然气管网集团有限公司西气东输分公司,2021-11-13,98
专业技术岗,国家石油天然气管网集团有限公司西气东输分公司,2021-11-13,89
软件开发类,建信金融科技有限责任公司,2021-11-13,107
国贸（整机）,安徽合力工业车辆进出口有限公司,2021-11-12,49
国贸（配件、技术服务）,安徽合力工业车辆进出口有限公司,2021-11-12,59
单证员（信保）,安徽合力工业车辆进出口有限公司,2021-11-12,55
计划员,安徽合力工业车辆进出口有限公司,2021-11-12,51
射频模拟IC设计工程师,深圳锐越微技术有限公司,2021-11-12,58
软件开发,中油奥博（成都）科技有限公司,2021-11-12,50
仪器研发,中油奥博（成都）科技有限公司,2021-11-12,46
网络工程师,中油奥博（成都）科技有限公司,2021-11-12,45
java工程师,北京恒华伟业科技股份有限公司,2021-11-12,45
需求分析师,北京恒华伟业科技股份有限公司,2021-11-12,44
硬件研发工程师,西安兴汇电力科技有限公司,2021-11-12,59
嵌入式软件研发工程师,西安兴汇电力科技有限公司,2021-11-12,52
软件工程师,医软信息科技（上海）有限公司,2021-11-12,57
数字后端设计工程师,深圳锐越微技术有限公司,2021-11-12,57
雷达信号处理工程师,深圳锐越微技术有限公司,2021-11-12,59
射频硬件与天线工程师,深圳锐越微技术有限公司,2021-11-12,53
上汽通用汽车-新能源体验店销售类储备生招聘简章,上汽通用汽车有限公司,2021-11-12,69
浙江捷昌线性驱动科技股份有限公司招聘简章,浙江捷昌线性驱动科技股份有限公司,2021-11-12,52
算法工程师,医软信息科技（上海）有限公司,2021-11-12,77
机械结构工程师,医软信息科技（上海）有限公司,2021-11-12,65
前端软件工程师,医软信息科技（上海）有限公司,2021-11-12,39
江西软件职业技术大学2021年行政管理及辅导员招聘公告,北京磐石活水信息科技有限公司,2021-11-12,41
江西软件职业技术大学2021年专任教师招聘公告,北京磐石活水信息科技有限公司,2021-11-12,42
IC测试开发工程师,无锡中微腾芯电子有限公司,2021-11-12,58
IC应用验证工程师,无锡中微腾芯电子有限公司,2021-11-12,61
硬件开发工程师,无锡中微腾芯电子有限公司,2021-11-12,56
检验工程师,无锡中微腾芯电子有限公司,2021-11-12,70
试验工程师,无锡中微腾芯电子有限公司,2021-11-12,50
产品工程师,无锡中微腾芯电子有限公司,2021-11-12,45
设备维护工程师,无锡中微腾芯电子有限公司,2021-11-12,57
研发设计工程师,福建南方路面机械股份有限公司,2021-11-11,43
战略管理/供应链管理/营销管理/人力资源管理,西安中蓝金冷化工新材料有限公司,2021-11-11,56
电气工程师,北京恒华伟业科技股份有限公司,2021-11-11,56
内审专员,北京恒华伟业科技股份有限公司,2021-11-11,53
生物医学类助理研究员,广州鸿溪见杉科技有限公司,2021-11-11,52
蛋白纯化助理工程师,广州鸿溪见杉科技有限公司,2021-11-11,47
光学类助理工程师,广州鸿溪见杉科技有限公司,2021-11-11,51
机械类助理工程师,广州鸿溪见杉科技有限公司,2021-11-11,47
芯片类助理工程师,广州鸿溪见杉科技有限公司,2021-11-11,49
软件类助理工程师,广州鸿溪见杉科技有限公司,2021-11-11,66
营销经理,北京中指讯博数据信息技术有限公司,2021-11-11,41
后端工程师(深圳）,深圳小库科技有限公司,2021-11-11,50
机械设计工程师,中科微至智能制造科技江苏股份有限公司,2021-11-11,48
电气工程师,中科微至智能制造科技江苏股份有限公司,2021-11-11,46
Field Service Engineer,先晶半导体设备（上海）有限公司,2021-11-11,161
Field Process Engineer,先晶半导体设备（上海）有限公司,2021-11-11,151
后端工程师（深圳-实习）,深圳小库科技有限公司,2021-11-11,47
前端工程师（深圳）,深圳小库科技有限公司,2021-11-11,49
前端工程师（深圳-实习）,深圳小库科技有限公司,2021-11-11,49
全栈工程师（北京）,深圳小库科技有限公司,2021-11-11,49
软件工程师,中科微至智能制造科技江苏股份有限公司,2021-11-11,58
机械设计工程师,普达迪泰（成都）智造研究院有限公司,2021-11-11,37
后端工程师（北京）,深圳小库科技有限公司,2021-11-11,41
后端工程师（北京-实习）,深圳小库科技有限公司,2021-11-11,46
全栈工程师（北京-实习）,深圳小库科技有限公司,2021-11-11,42
视觉应用工程师,普达迪泰（成都）智造研究院有限公司,2021-11-11,37
电气设计工程师,普达迪泰（成都）智造研究院有限公司,2021-11-11,42
技术员/工艺员,金川集团镍盐有限公司,2021-11-11,41
算法工程师（北京）,深圳小库科技有限公司,2021-11-11,40
算法工程师（北京-实习）,深圳小库科技有限公司,2021-11-11,46
机器视觉算法工程师,普达迪泰（成都）智造研究院有限公司,2021-11-11,56
管培生,湖南高阳通联信息技术有限公司,2021-11-11,40
嵌入式系统开发工程师,桂林星空建腾电子科技有限公司,2021-11-10,41
产品工程师,桂林星空建腾电子科技有限公司,2021-11-10,42
外贸业务助理（贸易培训生）,江苏苏美达五金工具有限公司,2021-11-10,43
助理硬件工程师（研发培训生）,江苏苏美达五金工具有限公司,2021-11-10,44
射频工程师,北京宏动科技有限公司,2021-11-10,48
硬件工程师,北京宏动科技有限公司,2021-11-10,50
软件工程师,北京宏动科技有限公司,2021-11-10,51
结构设计工程师,桂林星空建腾电子科技有限公司,2021-11-10,42
助理嵌入式软件工程师（研发培训生）,江苏苏美达五金工具有限公司,2021-11-10,42
结构工程师,北京宏动科技有限公司,2021-11-10,53
工艺工程师,北京宏动科技有限公司,2021-11-10,45
后端开发工程师,上海木蚁机器人科技有限公司,2021-11-10,165
嵌入式软件工程师,广东化一环境科技有限公司,2021-11-10,43
助理算法工程师（研发培训生）,江苏苏美达五金工具有限公司,2021-11-10,40
助理物联网工程师（研发培训生）,江苏苏美达五金工具有限公司,2021-11-10,44
AI/大数据工程师,广东化一环境科技有限公司,2021-11-10,45
现场应用工程师,北京升宇科技有限公司,2021-11-10,37
mcu工程师,广东化一环境科技有限公司,2021-11-10,42
硬件工程师,广东化一环境科技有限公司,2021-11-10,42
Java开发工程师,广东化一环境科技有限公司,2021-11-10,65
web开发工程师,广东化一环境科技有限公司,2021-11-10,38
项目助理,广东化一环境科技有限公司,2021-11-10,46
市场专员,广东化一环境科技有限公司,2021-11-10,37
电源应用工程师,北京升宇科技有限公司,2021-11-10,37
模拟/混合集成电路设计/验证工程师,北京升宇科技有限公司,2021-11-10,40
IC验证工程师,北京升宇科技有限公司,2021-11-10,42
东方航空2022全球校园招聘正式启动,中国东方航空股份有限公司,2021-11-10,47
北京未尔锐创科技有限公司2022届校园招聘,成都未尔科技有限公司,2021-11-10,44
成都中电锦江信息产业有限公司2022年校园招聘,成都中电锦江信息产业有限公司,2021-11-10,46
专业技术员,中国能源建设集团安徽电力建设第二工程有限公司,2021-11-10,38
算法工程师,北京度量科技有限公司,2021-11-10,42
FPGA逻辑工程师,北京度量科技有限公司,2021-11-10,48
硬件工程师,北京度量科技有限公司,2021-11-10,43
硬件测试工程师,北京度量科技有限公司,2021-11-10,42
软件测试工程师,北京度量科技有限公司,2021-11-10,41
应用工程师,北京度量科技有限公司,2021-11-10,40
管培生（数字营销方向）,北京度量科技有限公司,2021-11-10,40
市场专员,北京度量科技有限公司,2021-11-10,59
线上运营,北京度量科技有限公司,2021-11-10,40
管培生（商务方向）,北京度量科技有限公司,2021-11-10,42
研发工程师,北京握奇数据股份有限公司,2021-11-09,46
销售工程师,北京握奇数据股份有限公司,2021-11-09,74
合成研究员,上海予君生物科技发展有限公司,2021-11-09,40
技术支持工程师,北京握奇数据股份有限公司,2021-11-09,43
大学教师,山西工商学院,2021-11-09,47
伊利2022年校招-生产培训生（液态奶）,宁夏伊利乳业有限责任公司,2021-11-09,51
伊利2022年校招-生产专训生（液态奶）,宁夏伊利乳业有限责任公司,2021-11-09,58
北京未尔锐创科技有限公司2022届校园招聘,北京未尔锐创科技有限公司,2021-11-09,45
硬件工程师,上海广为电器集团有限公司,2021-11-09,103
算法工程师,南京瀚讯信息科技有限公司,2021-11-09,46
运营经理（超市/百货/购物中心方向）,天虹数科商业股份有限公司,2021-11-09,56
营销策划经理,天虹数科商业股份有限公司,2021-11-09,47
市场专员,厦门二维进化网络技术有限公司,2021-11-09,41
Java开发工程师,厦门二维进化网络技术有限公司,2021-11-09,42
前端开发工程师,厦门二维进化网络技术有限公司,2021-11-09,41
ios开发工程师,厦门二维进化网络技术有限公司,2021-11-09,43
安卓开发工程师,厦门二维进化网络技术有限公司,2021-11-09,44
软件测试工程师,厦门二维进化网络技术有限公司,2021-11-09,59
UI设计师,厦门二维进化网络技术有限公司,2021-11-09,41
数据仓库工程师,厦门二维进化网络技术有限公司,2021-11-09,38
数据分析师,厦门二维进化网络技术有限公司,2021-11-09,38
文案策划师,厦门二维进化网络技术有限公司,2021-11-09,36
TCL华星光电2022届秋季校园招聘（博士版）,广州华星光电半导体显示技术有限公司,2021-11-09,34
嵌入式软件工程师,上海广为电器集团有限公司,2021-11-09,95
外贸业务员,上海广为电器集团有限公司,2021-11-09,96
结构工程师,上海广为电器集团有限公司,2021-11-09,104
初级财务顾问,上海玛泽会计师事务所（普通合伙）,2021-11-09,43
数据分析师,上海玛泽会计师事务所（普通合伙）,2021-11-09,42
设计师,陕西凌云电器集团有限公司,2021-11-08,58
SMT电子工程师,仁宝信息技术（昆山）有限公司,2021-11-08,45
研发序列/营销序列/技术序列,烟台东方威思顿电气有限公司,2021-11-08,61
SMT工程师,仁宝信息技术（昆山）有限公司,2021-11-08,45
软件工程师,沈阳市人力资源和社会保障局,2021-11-08,88
工程师,铁科院（北京）工程咨询有限公司,2021-11-08,42
版图设计工程师,至讯创新科技（无锡）有限公司,2021-11-08,55
模拟设计工程师,至讯创新科技（无锡）有限公司,2021-11-08,61
数字设计及验证工程师,至讯创新科技（无锡）有限公司,2021-11-08,51
NCG CAD工程师,至讯创新科技（无锡）有限公司,2021-11-08,77
初级PE工程师,英华利汽车模具系统（深圳）有限公司,2021-11-08,50
翻译助理,英华利汽车模具系统（深圳）有限公司,2021-11-08,52
人力资源管理岗,大禹节水集团股份有限公司,2021-11-08,86
营销专业岗,大禹节水集团股份有限公司,2021-11-08,41
运营管理岗,大禹节水集团股份有限公司,2021-11-08,40
程序员,西安新生代加思留学咨询有限公司,2021-11-08,43
电子技术类岗-多岗位多地可选-10w+,广州金升阳科技有限公司,2021-11-08,58
国内海外销售工程师-多地可选10w+,广州金升阳科技有限公司,2021-11-08,62
智能驾驶系统工程师,浙江春风动力股份有限公司,2021-11-06,43
VCU软件工程师,浙江春风动力股份有限公司,2021-11-06,42
整车研发工程师,浙江春风动力股份有限公司,2021-11-06,46
发动机研发工程师,浙江春风动力股份有限公司,2021-11-06,41
功能安全工程师,浙江春风动力股份有限公司,2021-11-06,44
见习业务经理,浙江春风动力股份有限公司,2021-11-06,40
工艺工程师,浙江春风动力股份有限公司,2021-11-06,42
人力资源专员,浙江春风动力股份有限公司,2021-11-06,43
电装工艺员,北京金朋达航空科技有限公司,2021-11-06,46
电子对抗工程师,北京金朋达航空科技有限公司,2021-11-06,48
知识产权规划与研究/情报研究/软件开发/信息规划/信息化项目建设/工业网络安全/智能化改造/档案编研/会计,中国航天科工集团六院情报信息研究中心,2021-11-06,58
渠道销售工程师,TCL华瑞照明科技（惠州）有限公司,2021-11-06,53
自动控制软硬件工程师,北京金朋达航空科技有限公司,2021-11-06,48
KA销售助理工程师（大客户销售）,TCL华瑞照明科技（惠州）有限公司,2021-11-06,50
嵌入式软硬件工程师,北京金朋达航空科技有限公司,2021-11-06,50
自动化控制工程师,福建南方路面机械股份有限公司,2021-11-05,61
服务工程师,福建南方路面机械股份有限公司,2021-11-05,56
技术销售工程师,福建南方路面机械股份有限公司,2021-11-05,61
生产制造工程师,福建南方路面机械股份有限公司,2021-11-05,66
工艺工程师,福建南方路面机械股份有限公司,2021-11-05,56
采购工程师,福建南方路面机械股份有限公司,2021-11-05,68
质量工程师,福建南方路面机械股份有限公司,2021-11-05,52
IT工程师,福建南方路面机械股份有限公司,2021-11-05,67
信息化工程师,西部金属材料股份有限公司,2021-11-05,63
Marketing与销售服务部岗位,荣耀终端有限公司,2021-11-05,154
智网工程师,中国联合网络通信有限公司商洛市分公司,2021-11-05,52
深度学习/计算机视觉工程师,智洋创新科技股份有限公司,2021-11-05,58
北京极智嘉Geek+ 2022届校园招聘,北京极智嘉科技股份有限公司,2021-11-05,59
硬/软件设计师,天津航空机电有限公司,2021-11-05,57
大连商品交易所2021年招聘简章,大连商品交易所,2021-11-05,53
爱柯迪股份有限公司校园招聘简章,爱柯迪股份有限公司,2021-11-05,35
机器学习工程师,智洋创新科技股份有限公司,2021-11-05,84
Java开发工程师,智洋创新科技股份有限公司,2021-11-05,55
Python开发工程师,智洋创新科技股份有限公司,2021-11-05,59
业务支持助理,开思时代科技（深圳）有限公司,2021-11-05,103
用户运营助理,开思时代科技（深圳）有限公司,2021-11-05,98
实验助理,翌圣生物科技（上海）股份有限公司,2021-11-05,49
信息化工程师,西部金属材料股份有限公司,2021-11-05,50
硬件工程师,智洋创新科技股份有限公司,2021-11-05,53
嵌入式软件工程师,智洋创新科技股份有限公司,2021-11-05,51
数据运营助理,开思时代科技（深圳）有限公司,2021-11-05,107
分子生物学研究员,翌圣生物科技（上海）股份有限公司,2021-11-05,62
蛋白研究员,翌圣生物科技（上海）股份有限公司,2021-11-05,48
制剂主管,翌圣生物科技（上海）股份有限公司,2021-11-05,44
C++开发工程师,智洋创新科技股份有限公司,2021-11-05,49
Android开发工程师,智洋创新科技股份有限公司,2021-11-05,53
硬件测试工程师,智洋创新科技股份有限公司,2021-11-05,51
业务规划助理,开思时代科技（深圳）有限公司,2021-11-05,108
成本管控助理,开思时代科技（深圳）有限公司,2021-11-05,111
纯化主管,翌圣生物科技（上海）股份有限公司,2021-11-05,38
软件测试工程师,智洋创新科技股份有限公司,2021-11-05,48
管培生,智洋创新科技股份有限公司,2021-11-05,51
机器学习负责人,甬江实验室,2021-11-05,68
流程管理助理,开思时代科技（深圳）有限公司,2021-11-05,92
显示算法负责人,甬江实验室,2021-11-05,48
软件负责人,甬江实验室,2021-11-05,52
校招职位,深圳市普渡科技有限公司,2021-11-05,107
嵌入式系统负责人,甬江实验室,2021-11-05,65
电路负责人,甬江实验室,2021-11-05,45
综合管理,浙江物产金属集团有限公司,2021-11-05,49
VR 3D引擎科学家,甬江实验室,2021-11-05,60
物流管理,浙江物产金属集团有限公司,2021-11-05,43
硬件原型开发负责人,甬江实验室,2021-11-05,41
C++开发工程师,武汉光庭信息技术股份有限公司,2021-11-05,33
大宗商品贸易,浙江物产金属集团有限公司,2021-11-05,48
图形图像算法科学家,甬江实验室,2021-11-05,46
财务管理,浙江物产金属集团有限公司,2021-11-05,38
软件开发工程师,浙江物产金属集团有限公司,2021-11-05,45
安卓高级软件负责人,甬江实验室,2021-11-05,49
软件助理实施顾问,西门子工业软件（上海）有限公司,2021-11-05,66
人体感知与视觉科学家,甬江实验室,2021-11-05,50
软件助理实施顾问,西门子工业软件（上海）有限公司,2021-11-05,44
电子工程师/技术员,北京未磁科技有限公司,2021-11-05,49
ISP 图像算法负责人,甬江实验室,2021-11-05,59
电气工程师,北京未磁科技有限公司,2021-11-05,50
先进显示技术研发负责人,甬江实验室,2021-11-05,52
算法工程师-图形图像算法工程师,北京未磁科技有限公司,2021-11-05,53
应用工程师,北京未磁科技有限公司,2021-11-05,56
显示、光学测试负责人,甬江实验室,2021-11-05,46
江门市“百名博士引进工程”引进公告,江门市人才工作局,2021-11-05,69
显示驱动面板设计负责人,甬江实验室,2021-11-05,47
显示背板制程器件工程负责人,甬江实验室,2021-11-05,43
显示驱动IC设计负责人,甬江实验室,2021-11-05,44
IT 工程师 （服务器）,甬江实验室,2021-11-05,46
实验室管理员,甬江实验室,2021-11-05,56
【网易有道】Android开发工程师,网易有道信息技术（江苏）有限公司西安分公司,2021-11-05,116
【网易有道】iOS开发工程师,网易有道信息技术（江苏）有限公司西安分公司,2021-11-05,111
【网易有道】前端开发工程师,网易有道信息技术（江苏）有限公司西安分公司,2021-11-05,123
Junior Auditor 初级审计员,上海玛泽会计师事务所（普通合伙）,2021-11-05,37
【网易有道】JAVA开发工程师,网易有道信息技术（江苏）有限公司西安分公司,2021-11-05,94
【网易有道】C++开发工程师,网易有道信息技术（江苏）有限公司西安分公司,2021-11-05,110
【网易有道】测试开发工程师,网易有道信息技术（江苏）有限公司西安分公司,2021-11-05,98
【网易有道】语音算法工程师,网易有道信息技术（江苏）有限公司西安分公司,2021-11-05,91
【网易有道】NLP算法工程师,网易有道信息技术（江苏）有限公司西安分公司,2021-11-05,93
【网易有道】广告算法工程师,网易有道信息技术（江苏）有限公司西安分公司,2021-11-05,94
【网易有道】高中各科主讲教师（九科）,网易有道信息技术（江苏）有限公司西安分公司,2021-11-05,107
【网易有道】产品、市场、运营管培生,网易有道信息技术（江苏）有限公司西安分公司,2021-11-05,128
【网易有道】产品策划,网易有道信息技术（江苏）有限公司西安分公司,2021-11-05,106
仪电技术,国家石油天然气管网集团有限公司西气东输分公司,2021-11-04,118
自动化工程师,北京聚树核科技有限公司,2021-11-04,57
数字芯片设计工程师,上海朗立微集成电路有限公司,2021-11-04,125
人工智能算法工程师,龙盈智达（北京）科技有限公司,2021-11-04,45
鞍山师范学院,鞍山师范学院,2021-11-04,51
数据挖掘与建模工程师,龙盈智达（北京）科技有限公司,2021-11-04,42
研发工程师,龙盈智达（北京）科技有限公司,2021-11-04,42
数字芯片验证工程师,上海朗立微集成电路有限公司,2021-11-04,92
 风控策略分析师,龙盈智达（北京）科技有限公司,2021-11-04,45
Java开发工程师,麒麟合盛网络技术股份有限公司,2021-11-04,49
Java开发工程师,麒麟合盛网络技术股份有限公司,2021-11-04,49
前端开发工程师,麒麟合盛网络技术股份有限公司,2021-11-04,43
数字后端工程师,上海朗立微集成电路有限公司,2021-11-04,83
芯片封装及测试,上海朗立微集成电路有限公司,2021-11-04,84
产品经理（金融方向）,龙盈智达（北京）科技有限公司,2021-11-04,46
模拟电路设计工程师,上海朗立微集成电路有限公司,2021-11-04,85
2022届管培生,河南绿都物业服务有限公司,2021-11-04,75
模拟电路后端工程师,上海朗立微集成电路有限公司,2021-11-04,70
测试工程师,龙盈智达（北京）科技有限公司,2021-11-04,46
软件开发工程,上海朗立微集成电路有限公司,2021-11-04,65
FPGA测试工程师,上海朗立微集成电路有限公司,2021-11-04,65
管培生,龙盈智达（北京）科技有限公司,2021-11-04,61
射频开发工程师,上海朗立微集成电路有限公司,2021-11-04,71
基带算法工程师,上海朗立微集成电路有限公司,2021-11-04,63
教师,洛阳职业技术学院,2021-11-04,63
中国联通四川省分公司2021年（2022届）  秋季校园招聘公告,中国联合网络通信有限公司四川省分公司,2021-11-04,58
嵌入式工程师,东莞市振华新能源科技有限公司,2021-11-04,48
硬件工程师,东莞市振华新能源科技有限公司,2021-11-04,45
模拟IC设计工程师（电源方向）,百星微电子科技（上海）有限公司,2021-11-04,47
自动驾驶仿真应用工程师,浙江天行健智能科技有限公司,2021-11-04,43
自动驾驶场景库构建工程师,浙江天行健智能科技有限公司,2021-11-04,39
模拟IC设计工程师（信号链方向）,百星微电子科技（上海）有限公司,2021-11-04,40
数字IC设计工程师,百星微电子科技（上海）有限公司,2021-11-04,40
现场应用工程师（FAE）,百星微电子科技（上海）有限公司,2021-11-04,42
新能源设计师,中国能源建设集团广西电力设计研究院有限公司,2021-11-04,66
硕博岗,中铁十一局集团有限公司,2021-11-04,43
研发工程师,西安高新技术企业协会,2021-11-04,72
专利工程师（通信电学机械自动化等领域）,北京龙双利达知识产权代理有限公司西安分公司,2021-11-04,49
专利工程师（通信电学机械自动化等领域）,北京龙双利达知识产权代理有限公司西安分公司,2021-11-04,59
专利工程师（通信电学机械自动化等领域）,北京龙双利达知识产权代理有限公司西安分公司,2021-11-04,44
总体设计工程师,扬州宇安电子科技有限公司,2021-11-04,97
实施工程师,扬州宇安电子科技有限公司,2021-11-04,101
算法工程师,扬州宇安电子科技有限公司,2021-11-04,102
FPGA逻辑开发工程师,扬州宇安电子科技有限公司,2021-11-04,99
嵌入式工程师,扬州宇安电子科技有限公司,2021-11-04,92
研发助理,西安高新技术企业协会,2021-11-04,74
OTC推广经理,西安高新技术企业协会,2021-11-04,66
财务风控岗,锐方（上海）私募基金管理有限公司,2021-11-04,55
主播,西安高新技术企业协会,2021-11-04,71
软件工程师,扬州宇安电子科技有限公司,2021-11-04,112
结构工程师,扬州宇安电子科技有限公司,2021-11-04,91
测试工程师,扬州宇安电子科技有限公司,2021-11-04,92
12月3日博士视频“云”招聘火热开启，期待您的到来！,学术桥（北京）教育科技有限公司,2021-11-04,125
运营,西安高新技术企业协会,2021-11-04,69
新媒体推广,西安高新技术企业协会,2021-11-04,63
临床协调员,西安高新技术企业协会,2021-11-04,56
纯化技术员,西安高新技术企业协会,2021-11-04,65
DFT设计工程师,建瓴半导体（广州）有限责任公司,2021-11-04,98
软件开发工程师,中国联合网络通信有限公司东莞市分公司,2021-11-03,51
数字中台运营经理,中国联合网络通信有限公司东莞市分公司,2021-11-03,46
项目经理,中国联合网络通信有限公司东莞市分公司,2021-11-03,47
行业客户经理,中国联合网络通信有限公司东莞市分公司,2021-11-03,44
工业互联网解决方案工程师,中国联合网络通信有限公司东莞市分公司,2021-11-03,56
系统集成架构师,中国联合网络通信有限公司东莞市分公司,2021-11-03,40
网络规划和优化工程师,中国联合网络通信有限公司东莞市分公司,2021-11-03,51
动力配套维护工程师,中国联合网络通信有限公司东莞市分公司,2021-11-03,45
智家客户经理,中国联合网络通信有限公司东莞市分公司,2021-11-03,48
GIS开发工程师,西安航天宏图信息技术有限公司,2021-11-03,97
工程技术人员,陕西煤业化工技术研究院有限责任公司,2021-11-03,108
研发技术岗,西安高新技术企业协会,2021-11-03,71
工艺技术岗,西安高新技术企业协会,2021-11-03,73
销售技术岗,西安高新技术企业协会,2021-11-03,127
机电技术岗,西安高新技术企业协会,2021-11-03,55
企业专员,西安高新技术企业协会,2021-11-03,55
行政专员,西安高新技术企业协会,2021-11-03,54
人事专员,西安高新技术企业协会,2021-11-03,48
JAVA开发工程师,西安航天宏图信息技术有限公司,2021-11-03,100
制造中心后备干部,西安高新技术企业协会,2021-11-03,50
管培生,加多宝（天津）饮料有限公司,2021-11-03,39
算法工程师,西安航天宏图信息技术有限公司,2021-11-03,95
游戏策划（关卡/系统/数值）,浙江无端科技股份有限公司,2021-11-03,55
软件研发,四川九洲空管科技有限责任公司,2021-11-03,122
逻辑研发,四川九洲空管科技有限责任公司,2021-11-03,124
广州珠江职业技术学院2021年人才招聘,广州珠江职业技术学院,2021-11-03,41
研发工程师/助理,西安高新技术企业协会,2021-11-03,51
算法工程师,金航数码科技有限责任公司,2021-11-03,46
软件开发工程师,金航数码科技有限责任公司,2021-11-03,40
技术工程师,西安高新技术企业协会,2021-11-03,53
销售经理,西安高新技术企业协会,2021-11-03,45
销售经理,西安高新技术企业协会,2021-11-03,50
技术开发工程师、产品、客户、项目经理,上海甄云信息科技有限公司,2021-11-03,55
北京未尔锐创科技有限公司2022届校园招聘,成都未尔科技有限公司,2021-11-03,40
研发总监,工信领军（北京）科技有限公司,2021-11-03,33
 应急管理部上海消防研究所  2022年招聘简章,应急管理部上海消防研究所,2021-11-03,50
Software Development Engineer,北京领创智信科技有限公司,2021-11-03,39
Web前端工程师,北京领创智信科技有限公司,2021-11-03,37
项目交付技术经理,中国联合网络通信有限公司东莞市分公司,2021-11-03,45
解决方案经理,中国联合网络通信有限公司东莞市分公司,2021-11-03,58
Python开发工程师,北京领创智信科技有限公司,2021-11-03,46
大数据研发工程师,北京领创智信科技有限公司,2021-11-03,38
统计程序师I(可实习）,北京康特瑞科统计科技有限责任公司,2021-11-03,109
数据挖掘工程师,中国联合网络通信有限公司东莞市分公司,2021-11-03,39
产品经理,中国联合网络通信有限公司东莞市分公司,2021-11-03,41
汽车工程学院专任教师,杭州科技职业技术学院,2021-11-03,36
格力电器2022格锐先锋计划招聘,珠海格力电器股份有限公司,2021-11-03,53
生物统计师I(可实习）,北京康特瑞科统计科技有限责任公司,2021-11-03,111
助理数据管理员（可实习）,北京康特瑞科统计科技有限责任公司,2021-11-03,113
数据建库师I,北京康特瑞科统计科技有限责任公司,2021-11-03,112
后端开发工程师,杭州硕磐智能科技有限公司,2021-11-03,40
前端开发工程师,杭州硕磐智能科技有限公司,2021-11-03,34
AI算法工程师-研究院,杭州硕磐智能科技有限公司,2021-11-03,43
大数据研发工程师,杭州硕磐智能科技有限公司,2021-11-03,38
分布式数据平台开发工程师,杭州硕磐智能科技有限公司,2021-11-03,58
后端研发工程师,北京领创智信科技有限公司,2021-11-03,43
机器学习/数据挖掘/自然语言处理工程师,杭州硕磐智能科技有限公司,2021-11-03,42
汇萃智能2022校园招聘,杭州汇萃智能科技有限公司,2021-11-02,54
软件测试工程师,音墙网络科技（上海）有限公司,2021-11-02,41
web开发工程师,音墙网络科技（上海）有限公司,2021-11-02,44
后端软件开发工程师,音墙网络科技（上海）有限公司,2021-11-02,41
电气工程师,北京智束科技有限公司,2021-11-02,46
关卡设计,北京云畅游戏科技股份有限公司,2021-11-02,42
游戏策划,北京云畅游戏科技股份有限公司,2021-11-02,46
3D特效,北京云畅游戏科技股份有限公司,2021-11-02,39
服务端开发工程师,北京云畅游戏科技股份有限公司,2021-11-02,46
客户端开发工程师,北京云畅游戏科技股份有限公司,2021-11-02,40
数据分析师,途家网网络技术（北京）有限公司,2021-11-02,48
产品经理,途家网网络技术（北京）有限公司,2021-11-02,51
前端开发工程师,途家网网络技术（北京）有限公司,2021-11-02,45
数据开发工程师,途家网网络技术（北京）有限公司,2021-11-02,45
Java开发工程师,途家网网络技术（北京）有限公司,2021-11-02,40
项目管理（通信方向）,润建股份有限公司,2021-11-02,45
投标管培生,润建股份有限公司,2021-11-02,47
Java开发工程师,北京数码视讯技术有限公司,2021-11-02,69
质量工程师,广州市昊志机电股份有限公司,2021-11-02,118
销售工程师,广州市昊志机电股份有限公司,2021-11-02,118
电机设计工程师,广州市昊志机电股份有限公司,2021-11-02,112
软件工程师,北京数码视讯技术有限公司,2021-11-02,40
2022届应届毕业生,华天科技（西安）有限公司,2021-11-02,63
嵌入式软件工程师,北京数码视讯技术有限公司,2021-11-02,49
商务营销岗,北京数码视讯技术有限公司,2021-11-02,43
运维工程师,北京数码视讯技术有限公司,2021-11-02,41
人力管培生,润建股份有限公司,2021-11-02,42
音视频开发工程师,北京方位通讯设备有限公司,2021-11-02,51
测试工程师,北京方位通讯设备有限公司,2021-11-02,47
【事业编教师，非师范类亦可】2022年吴江区选聘优秀毕业生公告,苏州市吴江区教育局,2021-11-02,53
嵌入式开发工程师,北京方位通讯设备有限公司,2021-11-02,51
财务管培生,润建股份有限公司,2021-11-02,44
证券管培生,润建股份有限公司,2021-11-02,45
综合管培生,润建股份有限公司,2021-11-02,43
C语言开发工程师,北京方位通讯设备有限公司,2021-11-02,56
Android软件开发工程师,北京方位通讯设备有限公司,2021-11-02,50
Linux c/c++开发工程师,北京方位通讯设备有限公司,2021-11-02,69
初级产品工程师,北京方位通讯设备有限公司,2021-11-02,71
技术支持工程师,北京方位通讯设备有限公司,2021-11-02,54
开发管培生,润建股份有限公司,2021-11-02,45
产品管培生,润建股份有限公司,2021-11-02,48
工艺工程师,北京智束科技有限公司,2021-11-02,63
3D模型,北京云畅游戏科技股份有限公司,2021-11-02,39
3D动作,北京云畅游戏科技股份有限公司,2021-11-02,47
通信测试工程师,润建股份有限公司,2021-11-02,51
硬件工程师,润建股份有限公司,2021-11-02,45
市场拓展,润建股份有限公司,2021-11-02,55
模拟设计工程师,美芯晟科技（北京）有限公司,2021-11-02,58
3D场景,北京云畅游戏科技股份有限公司,2021-11-02,42
商务管理,润建股份有限公司,2021-11-02,46
模拟设计工程师,美芯晟科技（北京）有限公司,2021-11-02,58
售前管培生,润建股份有限公司,2021-11-02,40
项目管理（政企方向）,润建股份有限公司,2021-11-02,43
研发工程师,北京智束科技有限公司,2021-11-02,72
项目管理（IDC方向）,润建股份有限公司,2021-11-02,44
数字芯片设计工程师,美芯晟科技（北京）有限公司,2021-11-02,56
项目管理（新能源方向）,润建股份有限公司,2021-11-02,42
数字芯片设计工程师,美芯晟科技（北京）有限公司,2021-11-02,49
嵌入式软件开发工程师,音墙网络科技（上海）有限公司,2021-11-02,43
振动分析诊断师,航天智控（北京）监测技术有限公司,2021-11-02,59
算法开发工程师,途家网网络技术（北京）有限公司,2021-11-02,43
客户端软件开发工程师,音墙网络科技（上海）有限公司,2021-11-02,48
测试开发工程师,音墙网络科技（上海）有限公司,2021-11-02,46
技术支持工程师,航天智控（北京）监测技术有限公司,2021-11-02,54
北京未尔锐创科技有限公司2022届校园招聘,北京未尔锐创科技有限公司,2021-11-02,65
Project Planner（2022）,广东德昌电机有限公司,2021-11-01,45
软件开发工程师（2022届）,广东德昌电机有限公司,2021-11-01,50
硬件开发工程师（2022届）,广东德昌电机有限公司,2021-11-01,50
试剂研发工程师,南京国科医工科技发展有限公司,2021-11-01,88
光学工程师,南京国科医工科技发展有限公司,2021-11-01,93
软件研发工程师,南京国科医工科技发展有限公司,2021-11-01,91
电子技术研发工程师,南京国科医工科技发展有限公司,2021-11-01,89
结构设计工程师,南京国科医工科技发展有限公司,2021-11-01,86
软件研发岗,南京国科医工科技发展有限公司,2021-11-01,57
操作工,西安高新技术企业协会,2021-11-01,54
检验员,西安高新技术企业协会,2021-11-01,52
设备维修,西安高新技术企业协会,2021-11-01,48
未来领袖,川开电气有限公司,2021-11-01,58
开源证券机构业务团队,开源证券股份有限公司,2021-11-01,66
电气设计工程师,川开电气有限公司,2021-11-01,143
结构设计工程师,川开电气有限公司,2021-11-01,40
报价/方案工程师,川开电气有限公司,2021-11-01,39
嵌入式软件/前端/后端开发工程师,川开电气有限公司,2021-11-01,42
工业工程师,川开电气有限公司,2021-11-01,42
系统运维工程师,川开电气有限公司,2021-11-01,41
营销经理,川开电气有限公司,2021-11-01,48
市场支持/拓展工程师,川开电气有限公司,2021-11-01,41
HRBP,川开电气有限公司,2021-11-01,42
项目经理,川开电气有限公司,2021-11-01,42
质量工程师,川开电气有限公司,2021-11-01,40
成本管理专员,川开电气有限公司,2021-11-01,51
商务采购专员,川开电气有限公司,2021-11-01,40
商务关系专员,川开电气有限公司,2021-11-01,40
高级文秘,川开电气有限公司,2021-11-01,41
工程项目经理/造价员,川开电气有限公司,2021-11-01,35
科研人员,中国计量大学,2021-11-01,46
研发序列/营销序列/技术序列,烟台东方威思顿电气有限公司,2021-11-01,66
研发工程师,西安高新技术企业协会,2021-11-01,79
工艺工程师,西安高新技术企业协会,2021-11-01,68
SQE,西安高新技术企业协会,2021-11-01,85
企业管理,西安高新技术企业协会,2021-11-01,51
市场外销,西安高新技术企业协会,2021-11-01,52
市场内勤,西安高新技术企业协会,2021-11-01,58
操作工,西安高新技术企业协会,2021-11-01,49
哈尔滨理工大学2021年引进人才公告  根据《黑龙江省事业单位公开招聘人员暂行办法》（黑办发〔2006〕32号）、《黑龙江省省直事业单位公开招聘工作人员实施细则,哈尔滨理工大学,2021-11-01,37
工艺员、技术员、智能化改造工程师、营销储备人才,浙江盛达铁塔有限公司,2021-11-01,45
焊接工艺员、技术员、焊接工程师,浙江盛达铁塔有限公司,2021-11-01,44
电子工程师/技术员,南京国科医工科技发展有限公司,2021-11-01,64
机械结构工程师,南京国科医工科技发展有限公司,2021-11-01,57
"加入我们,共建中国民族品牌 水羊股份2022届校园招聘“远洋计划”",水羊集团股份有限公司,2021-11-01,47
小学老师,西咸新区黄冈泾河学校,2021-11-01,56
初中老师,西咸新区黄冈泾河学校,2021-11-01,56
高中老师,西咸新区黄冈泾河学校,2021-11-01,55
模拟芯片设计工程师,上海联影微电子科技有限公司,2021-11-01,45
机械工程师（2022届）,广东德昌电机有限公司,2021-11-01,55
数字电路验证工程师,上海联影微电子科技有限公司,2021-11-01,43
LinuxC软件工程师,北京数码视讯技术有限公司,2021-11-01,36
高级软件工程师,北京数码视讯技术有限公司,2021-11-01,52
【佳能医疗】软件开发工程师,佳能医疗系统（中国）有限公司,2021-11-01,53
【佳能医疗】图像算法研究员,佳能医疗系统（中国）有限公司,2021-11-01,82
芯片后端设计工程师 ASIC physical design engineer,建瓴半导体（广州）有限责任公司,2021-11-01,112
芯片设计工程师,建瓴半导体（广州）有限责任公司,2021-11-01,111
芯片验证工程师,建瓴半导体（广州）有限责任公司,2021-11-01,103
交换机芯片SDK软件工程师,建瓴半导体（广州）有限责任公司,2021-11-01,107
 香港科技大学22fall数据建模硕士学位项目线下招生宣讲会,南京途善久文化传播有限公司,2021-10-31,80
销售代表,深圳市科曼医疗设备有限公司,2021-10-31,62
交易员,西安天勤汇理私募基金管理有限公司,2021-10-30,64
智能传感算法工程师,杭州归领医疗器械有限公司,2021-10-29,50
软件工程师（C++）,杭州归领医疗器械有限公司,2021-10-29,57
硬件工程师,杭州归领医疗器械有限公司,2021-10-29,46
Web前端工程师,广东挑战家控股有限公司,2021-10-29,42
机械结构工程师,杭州归领医疗器械有限公司,2021-10-29,50
JAVA 高级开发工程师,广东挑战家控股有限公司,2021-10-29,40
仿真工程师（北京）,北京华航唯实机器人科技股份有限公司,2021-10-29,50
电气设计工程师（北京/浙江嘉善）,北京华航唯实机器人科技股份有限公司,2021-10-29,41
机械设计工程师（北京）,北京华航唯实机器人科技股份有限公司,2021-10-29,53
虚拟现实工程师（北京）,北京华航唯实机器人科技股份有限公司,2021-10-29,43
算法工程师 （北京）,北京华航唯实机器人科技股份有限公司,2021-10-29,68
C++开发工程师 （北京）,北京华航唯实机器人科技股份有限公司,2021-10-29,55
材料工程师,杭州归领医疗器械有限公司,2021-10-29,51
试验工程师,南京越博动力系统股份有限公司,2021-10-29,46
器件设计工程师,芯盟科技有限公司,2021-10-29,49
DRAM Designer,芯盟科技有限公司,2021-10-29,44
模拟电路 IC 设计工程师,芯盟科技有限公司,2021-10-29,45
FinTech管理培训生,兴业银行股份有限公司长沙分行,2021-10-29,69
管理培训生,兴业银行股份有限公司长沙分行,2021-10-29,56
市场营销类,兴业银行股份有限公司长沙分行,2021-10-29,52
运营支持类,兴业银行股份有限公司长沙分行,2021-10-29,77
运营,浙江小虫科技有限公司,2021-10-29,47
教学开发工程师 （上海/嘉善）,北京华航唯实机器人科技股份有限公司,2021-10-29,52
服务支持,浙江小虫科技有限公司,2021-10-29,43
商务BD,浙江小虫科技有限公司,2021-10-29,43
工业机器人培训工程师（机器人/电气方向）,北京华航唯实机器人科技股份有限公司,2021-10-29,55
企业信息化类,天津能源投资集团有限公司,2021-10-28,59
web前端开发,北京中指讯博数据信息技术有限公司,2021-10-28,46
管培生（鸭鸭羽绒服）,鸭鸭电子商务（杭州）有限公司,2021-10-28,66
舞台灯光设计师、舞台机械设计师,中广电广播电影电视设计研究院,2021-10-28,35
CoE 开发工程师 - SAP Women’s Tech Academy Program,思爱普（中国）有限公司,2021-10-28,57
技术岗,四川航天川南火工技术有限公司,2021-10-28,39
信息技术岗,四川航天川南火工技术有限公司,2021-10-28,38
研发工程师,天津凯发电气股份有限公司,2021-10-27,43
技术工程师,天津凯发电气股份有限公司,2021-10-27,48
软件工程师,天津凯发电气股份有限公司,2021-10-27,50
软件开发,通富微电子股份有限公司,2021-10-27,42
动力工程技术,通富微电子股份有限公司,2021-10-27,41
研发工程师,深圳市速联技术有限公司,2021-10-27,42
Java开发工程师,北京中指讯博数据信息技术有限公司,2021-10-27,42
数据分析师,北京中指讯博数据信息技术有限公司,2021-10-27,42
模拟IC实习生,深圳市勃望初芯半导体科技有限公司,2021-10-27,53
研发工程师,福建慧芯激光科技有限公司,2021-10-27,55
微波系统工程师,深圳市速联技术有限公司,2021-10-27,36
领航家（营销管培生）,上海链家房地产经纪有限公司,2021-10-27,94
微结构工程师,深圳市速联技术有限公司,2021-10-27,38
材料工程师,深圳市速联技术有限公司,2021-10-27,49
技术研发,通富微电子股份有限公司,2021-10-27,44
封装技术开发,通富微电子股份有限公司,2021-10-27,48
理财规划师,中信建投证券股份有限公司西安科技路证券营业部,2021-10-27,51
新产品开发,通富微电子股份有限公司,2021-10-27,41
制程工程师,通富微电子股份有限公司,2021-10-27,48
设备工程师,通富微电子股份有限公司,2021-10-27,43
财务、管理类,通富微电子股份有限公司,2021-10-27,37
IT开发工程师,中国电信股份有限公司深圳分公司,2021-10-27,44
IT应用工程师,中国电信股份有限公司深圳分公司,2021-10-27,35
云网运营工程师,中国电信股份有限公司深圳分公司,2021-10-27,37
解决方案经理,中国电信股份有限公司深圳分公司,2021-10-27,39
无线网络优化维护工程师,中国电信股份有限公司深圳分公司,2021-10-27,37
教师,湖北文理学院,2021-10-27,50
技术管培生,银都餐饮设备股份有限公司,2021-10-26,49
封装工艺工程师,北京中科新微特科技开发股份有限公司,2021-10-26,43
技术研发工程师,成都科优信测科技有限公司,2021-10-26,45
产品工程师,成都科优信测科技有限公司,2021-10-26,64
电气设计工程师,西安特变电工电力设计有限责任公司,2021-10-26,45
北京未尔科技2022届校园招聘,北京未尔锐创科技有限公司,2021-10-26,59
ATE测试工程师,新相微电子（西安）有限公司,2021-10-26,67
销售工程师,成都道克科技有限公司,2021-10-26,40
雷达总体设计师,北京华航无线电测量研究所,2021-10-26,48
信号处理工程师,北京华航无线电测量研究所,2021-10-26,50
FPGA软件工程师,北京华航无线电测量研究所,2021-10-26,52
电路设计工程师,北京华航无线电测量研究所,2021-10-26,46
嵌入式软件工程师,北京华航无线电测量研究所,2021-10-26,47
航天工程师（雷达方向）,北京华航无线电测量研究所,2021-10-26,52
检测工程师,英华检测（上海）有限公司,2021-10-26,41
销售工程师,英华检测（上海）有限公司,2021-10-26,36
技术支持工程师,英华检测（上海）有限公司,2021-10-26,44
嵌入式开发,深圳市悦保科技有限公司,2021-10-26,36
人工智能,深圳市悦保科技有限公司,2021-10-26,38
技术管培生,浙江升华云峰新材股份有限公司,2021-10-26,58
三电研发工程师,重庆金康动力新能源有限公司,2021-10-26,57
财富管理类,粤开证券股份有限公司,2021-10-26,48
研发工程师,西安昆仑工业（集团）有限责任公司,2021-10-26,45
MCU销售工程师,深圳市赛元微电子有限公司,2021-10-25,40
技术支持工程师,深圳市赛元微电子有限公司,2021-10-25,42
应用工程师,深圳市赛元微电子有限公司,2021-10-25,42
IC模拟电路设计工程师,深圳市赛元微电子有限公司,2021-10-25,47
IC数字电路设计工程师,深圳市赛元微电子有限公司,2021-10-25,43
半导体测试工程师,山西国科半导体光电研究院有限公司,2021-10-25,52
工艺研发工程师,山西国科半导体光电研究院有限公司,2021-10-25,45
技术储备干部,东莞市竞沃电子科技有限公司,2021-10-25,51
售前解决方案管培生,华控清交信息科技（北京）有限公司,2021-10-25,53
售前解决方案管培生,华控清交信息科技（北京）有限公司,2021-10-25,44
大客户销售管培生,华控清交信息科技（北京）有限公司,2021-10-25,41
大客户销售管培生,华控清交信息科技（北京）有限公司,2021-10-25,51
软件架构师,成都西南信息控制研究院有限公司,2021-10-25,44
软件研发设计师,成都西南信息控制研究院有限公司,2021-10-25,43
通信组网设计师,成都西南信息控制研究院有限公司,2021-10-25,42
人力资源部管理培训生,咸阳隆基乐叶光伏科技有限公司,2021-10-25,106
仓储物流管理培训生,咸阳隆基乐叶光伏科技有限公司,2021-10-25,95
茂业集团2022届管培生(全国),深圳茂业商厦有限公司,2021-10-25,42
计划物控部管理培训生,咸阳隆基乐叶光伏科技有限公司,2021-10-25,98
华夏幸福基业股份有限公司2022级“产动力”产业招商培训生校园招聘,华夏幸福基业股份有限公司,2021-10-25,48
教学科研及其他岗位,中北大学,2021-10-25,41
总裁办行政助理EA（初级）,武汉佰钧成技术有限责任公司,2021-10-25,40
触屏固件工程师（驱动工程师）,武汉佰钧成技术有限责任公司,2021-10-25,41
大学教师,西京学院,2021-10-25,61
交互设计师,深圳奥哲网络科技有限公司,2021-10-25,68
驱动工程师,武汉佰钧成技术有限责任公司,2021-10-25,38
运维工程师,深圳奥哲网络科技有限公司,2021-10-25,70
PPTC产品开发工程师,东莞市竞沃电子科技有限公司,2021-10-25,50
器件研发工程师,东莞市竞沃电子科技有限公司,2021-10-25,50
（三）工程师岗位C（助理工程师/工程师／高级工程师 若干）,泉州装备制造研究所,2021-10-25,44
（二）工程师岗位2（工程师／高级工程师 若干）,泉州装备制造研究所,2021-10-25,44
（四）工程师岗位4（助理工程师/工程师 若干）,泉州装备制造研究所,2021-10-25,47
产品测试岗、架构设计岗、人才培养及发展岗、大数据分析岗、程序开发岗,启明信息技术股份有限公司,2021-10-25,38
微创®医疗机器人2022校园招聘正式启动！,上海微创医疗机器人（集团）股份有限公司,2021-10-25,42
高中全职教师,西安工业经济职业学校,2021-10-23,83
多岗位招聘：业务拓展类、技术研发类、财务审计类、行政职能类	,物产中大集团股份有限公司,2021-10-23,49
材料及产品开发总监,东莞市竞沃电子科技有限公司,2021-10-22,57
品质工程师,东莞市竞沃电子科技有限公司,2021-10-22,54
制程工程师,东莞市竞沃电子科技有限公司,2021-10-22,64
应用工程师FAE,东莞市竞沃电子科技有限公司,2021-10-22,54
设备维护工程师,东莞市竞沃电子科技有限公司,2021-10-22,53
储备PMC主管,东莞市竞沃电子科技有限公司,2021-10-22,55
销售工程师,东莞市竞沃电子科技有限公司,2021-10-22,59
海外销售工程师,东莞市竞沃电子科技有限公司,2021-10-22,43
光刻研发工程师,浙江珏芯微电子有限公司,2021-10-22,55
光学设计研发工程师,浙江珏芯微电子有限公司,2021-10-22,71
FPGA研发工程师,浙江珏芯微电子有限公司,2021-10-22,52
硬件研发工程师,浙江珏芯微电子有限公司,2021-10-22,65
厂务特气工程师,浙江珏芯微电子有限公司,2021-10-22,57
技术支持工程师,浙江珏芯微电子有限公司,2021-10-22,68
助理研发工程师,浙江珏芯微电子有限公司,2021-10-22,46
C++工程师,英诺达（成都）电子科技有限公司,2021-10-22,41
数字后端助理工程师,英诺达（成都）电子科技有限公司,2021-10-22,46
EMU工程师,英诺达（成都）电子科技有限公司,2021-10-22,40
广州金融控股集团博士后,广州金融控股集团有限公司,2021-10-22,40
人事专员,上海网达软件股份有限公司,2021-10-22,67
销售经理,上海网达软件股份有限公司,2021-10-22,60
产品经理,上海网达软件股份有限公司,2021-10-22,68
前端开发,上海网达软件股份有限公司,2021-10-22,70
ios开发工程师,上海网达软件股份有限公司,2021-10-22,57
Android开发A工程师,上海网达软件股份有限公司,2021-10-22,57
软件研发岗,西安未尔锐创信息科技有限公司,2021-10-22,39
前后端开发或管理储备生或测试,上海科箭软件科技有限公司,2021-10-22,43
设施工程师,江苏华恒新能源有限公司,2021-10-21,275
软件测试工程师,北京米波通信技术有限公司西安分公司,2021-10-21,84
功能测试工程师,北京米波通信技术有限公司西安分公司,2021-10-21,65
管理培训生,玫德集团有限公司,2021-10-21,119
研发工程师,上海东湖机械厂,2021-10-21,51
助理实施顾问,上海埃林哲软件系统股份有限公司,2021-10-21,56
助理技术顾问,上海埃林哲软件系统股份有限公司,2021-10-21,52
助理销售,上海埃林哲软件系统股份有限公司,2021-10-21,55
助理产品经理,上海埃林哲软件系统股份有限公司,2021-10-21,55
助理架构师,上海埃林哲软件系统股份有限公司,2021-10-21,56
前端开发工程师,上海埃林哲软件系统股份有限公司,2021-10-21,55
Java后端开发工程师,上海埃林哲软件系统股份有限公司,2021-10-21,62
元器件可靠性技术研究岗,北京振兴计量测试研究所,2021-10-21,53
生产培训生,合肥伊利乳业有限责任公司,2021-10-21,43
软件研发工程师,北京博华信智科技股份有限公司西安分公司,2021-10-21,46
软件测试工程师,北京博华信智科技股份有限公司西安分公司,2021-10-21,58
信息化实施工程师,北京博华信智科技股份有限公司西安分公司,2021-10-21,57
信息化研发工程师（JAVA开发工程师）,北京博华信智科技股份有限公司西安分公司,2021-10-21,47
高级税务助理,山东百丞税务服务股份有限公司,2021-10-21,63
硬件研发工程师,北京博华信智科技股份有限公司西安分公司,2021-10-21,45
嵌入式研发工程师,北京博华信智科技股份有限公司西安分公司,2021-10-21,48
中试工程师,北京博华信智科技股份有限公司西安分公司,2021-10-21,52
振动故障诊断与信号分析算法,北京博华信智科技股份有限公司西安分公司,2021-10-21,48
工艺工程师,北京博华信智科技股份有限公司西安分公司,2021-10-21,55
FAE工程师,北京博华信智科技股份有限公司西安分公司,2021-10-21,49
项目技术研究及实施工程师,北京博华信智科技股份有限公司西安分公司,2021-10-21,48
软件开发工程师 （Java/前端/Android/iOS）,上海贝海网络科技有限公司,2021-10-21,55
测试工程师,上海贝海网络科技有限公司,2021-10-21,50
IC模拟工程师,华大半导体有限公司,2021-10-21,48
2022菁英计划-西安,北京三维天地科技股份有限公司,2021-10-21,49
财务会计岗,中国广电广州网络股份有限公司,2021-10-21,46
材料研发工程师,浙江珏芯微电子有限公司,2021-10-21,51
ATE测试工程师,华大半导体有限公司,2021-10-21,35
质量工程师,华大半导体有限公司,2021-10-21,45
5G网络工程师,中国广电广州网络股份有限公司,2021-10-21,57
播控系统技术调度岗,中国广电广州网络股份有限公司,2021-10-21,53
芯片研发工程师,浙江珏芯微电子有限公司,2021-10-21,49
封装研发工程师,浙江珏芯微电子有限公司,2021-10-21,60
工艺工程师,浙江珏芯微电子有限公司,2021-10-21,48
制冷机研发工程师,浙江珏芯微电子有限公司,2021-10-21,51
设备（助理）工程师,浙江珏芯微电子有限公司,2021-10-21,52
质量（助理）工程师,浙江珏芯微电子有限公司,2021-10-21,59
见职位详情,成都未尔科技有限公司,2021-10-21,53
核桃管培生,北京聪明核桃教育科技有限公司,2021-10-21,58
C++开发工程师,上海网达软件股份有限公司,2021-10-21,60
项目管理专员,上海网达软件股份有限公司,2021-10-21,67
算法工程师,上海网达软件股份有限公司,2021-10-21,58
Java开发工程师,上海网达软件股份有限公司,2021-10-21,55
中信证券杭州凤起路营业部2022校招培训生,中信证券股份有限公司杭州凤起路证券营业部,2021-10-20,48
系统开发,远江盛邦（北京）网络安全科技股份有限公司,2021-10-20,51
机械结构工程师,湖南长城海盾光纤科技有限公司,2021-10-20,54
研发工程师助理,常州市创联电源科技股份有限公司,2021-10-20,185
推广专员,清华大学出版社有限公司,2021-10-20,44
产品经理,清华大学出版社有限公司,2021-10-20,48
UE4开发工程师,北京五一视界数字孪生科技股份有限公司,2021-10-20,54
视觉算法工程师,北京五一视界数字孪生科技股份有限公司,2021-10-20,59
模拟仿真工程师（物理）,北京五一视界数字孪生科技股份有限公司,2021-10-20,58
技术美术,北京五一视界数字孪生科技股份有限公司,2021-10-20,60
UE4美术师,北京五一视界数字孪生科技股份有限公司,2021-10-20,51
测试工程师,北京五一视界数字孪生科技股份有限公司,2021-10-20,65
产品经理,北京五一视界数字孪生科技股份有限公司,2021-10-20,62
产品及解决方案,北京五一视界数字孪生科技股份有限公司,2021-10-20,57
业务顾问,深圳市爱德数智科技股份有限公司,2021-10-20,46
AI工程师,深圳市爱德数智科技股份有限公司,2021-10-20,49
软件研发工程师（Java/C++/Golang）,灵动科技（北京）有限公司,2021-10-20,43
计算机视觉算法工程师,灵动科技（北京）有限公司,2021-10-20,39
java开发,深圳市爱德数智科技股份有限公司,2021-10-20,44
技术顾问-BI方向,深圳市爱德数智科技股份有限公司,2021-10-20,41
技术顾问--BI方向,深圳市爱德数智科技股份有限公司,2021-10-20,44
技术顾问--BI方向,深圳市爱德数智科技股份有限公司,2021-10-20,46
算法工程师（调度优化）,灵动科技（北京）有限公司,2021-10-20,40
数字电路设计工程师,眸芯科技（上海）有限公司,2021-10-20,37
系统设计工程师,眸芯科技（上海）有限公司,2021-10-20,38
综合及后端设计工程师,眸芯科技（上海）有限公司,2021-10-20,42
项目实施顾问,深圳市爱德数智科技股份有限公司,2021-10-20,44
项目实施顾问,深圳市爱德数智科技股份有限公司,2021-10-20,45
项目实施顾问,深圳市爱德数智科技股份有限公司,2021-10-20,43
项目实施顾问,深圳市爱德数智科技股份有限公司,2021-10-20,45
财务审计岗,中铁建设集团有限公司,2021-10-20,48
嵌入式驱动软件工程师,眸芯科技（上海）有限公司,2021-10-20,36
多媒体驱动软件工程师,眸芯科技（上海）有限公司,2021-10-20,39
测试工程师,眸芯科技（上海）有限公司,2021-10-20,39
ISP算法工程师,眸芯科技（上海）有限公司,2021-10-20,38
视频算法工程师,眸芯科技（上海）有限公司,2021-10-20,41
成本造价岗,中铁建设集团有限公司,2021-10-20,51
机械管理岗,中铁建设集团有限公司,2021-10-20,55
电气技术岗,中铁建设集团有限公司,2021-10-20,46
硬件工程师,眸芯科技（上海）有限公司,2021-10-20,40
模拟版图工程师,眸芯科技（上海）有限公司,2021-10-20,39
模拟电路设计工程师,眸芯科技（上海）有限公司,2021-10-20,46
2022届校招算法工程师,叠境数字科技（上海）有限公司,2021-10-20,40
现场应用工程师（FAE）,上海戴世智能科技有限公司,2021-10-20,38
软件工程师（C++）,成都未尔科技有限公司,2021-10-20,46
2022届校招-软件开发工程师,叠境数字科技（上海）有限公司,2021-10-20,39
应用开发,深圳市华屹医疗科技有限公司,2021-10-19,60
模拟电路设计工程师,龙芯中科（南京）技术有限公司,2021-10-19,51
硬件工程师、软件工程师、算法工程师、结构工程师、电路设计工程师、FPGA工程师、测试工程师、微组装工程师等岗位；,青岛智腾微电子有限公司,2021-10-19,81
可靠性工程师、传感器工艺工程师（懂焊接）、微电子工艺工程师等；,青岛智腾微电子有限公司,2021-10-19,65
数字逻辑设计工程师,上海高性能集成电路设计中心,2021-10-19,57
数字逻辑验证工程师,上海高性能集成电路设计中心,2021-10-19,77
数码视讯科技集团2022届校园招聘,北京数码视讯科技股份有限公司,2021-10-19,126
销售工程师（北京、西安、青岛等区域）；,青岛智腾微电子有限公司,2021-10-19,68
管培生——人力、财务、质量、采购、设备管理、战略发展部等方向；,青岛智腾微电子有限公司,2021-10-19,60
集成电路物理设计工程师,上海高性能集成电路设计中心,2021-10-19,59
计算机平台软硬件开发工程师,上海高性能集成电路设计中心,2021-10-19,60
IT系统运维工程师,上海高性能集成电路设计中心,2021-10-19,63
设计自动化（CAD）开发工程师,上海高性能集成电路设计中心,2021-10-19,64
C++软件开发工程师,上海华大九天信息科技有限公司,2021-10-19,49
器件模型开发工程师,上海华大九天信息科技有限公司,2021-10-19,50
软件开发实习生,西安天宇星控信息科技有限公司,2021-10-19,51
组稿编辑,清华大学出版社有限公司,2021-10-19,55
学术编辑,清华大学出版社有限公司,2021-10-19,41
PDK开发工程师,上海华大九天信息科技有限公司,2021-10-19,45
Qt开发工程师,上海华大九天信息科技有限公司,2021-10-19,41
产品验证工程师,上海华大九天信息科技有限公司,2021-10-19,41
期刊编辑,清华大学出版社有限公司,2021-10-19,51
课程编辑（职教）,清华大学出版社有限公司,2021-10-19,33
文稿编辑（计算机）,清华大学出版社有限公司,2021-10-19,40
文稿编辑（理工）,清华大学出版社有限公司,2021-10-19,40
信息化技术员,贵州航天控制技术有限公司,2021-10-19,41
营销助理(经管),清华大学出版社有限公司,2021-10-19,42
营销专员(医学),清华大学出版社有限公司,2021-10-19,36
EDA软件开发工程师,上海华大九天信息科技有限公司,2021-10-19,43
雷达信号处理技术研究岗,北京振兴计量测试研究所,2021-10-19,51
微波系统设计岗,北京振兴计量测试研究所,2021-10-19,54
结构工程师,麒盛科技股份有限公司,2021-10-18,72
软件工程师 （ C++/QT/C#方向 ）,深圳新视智科技术有限公司,2021-10-18,48
算法工程师（图像处理/深度学习方向）,深圳新视智科技术有限公司,2021-10-18,53
电气工程师,深圳新视智科技术有限公司,2021-10-18,52
机器视觉工程师,深圳新视智科技术有限公司,2021-10-18,57
光学工程师,深圳新视智科技术有限公司,2021-10-18,63
模拟IC设计工程师,宁波芯辉科技有限公司西安分公司,2021-10-18,65
算法工程师,宁波芯辉科技有限公司西安分公司,2021-10-18,57
光学设计工程师,深圳迈塔兰斯科技有限公司,2021-10-18,48
光学测试工程师,深圳迈塔兰斯科技有限公司,2021-10-18,45
光学结构工程师,深圳迈塔兰斯科技有限公司,2021-10-18,59
助理研发工程师,西安市新雷能电子科技有限责任公司,2021-10-18,61
用户研究/运营,麒盛科技股份有限公司,2021-10-18,71
软件工程师,麒盛科技股份有限公司,2021-10-18,64
数据工程师,麒盛科技股份有限公司,2021-10-18,52
设计师,麒盛科技股份有限公司,2021-10-18,68
2022届橙星管培生（核保）,中国平安财产保险股份有限公司广东分公司,2021-10-18,54
2022届橙星管培生（职能）,中国平安财产保险股份有限公司广东分公司,2021-10-18,55
Java开发工程师,上海道达信息科技有限公司,2021-10-18,37
软件开发工程师,上海孝庸资产管理有限公司,2021-10-18,41
产品经理助理,上海孝庸资产管理有限公司,2021-10-18,39
2022届橙星管培生（市场营销）,中国平安财产保险股份有限公司广东分公司,2021-10-18,51
IC数字电路工程师,上海江波龙微电子技术有限公司,2021-10-18,41
IC软件工程师,上海江波龙微电子技术有限公司,2021-10-18,43
研发类岗位/工程类岗位/运营支持类岗位,东莞新能德科技有限公司,2021-10-18,53
投资经理助理,方元控股集团有限公司,2021-10-18,45
行政人事助理,方元控股集团有限公司,2021-10-18,44
大数据管理岗,四川嘉源蓉创地质科技有限公司,2021-10-18,44
游戏策划,深圳市火元素网络技术有限公司,2021-10-18,58
游戏运营,深圳市火元素网络技术有限公司,2021-10-18,69
Golang服务端开发工程师,深圳市火元素网络技术有限公司,2021-10-18,52
人力资源专员,四川嘉源蓉创地质科技有限公司,2021-10-18,42
经营专员,四川嘉源蓉创地质科技有限公司,2021-10-18,44
科创青苗计划,四川嘉源蓉创地质科技有限公司,2021-10-18,37
Unity3D开发工程师,深圳市火元素网络技术有限公司,2021-10-18,54
推荐算法工程师,深圳市火元素网络技术有限公司,2021-10-18,48
运维工程师,深圳市火元素网络技术有限公司,2021-10-18,56
测试开发工程师,深圳市火元素网络技术有限公司,2021-10-18,47
C++开发工程师,西安晟昕科技发展有限公司,2021-10-18,48
模拟IC设计工程师,苏州美思迪赛半导体技术有限公司,2021-10-18,40
数字IC设计工程师,苏州美思迪赛半导体技术有限公司,2021-10-18,40
会计助理,杭州拓深科技有限公司,2021-10-15,53
UI设计师,杭州拓深科技有限公司,2021-10-15,47
项目运营专员,杭州拓深科技有限公司,2021-10-15,53
项目申报专员,杭州拓深科技有限公司,2021-10-15,52
硬件产品经理,杭州拓深科技有限公司,2021-10-15,46
软件产品经理,杭州拓深科技有限公司,2021-10-15,43
工业设计师,杭州拓深科技有限公司,2021-10-15,49
web前端开发工程师,杭州拓深科技有限公司,2021-10-15,72
Java开发工程师,杭州拓深科技有限公司,2021-10-15,64
光学设计工程师,南京茂莱光学科技股份有限公司,2021-10-15,103
研发工程师/镀膜方向,南京茂莱光学科技股份有限公司,2021-10-15,95
研发工程师/冷加工方向,南京茂莱光学科技股份有限公司,2021-10-15,99
结构工程师,南京茂莱光学科技股份有限公司,2021-10-15,90
机械博士后,烟台魔技纳米科技有限公司,2021-10-15,65
软件博士后,烟台魔技纳米科技有限公司,2021-10-15,63
化学博士后,烟台魔技纳米科技有限公司,2021-10-15,60
激光工艺博士后,烟台魔技纳米科技有限公司,2021-10-15,65
光学博士后,烟台魔技纳米科技有限公司,2021-10-15,67
人事专员,烟台魔技纳米科技有限公司,2021-10-15,63
行政专员,烟台魔技纳米科技有限公司,2021-10-15,60
总经理助理,烟台魔技纳米科技有限公司,2021-10-15,68
化学实验员,烟台魔技纳米科技有限公司,2021-10-15,53
销售工程师/销售经理,烟台魔技纳米科技有限公司,2021-10-15,67
光学实习生,烟台魔技纳米科技有限公司,2021-10-15,54
硬件工程师,烟台魔技纳米科技有限公司,2021-10-15,68
FPGA工程师,烟台魔技纳米科技有限公司,2021-10-15,59
电气工程师,烟台魔技纳米科技有限公司,2021-10-15,64
机械工艺工程师,烟台魔技纳米科技有限公司,2021-10-15,57
机械设计工程师,烟台魔技纳米科技有限公司,2021-10-15,72
助理软件工程师,烟台魔技纳米科技有限公司,2021-10-15,59
机械工程师,徐州徐工矿业机械有限公司,2021-10-15,56
传动/动力工程师,徐州徐工矿业机械有限公司,2021-10-15,48
电气工程师,徐州徐工矿业机械有限公司,2021-10-15,53
控制工程师,徐州徐工矿业机械有限公司,2021-10-15,56
装配工艺师,徐州徐工矿业机械有限公司,2021-10-15,58
供方开发工程师,徐州徐工矿业机械有限公司,2021-10-15,50
焊接工艺师,徐州徐工矿业机械有限公司,2021-10-15,49
标准化工程师,徐州徐工矿业机械有限公司,2021-10-15,46
海外销售经理,徐州徐工矿业机械有限公司,2021-10-15,49
销售经理,徐州徐工矿业机械有限公司,2021-10-15,45
品牌管理/市场分析,徐州徐工矿业机械有限公司,2021-10-15,55
生产管理,徐州徐工矿业机械有限公司,2021-10-15,46
精益生产管理,徐州徐工矿业机械有限公司,2021-10-15,54
光学研发主管,烟台魔技纳米科技有限公司,2021-10-15,64
设备工程师,徐州徐工矿业机械有限公司,2021-10-15,47
质量体系管理,徐州徐工矿业机械有限公司,2021-10-15,54
光学设计工程师,烟台魔技纳米科技有限公司,2021-10-15,53
激光工艺工程师,烟台魔技纳米科技有限公司,2021-10-15,71
助理化学工程师,烟台魔技纳米科技有限公司,2021-10-15,67
C++工程师,烟台魔技纳米科技有限公司,2021-10-15,62
图像识别算法工程师,烟台魔技纳米科技有限公司,2021-10-15,66
企业级销售管理培训生（专业不限）,上海英方软件股份有限公司,2021-10-15,107
进站博士后,云河（河南）信息科技有限公司,2021-10-15,76
企业级销售管理培训生（专业不限）,上海英方软件股份有限公司,2021-10-15,91
C++研发工程师,上海英方软件股份有限公司,2021-10-15,104
企业级销售管理培训生-全国各省会城市-专业不限,上海英方软件股份有限公司,2021-10-15,88
C++研发工程师,上海英方软件股份有限公司,2021-10-15,106
C++研发工程师,上海英方软件股份有限公司,2021-10-15,99
制程工程师,泉意光罩光电科技（济南）有限公司,2021-10-15,53
JAVA研发工程师,上海英方软件股份有限公司,2021-10-15,89
JAVA研发工程师,上海英方软件股份有限公司,2021-10-15,93
光罩数据处理工程师,泉意光罩光电科技（济南）有限公司,2021-10-15,54
测试工程师,上海英方软件股份有限公司,2021-10-15,89
测试工程师,上海英方软件股份有限公司,2021-10-15,133
测试开发工程师（JAVA基础）,上海英方软件股份有限公司,2021-10-15,95
企业级销售管理培训生-专业不限-全国省会,上海英方软件股份有限公司,2021-10-15,85
企业级销售管理培训生-专业不限-全国省会,上海英方软件股份有限公司,2021-10-15,95
PHP开发工程师,上海英方软件股份有限公司,2021-10-15,88
售后工程师(产品部),上海英方软件股份有限公司,2021-10-15,951
锦跃生/未来翼,宝鸡锦之鸿企业管理有限公司,2021-10-15,41
企业级销售管理培训生-专业不限-全国省会城市,上海英方软件股份有限公司,2021-10-15,85
软件开发工程师,泉意光罩光电科技（济南）有限公司,2021-10-15,50
企业级销售管理培训生,上海英方软件股份有限公司,2021-10-15,94
算法工程师（实习）,深圳市先河系统技术有限公司,2021-10-15,46
软件工程师（实习）,深圳市先河系统技术有限公司,2021-10-15,47
企业级销售管理培训生-专业不限-全国省会城市,上海英方软件股份有限公司,2021-10-15,76
生产管理储备干部,福建海创光电有限公司,2021-10-15,56
产品/工艺/质量工程师,福建海创光电有限公司,2021-10-15,51
研发工程师,福建海创光电有限公司,2021-10-15,59
区块链研究员,深圳市先河系统技术有限公司,2021-10-15,47
硬件开发工程师,杭州拓深科技有限公司,2021-10-15,54
软件测试工程师,杭州拓深科技有限公司,2021-10-15,57
硬件测试工程师,杭州拓深科技有限公司,2021-10-15,52
AI算法工程师,北京阿丘机器人科技有限公司,2021-10-15,55
企业级销售管理培训生-专业不限-全国省会城市,上海英方软件股份有限公司,2021-10-15,91
研发项目负责人,福建海创光电有限公司,2021-10-15,55
企业级管理培训生-专业不限-全国省会,上海英方软件股份有限公司,2021-10-15,89
售前工程师,杭州拓深科技有限公司,2021-10-15,50
市场商务合作专员（专业不限）,上海英方软件股份有限公司,2021-10-15,84
软件研发工程师（全国）,长沙星融元数据技术有限公司,2021-10-15,62
技术支持工程师,杭州拓深科技有限公司,2021-10-15,42
必创科技2022秋季校园招聘,北京必创科技股份有限公司,2021-10-15,74
人力资源实习生,杭州拓深科技有限公司,2021-10-15,40
运营助理,杭州拓深科技有限公司,2021-10-15,43
智能制造工程师,重庆长安汽车股份有限公司,2021-10-15,38
嵌入式开发工程师,杭州拓深科技有限公司,2021-10-15,47
销售工程师,杭州拓深科技有限公司,2021-10-15,48
电磁兼容技术支持工程师,广州广电计量检测股份有限公司,2021-10-14,120
数字IC验证工程师,西人马联合测控（泉州）科技有限公司,2021-10-14,56
数字IC设计工程师,西人马联合测控（泉州）科技有限公司,2021-10-14,54
MEMS研发工程师,西人马联合测控（泉州）科技有限公司,2021-10-14,53
计算机运维人员,上海申铁信息工程有限公司,2021-10-14,53
计算机软件开发人员,上海申铁信息工程有限公司,2021-10-14,45
新媒体运营,万达信息股份有限公司,2021-10-14,123
系统集成工程师,万达信息股份有限公司,2021-10-14,110
软件开发工程师,贵州省邮电规划设计院有限公司,2021-10-14,70
信息化咨询师,贵州省邮电规划设计院有限公司,2021-10-14,59
运营咨询工程师,贵州省邮电规划设计院有限公司,2021-10-14,57
质量助理,西安德纳检验检测有限公司,2021-10-14,48
助理检测工程师,西安德纳检验检测有限公司,2021-10-14,49
自动控制系统研发工程师,深圳市中钞科信金融科技有限公司成都分公司,2021-10-14,41
算法工程师 （计算机视觉&amp;AI方向）,深圳思谋信息科技有限公司,2021-10-14,119
证券交易员,西安天勤汇理私募基金管理有限公司,2021-10-14,78
计算机软件开发人员,上海申铁信息工程有限公司,2021-10-14,50
计算机软件开发人员,上海申铁信息工程有限公司,2021-10-14,46
软件开发工程师岗,万达信息股份有限公司,2021-10-14,112
前端开发工程师,深圳思谋信息科技有限公司,2021-10-14,113
后台开发工程师,深圳思谋信息科技有限公司,2021-10-14,119
应用开发工程师,深圳思谋信息科技有限公司,2021-10-14,111
算法工程师,万达信息股份有限公司,2021-10-14,112
售前解决方案岗,万达信息股份有限公司,2021-10-14,116
仿真平台CFD数值算法研发工程师（北京/上海）,安世亚太科技股份有限公司,2021-10-14,53
高性能计算HPC研发工程师（北京/上海）,安世亚太科技股份有限公司,2021-10-14,48
销售工程师,西安德纳检验检测有限公司,2021-10-14,44
高性能计算工程师,深圳思谋信息科技有限公司,2021-10-14,120
软件开发工程师,深圳思谋信息科技有限公司,2021-10-14,113
UI/UED工程师,深圳思谋信息科技有限公司,2021-10-14,104
机械研发工程师（2022）,陕西航天动力高科技股份有限公司,2021-10-14,69
设计工程师,山东泰开电力电子有限公司,2021-10-14,74
算法工程师（图像处理方向）,深圳市中钞科信金融科技有限公司成都分公司,2021-10-14,48
软件开发工程师（图像处理方向）,深圳市中钞科信金融科技有限公司成都分公司,2021-10-14,44
销售助理,深圳市中钞科信金融科技有限公司成都分公司,2021-10-14,39
测试工程师,上海芯圣电子股份有限公司,2021-10-14,43
JAVA工程师(前端、后端、全栈）,深圳市中钞科信金融科技有限公司成都分公司,2021-10-14,48
现场运维工程师(成都、广州、北京、上海、保定）,深圳市中钞科信金融科技有限公司成都分公司,2021-10-14,47
电磁兼容仿真工程师,广州广电计量检测股份有限公司,2021-10-14,115
测试工程师,深圳思谋信息科技有限公司,2021-10-14,96
电磁兼容整改工程师,广州广电计量检测股份有限公司,2021-10-14,115
系统应用工程师,上海芯圣电子股份有限公司,2021-10-14,48
解决方案架构师,深圳思谋信息科技有限公司,2021-10-14,105
研发工程师（3个研发方向）,上海芯圣电子股份有限公司,2021-10-14,45
技术支持工程师（FAE）,上海芯圣电子股份有限公司,2021-10-14,47
教师岗,广西民族大学,2021-10-14,47
研发管培生,上海龙胜实业有限公司,2021-10-13,59
新材料开发工程师,常州亿晶光电科技有限公司,2021-10-13,55
国际市场营销,常州亿晶光电科技有限公司,2021-10-13,48
国内市场营销,常州亿晶光电科技有限公司,2021-10-13,56
研发设计工程师,中国人民解放军海军701工厂,2021-10-13,72
研究人员,鹏城实验室,2021-10-13,57
（校园招聘）技术研发岗—本科学历,太初（无锡）电子科技有限公司,2021-10-13,84
（校园招聘）技术研发岗——硕士及以上学历,太初（无锡）电子科技有限公司,2021-10-13,86
项目招投标专员,浙江华是科技股份有限公司,2021-10-13,73
核算工程师,浙江华是科技股份有限公司,2021-10-13,69
光学工程师,湖南长城海盾光纤科技有限公司,2021-10-13,57
检测师,中国人民解放军海军701工厂,2021-10-13,65
C/C++软件工程师（Linux，嵌入式，单片机，智能应用）,浙江华是科技股份有限公司,2021-10-13,81
.NET工程师,浙江华是科技股份有限公司,2021-10-13,92
算法工程师,浙江华是科技股份有限公司,2021-10-13,97
工程技术员,中国人民解放军海军701工厂,2021-10-13,69
软件开发工程师,惠州华阳通用电子有限公司,2021-10-13,137
软件开发工程师-通用软件开发（IT方向）,惠州华阳通用电子有限公司,2021-10-13,134
销售经理,惠州华阳通用电子有限公司,2021-10-13,120
集成电路设计,上海微波技术研究所（中国电子科技集团公司第五十研究所）,2021-10-13,73
ISP图像开发工程师,浙江华是科技股份有限公司,2021-10-13,78
项目实施工程师,浙江华是科技股份有限公司,2021-10-13,62
声网2022校园宣传大使,上海极音网络科技有限公司,2021-10-13,77
芯片设计工程师,国科光芯（海宁）科技股份有限公司,2021-10-13,44
机械自动化设计工程师,成都天锐星通科技有限公司,2021-10-13,55
重庆金康新能源汽车有限公司,重庆金康新能源汽车有限公司,2021-10-13,46
电源软件算法工程师,深圳市正浩创新科技股份有限公司,2021-10-13,66
通信系统设计,上海微波技术研究所（中国电子科技集团公司第五十研究所）,2021-10-13,65
探测系统总体设计,上海微波技术研究所（中国电子科技集团公司第五十研究所）,2021-10-13,67
射频电路设计,上海微波技术研究所（中国电子科技集团公司第五十研究所）,2021-10-13,65
管理培训生-教学/教研方向,陕西文都教育科技有限公司,2021-10-13,49
管理培训生-业务方向,陕西文都教育科技有限公司,2021-10-13,46
数字电路设计工程师,上海微波技术研究所（中国电子科技集团公司第五十研究所）,2021-10-13,63
管理培训生-职能方向,陕西文都教育科技有限公司,2021-10-13,46
嵌入式软件工程师,上海微波技术研究所（中国电子科技集团公司第五十研究所）,2021-10-13,58
研发设计工程师,中国兵器装备集团兵器装备研究所,2021-10-13,58
天线工程师,成都天锐星通科技有限公司,2021-10-13,54
射频工程师,成都天锐星通科技有限公司,2021-10-13,54
电磁算法工程师（测试方向）,成都天锐星通科技有限公司,2021-10-13,56
测试总体研究,成都天锐星通科技有限公司,2021-10-13,54
测试系统集成工程师（侧重理论仿真）,成都天锐星通科技有限公司,2021-10-13,47
测试系统集成工程师（侧重实现制造）,成都天锐星通科技有限公司,2021-10-13,43
销售管培生,上海龙胜实业有限公司,2021-10-13,61
控制算法工程师,深圳市普博医疗科技股份有限公司,2021-10-13,99
机械工程师,赛尔富电子有限公司,2021-10-12,77
测试工程师,赛尔富电子有限公司,2021-10-12,65
工业设计师,赛尔富电子有限公司,2021-10-12,63
Java开发工程师,赛尔富电子有限公司,2021-10-12,55
硬件开发工程师,厦门信泰思科技有限公司,2021-10-12,109
应届本科,泉州市三安集成电路有限公司,2021-10-12,74
软件开发工程师,厦门信泰思科技有限公司,2021-10-12,111
项目经理,厦门信泰思科技有限公司,2021-10-12,117
 碳化硅研发博士,东莞市天域半导体科技有限公司,2021-10-12,60
碳化硅工艺工程师,东莞市天域半导体科技有限公司,2021-10-12,62
应届硕士,泉州市三安集成电路有限公司,2021-10-12,174
生产管理储备干部,厦门信泰思科技有限公司,2021-10-12,121
碳化硅研发工程师,东莞市天域半导体科技有限公司,2021-10-12,55
电真空设计师,成都国光电气股份有限公司,2021-10-12,50
java开发工程师,武汉佰钧成技术有限责任公司,2021-10-12,48
销售,以诺康医疗科技（苏州）有限公司,2021-10-12,45
研发设计类管培生-本科,浙江上风高科专风实业股份有限公司,2021-10-12,51
人力资源专员,河南牧原物流有限公司,2021-10-12,51
框架工程师,武汉佰钧成技术有限责任公司,2021-10-12,46
Java/前端/测试实习生,武汉佰钧成技术有限责任公司,2021-10-12,47
框架工程师,武汉佰钧成技术有限责任公司,2021-10-12,44
研发设计类管培生-硕士,浙江上风高科专风实业股份有限公司,2021-10-12,53
管理支持类管培生,浙江上风高科专风实业股份有限公司,2021-10-12,47
客户销售代表,神州数码（中国）有限公司西安分公司,2021-10-12,41
中台英才生,神州数码（中国）有限公司西安分公司,2021-10-12,45
董事长助理,南京摄星智能科技有限公司,2021-10-12,46
框架工程师,武汉佰钧成技术有限责任公司,2021-10-12,46
应用软件工程师,武汉佰钧成技术有限责任公司,2021-10-12,52
应用软件工程师,武汉佰钧成技术有限责任公司,2021-10-12,41
芯片设计&amp;验证工程师,深圳市遇贤微电子有限公司,2021-10-12,51
应用软件工程师,武汉佰钧成技术有限责任公司,2021-10-12,44
嵌入式软件开发工程师,深圳市遇贤微电子有限公司,2021-10-12,46
企业管理设计与评估工程师,南京摄星智能科技有限公司,2021-10-12,41
芯片设计工程师,山东方寸微电子科技有限公司,2021-10-12,132
助理PCB工程师,武汉佰钧成技术有限责任公司,2021-10-12,47
助理基带工程师,武汉佰钧成技术有限责任公司,2021-10-12,49
嵌入式软件开发工程师,武汉航达航空科技发展有限公司,2021-10-12,46
飞机附件研发工程师,武汉航达航空科技发展有限公司,2021-10-12,57
电机开发工程师,武汉航达航空科技发展有限公司,2021-10-12,72
python开发工程师,壹沓科技（上海）有限公司,2021-10-12,71
专业技术岗,厦门水务集团有限公司,2021-10-11,47
RFIC设计工程师,北京博瑞微电子科技有限公司,2021-10-11,81
供应商质量工程师,重庆安道拓汽车部件系统有限公司,2021-10-11,51
供应商质量工程师,重庆安道拓汽车部件系统有限公司,2021-10-11,52
制造工程师,重庆安道拓汽车部件系统有限公司,2021-10-11,53
密码产品安全测评工程师,高维密码测评技术（山东）有限公司,2021-10-11,44
设备工程师,重庆安道拓汽车部件系统有限公司,2021-10-11,51
质量工程师,重庆安道拓汽车部件系统有限公司,2021-10-11,48
物料工程师,重庆安道拓汽车部件系统有限公司,2021-10-11,46
研发工程师,北京数码大方科技股份有限公司,2021-10-11,46
业务顾问,上海甄汇信息科技有限公司,2021-10-11,179
Java开发工程师,成都精灵云科技有限公司,2021-10-11,128
Java技术顾问,上海甄汇信息科技有限公司,2021-10-11,184
测试工程师,成都精灵云科技有限公司,2021-10-11,121
客户成功顾问,上海甄汇信息科技有限公司,2021-10-11,189
紫光展锐2022校招-非技术类岗位热招中,紫光展锐（上海）科技有限公司,2021-10-11,48
技术工程师,北京数码大方科技股份有限公司,2021-10-11,39
销售管培生,北京数码大方科技股份有限公司,2021-10-11,47
Java开发工程师,上海甄汇信息科技有限公司,2021-10-11,191
软件开发类,楷知信息科技（上海）有限公司西安分公司,2021-10-11,47
解决方案工程师岗,成都精灵云科技有限公司,2021-10-11,117
软件开发类,楷知信息科技（上海）有限公司西安分公司,2021-10-11,57
汽车内饰造型设计师,爱优卡（天津）汽车科技有限公司,2021-10-11,55
物流管理岗,河南牧原物流有限公司,2021-10-11,53
前端开发工程师,北京云辰信通科技有限公司,2021-10-11,43
电子技术研发工程师,西安卫光科技有限公司,2021-10-11,61
生产管培生/职能管培生,四川晶科能源有限公司,2021-10-11,293
芯片安全测评工程师,高维密码测评技术（山东）有限公司,2021-10-11,51
通讯云研发-后台研发工程师,北京易掌云峰科技有限公司,2021-10-11,72
客服云研发-前端工程师,北京易掌云峰科技有限公司,2021-10-11,59
模拟IC设计工程师,北京博瑞微电子科技有限公司,2021-10-11,59
电子工程师,深圳宜美智科技股份有限公司,2021-10-11,147
技术研发岗,西南通信研究所（中国电子科技集团公司第三十研究所）,2021-10-11,69
通讯云研发-测试工程师,北京易掌云峰科技有限公司,2021-10-11,70
私有云-Java工程师,北京易掌云峰科技有限公司,2021-10-11,62
机械工程师,深圳宜美智科技股份有限公司,2021-10-11,158
光学工程师,深圳宜美智科技股份有限公司,2021-10-11,156
激光工程师,深圳宜美智科技股份有限公司,2021-10-11,159
私有云-前端工程师,北京易掌云峰科技有限公司,2021-10-11,61
校园大使,亿次网联（杭州）科技有限公司,2021-10-11,49
私有云-Java工程师,北京易掌云峰科技有限公司,2021-10-11,70
私有云-前端工程师,北京易掌云峰科技有限公司,2021-10-11,63
私有云-Java工程师,北京易掌云峰科技有限公司,2021-10-11,61
机械设备工程师,芜湖新兴铸管有限责任公司,2021-10-10,40
软件工程师,芜湖新兴铸管有限责任公司,2021-10-10,45
电气工程师,芜湖新兴铸管有限责任公司,2021-10-10,43
股票交易员,西安天勤汇理私募基金管理有限公司,2021-10-10,67
质量工程师,盛合晶微半导体（江阴）有限公司,2021-10-09,43
硬件工程师,盛合晶微半导体（江阴）有限公司,2021-10-09,44
测试工程师,盛合晶微半导体（江阴）有限公司,2021-10-09,45
设备工程师,盛合晶微半导体（江阴）有限公司,2021-10-09,48
工艺整合工程师,盛合晶微半导体（江阴）有限公司,2021-10-09,44
工艺工程师,盛合晶微半导体（江阴）有限公司,2021-10-09,48
研发工程师,盛合晶微半导体（江阴）有限公司,2021-10-09,48
信息技术类,山推工程机械股份有限公司,2021-10-09,56
研发/工艺类,山推工程机械股份有限公司,2021-10-09,56
软件工程师,杭州柳叶刀机器人有限公司,2021-10-09,47
软饰设计工程师,重庆安道拓汽车部件系统有限公司,2021-10-09,54
机器人算法工程师,杭州柳叶刀机器人有限公司,2021-10-09,51
医学影像算法工程师,杭州柳叶刀机器人有限公司,2021-10-09,43
骨架设计工程师,重庆安道拓汽车部件系统有限公司,2021-10-09,52
研发工程师,重庆安道拓汽车部件系统有限公司,2021-10-09,52
样件工程师,重庆安道拓汽车部件系统有限公司,2021-10-09,49
产品工程师,重庆安道拓汽车部件系统有限公司,2021-10-09,49
工业设计师,重庆安道拓汽车部件系统有限公司,2021-10-09,50
先期制造工程师,重庆安道拓汽车部件系统有限公司,2021-10-09,51
生信工程师,北京中科生信教育科技有限公司,2021-10-09,52
C#开发工程师,上海绎维软件系统有限公司,2021-10-09,55
C++开发工程师,上海绎维软件系统有限公司,2021-10-09,57
Java开发工程师,上海绎维软件系统有限公司,2021-10-09,61
Web前端工程师,上海绎维软件系统有限公司,2021-10-09,60
测试工程师,上海绎维软件系统有限公司,2021-10-09,54
综合类岗位（14大类见职位详情）,深圳联友科技有限公司,2021-10-09,115
技术支持工程师,北京中科生信教育科技有限公司,2021-10-09,44
市场代表,北京中科生信教育科技有限公司,2021-10-09,41
芯片设计工程师,北京物芯科技有限责任公司,2021-10-09,113
OSH“雁翔·青葵2022”项目校园招聘,中国外运华中有限公司,2021-10-09,39
助理生信工程师,北京中科生信教育科技有限公司,2021-10-09,40
C++软件工程师,深圳优艾智合机器人科技有限公司,2021-10-09,64
嵌入式软件工程师,深圳优艾智合机器人科技有限公司,2021-10-09,60
JAVA软件工程师,深圳优艾智合机器人科技有限公司,2021-10-09,63
模拟IC工程师,北京神经元网络技术有限公司,2021-10-09,112
SLAM算法工程师,深圳优艾智合机器人科技有限公司,2021-10-09,70
C#软件工程师,深圳优艾智合机器人科技有限公司,2021-10-09,61
硬件测试工程师,深圳优艾智合机器人科技有限公司,2021-10-09,59
软件测试工程师,深圳优艾智合机器人科技有限公司,2021-10-09,53
机械/结构设计工程师,深圳优艾智合机器人科技有限公司,2021-10-09,68
产品助理,深圳优艾智合机器人科技有限公司,2021-10-09,58
招聘专员,深圳优艾智合机器人科技有限公司,2021-10-09,62
博士后,上海人工智能创新中心,2021-10-09,43
OpenMMLab算法研究员,上海人工智能创新中心,2021-10-09,36
校招-前端开发工程师,北京木瓜移动科技股份有限公司,2021-10-09,48
软件开发工程师,盛合晶微半导体（江阴）有限公司,2021-10-09,44
决策AI算法研究员,上海人工智能创新中心,2021-10-09,36
校招-Python开发工程师,北京木瓜移动科技股份有限公司,2021-10-09,44
AI青年科学家,上海人工智能创新中心,2021-10-09,43
校招-产品经理,北京木瓜移动科技股份有限公司,2021-10-09,47
校招-新媒体运营,北京木瓜移动科技股份有限公司,2021-10-09,39
光学设计师,中国科学院上海光学精密机械研究所,2021-10-08,97
结构设计师,中国科学院上海光学精密机械研究所,2021-10-08,101
电路设计师,中国科学院上海光学精密机械研究所,2021-10-08,100
软件设计师,中国科学院上海光学精密机械研究所,2021-10-08,101
激光探测研发工程师,中国科学院上海光学精密机械研究所,2021-10-08,107
激光器研发工程师,中国科学院上海光学精密机械研究所,2021-10-08,95
自动控制工程师,中国科学院上海光学精密机械研究所,2021-10-08,96
光功能材料研发工程师,中国科学院上海光学精密机械研究所,2021-10-08,93
博士后,中国科学院上海光学精密机械研究所,2021-10-08,91
机构业务管理培训生,国泰君安期货有限公司陕西分公司,2021-10-08,57
英文学术期刊助理编辑,曼迪匹艾（北京）科技服务有限公司,2021-10-08,46
FPGA工程师,上海瀚讯信息技术股份有限公司,2021-10-08,40
研发序列/营销序列/技术序列,烟台东方威思顿电气有限公司,2021-10-08,73
嵌入式软件工程师,浙江捷昌线性驱动科技股份有限公司,2021-10-08,101
系统工程师,罗森伯格技术有限公司,2021-10-08,39
中试工程师,罗森伯格技术有限公司,2021-10-08,38
硬件工程师,罗森伯格技术有限公司,2021-10-08,37
专利审查员,国家知识产权局专利局专利审查协作江苏中心,2021-10-08,120
研发管培生,深圳市博敏电子有限公司,2021-10-08,38
嵌入式软件工程师,罗森伯格技术有限公司,2021-10-08,37
工艺管培生,深圳市博敏电子有限公司,2021-10-08,38
数字芯片设计工程师,哲库科技（上海）有限公司,2021-10-08,77
蓝诺微银（北京）信息技术有限公司,蓝诺微银（北京）信息技术有限公司,2021-10-08,65
Andorid开发工程师,蓝诺微银（北京）信息技术有限公司,2021-10-08,50
管培生,南京恒电电子有限公司,2021-10-08,59
北森2022届校园招聘简章（互联网企业、HRSaaS独家兽、九险一金）,北森云计算有限公司,2021-10-08,55
职业卫生工程师,荣芯半导体（宁波）有限公司,2021-10-07,52
工安工程师,荣芯半导体（宁波）有限公司,2021-10-07,52
环保工程师,荣芯半导体（宁波）有限公司,2021-10-07,51
电气工程师,荣芯半导体（宁波）有限公司,2021-10-07,54
伊利2022年校招-生产专训生（液态奶）,定州伊利乳业有限责任公司,2021-10-07,53
体系工程师,荣芯半导体（宁波）有限公司,2021-10-07,54
ERC工程师,荣芯半导体（宁波）有限公司,2021-10-07,52
机械工程师,荣芯半导体（宁波）有限公司,2021-10-07,52
水处理工程师,荣芯半导体（宁波）有限公司,2021-10-07,50
化学系统工程师,荣芯半导体（宁波）有限公司,2021-10-07,53
气体系统工程师,荣芯半导体（宁波）有限公司,2021-10-07,53
制程工程师,荣芯半导体（宁波）有限公司,2021-10-07,53
整合工程师,荣芯半导体（宁波）有限公司,2021-10-07,56
设备工程师,荣芯半导体（宁波）有限公司,2021-10-07,52
制造工程师,荣芯半导体（宁波）有限公司,2021-10-07,51
IE工程师,荣芯半导体（宁波）有限公司,2021-10-07,50
采购专员/助理,荣芯半导体（宁波）有限公司,2021-10-07,50
IT助理工程师,荣芯半导体（宁波）有限公司,2021-10-07,51
质量与可靠性工程师,荣芯半导体（宁波）有限公司,2021-10-07,54
HR专员,荣芯半导体（宁波）有限公司,2021-10-07,48
结构强度设计师,北京金朋达航空科技有限公司,2021-10-06,62
机械设计师,浙江泰林生物技术股份有限公司,2021-10-06,59
电气工程师,浙江泰林生物技术股份有限公司,2021-10-06,60
嵌入式软件工程师,浙江泰林生物技术股份有限公司,2021-10-06,58
研发工程师（生物）,浙江泰林生物技术股份有限公司,2021-10-06,75
教师,滨州职业学院,2021-10-06,150
南京大学普惠三农金融科技创新研究中心2021青年教师（大数据AI区块链）岗招聘,南京大学,2021-10-06,47
总体设计岗,北京金朋达航空科技有限公司,2021-10-06,62
电子技术研发工程师,浙江泰林生物技术股份有限公司,2021-10-06,65
产品设计（继电器）,厦门宏发汽车电子有限公司,2021-10-05,51
雷达随动设计师,陕西黄河集团有限公司,2021-10-03,63
雷达中高频电路设计,陕西黄河集团有限公司,2021-10-03,62
雷达总体设计师,陕西黄河集团有限公司,2021-10-03,70
雷达天馈设计师,陕西黄河集团有限公司,2021-10-03,75
雷达计算机系统软件设计师,陕西黄河集团有限公司,2021-10-03,61
雷达信号处理系统线路软件设计,陕西黄河集团有限公司,2021-10-03,52