序号,招聘主题,用人单位,发布日期,浏览次数
0,测试工程师,才立方,2021-12-30,2
1,业务实施顾问,才立方,2021-12-29,81
2,人力资源管理,风神轮胎股份有限公司,2021-12-29,59
3,IT工程师,风神轮胎股份有限公司,2021-12-29,49
4,IT工程师,风神轮胎股份有限公司,2021-12-29,49
5,产品研发工程师,贵州振华群英电器有限公司（国营第八九一厂）,2021-12-29,48
6,工艺质量管理,风神轮胎股份有限公司,2021-12-29,42
7,校园招聘HR,上海链家房地产经纪有限公司,2021-12-29,45
8,产品研发,风神轮胎股份有限公司,2021-12-29,43
9,产品研发,风神轮胎股份有限公司,2021-12-29,41
10,车间主任助理,深圳振华富电子有限公司,2021-12-29,48
11,IC设计工程师,深圳振华富电子有限公司,2021-12-29,46
12,微波元件工程师,深圳振华富电子有限公司,2021-12-29,45
13,IC设计工程师,贵州振华风光半导体股份有限公司,2021-12-29,52
14,技术支持工程师,贵州振华风光半导体股份有限公司,2021-12-29,52
15,工艺工程师,贵州振华风光半导体股份有限公司,2021-12-29,44
16,IC测试工程师,贵州振华风光半导体股份有限公司,2021-12-29,51
17,数字IC设计工程师,贵州振华风光半导体股份有限公司,2021-12-29,72
18,模拟IC设计工程师,贵州振华风光半导体股份有限公司,2021-12-29,45
19,软件开发工程师,中国振华集团永光电子有限公司（国营第八七三厂）,2021-12-29,49
20,销售员,贵州振华华联电子有限公司,2021-12-29,39
21,产品检测工程师,中国振华集团永光电子有限公司（国营第八七三厂）,2021-12-29,53
22,陈华,贵州振华华联电子有限公司,2021-12-29,30
23,产品应用工程师,中国振华集团永光电子有限公司（国营第八七三厂）,2021-12-29,41
24,人力资源管理专员,贵州振华华联电子有限公司,2021-12-29,27
25,工艺工程师,贵州振华华联电子有限公司,2021-12-29,28
26,工艺工程师,中国振华集团永光电子有限公司（国营第八七三厂）,2021-12-29,38
27,电子开关研发工程师,贵州振华华联电子有限公司,2021-12-29,30
28,产品研发设计工程师,中国振华集团永光电子有限公司（国营第八七三厂）,2021-12-29,44
29,电子组件研发工程师,贵州振华华联电子有限公司,2021-12-29,29
30,产品研发设计工程师,中国振华集团永光电子有限公司（国营第八七三厂）,2021-12-29,30
31,材料研发工程师,中国振华集团云科电子有限公司,2021-12-29,26
32,工艺工程师,深圳市振华微电子有限公司,2021-12-29,29
33,测试工程师,成都华微科技有限公司,2021-12-29,61
34,产品设计师,中国振华电子集团宇光电工有限公司（国营第七七一厂）,2021-12-29,25
35,项目研发员,中国振华电子集团宇光电工有限公司（国营第七七一厂）,2021-12-29,28
36,电子工程技术员,中国振华电子集团宇光电工有限公司（国营第七七一厂）,2021-12-29,36
37,研发工程师,东莞市振华新能源科技有限公司,2021-12-29,26
38,微波电路设计师,中国振华集团云科电子有限公司,2021-12-29,23
39,研发工程师,深圳市振华微电子有限公司,2021-12-29,48
40,产品技术员,中国振华（集团）新云电子元器件有限责任公司（国营第四三二六厂）,2021-12-29,27
41,2022校招-软件研发岗,鸿合科技股份有限公司,2021-12-29,18
42,2022校招-技术开发岗,鸿合科技股份有限公司,2021-12-29,18
43,2022校招-职能市场类,鸿合科技股份有限公司,2021-12-29,19
44,设备管理,风神轮胎股份有限公司,2021-12-29,19
45,技术研发岗,深圳麦克韦尔科技有限公司,2021-12-29,18
46,工艺工程师,贵州振华群英电器有限公司（国营第八九一厂）,2021-12-29,19
47,人力资源管理,风神轮胎股份有限公司,2021-12-29,18
48,航天行云（航天科工四院卫星总体单位）2022年度校园招聘,航天行云科技有限公司,2021-12-29,17
49,核电工程师,国核示范电站有限责任公司,2021-12-28,17
50,专利工程师,广州德科知识产权代理有限公司西安分公司,2021-12-27,52
51,机械工程师,安徽巨一科技股份有限公司,2021-12-27,48
52,上位机软件工程师,安徽巨一科技股份有限公司,2021-12-27,37
53,销售工程师,特法尔（北京）科技有限公司,2021-12-27,30
54,产品工程师,深圳市安保科技有限公司,2021-12-27,29
55,整机工艺工程师,深圳市安保科技有限公司,2021-12-27,29
56, 算法工程师(杭州、武汉),华芯巨数（杭州）微电子有限公司,2021-12-27,30
57,软件开发工程师（杭州、武汉）,华芯巨数（杭州）微电子有限公司,2021-12-27,29
58,软件测试工程师(杭州、武汉),华芯巨数（杭州）微电子有限公司,2021-12-27,29
59,产品应用工程师(杭州、武汉）,华芯巨数（杭州）微电子有限公司,2021-12-27,31
60,测试工程师,深圳市安保科技有限公司,2021-12-27,28
61,机械开发工程师,杰克缝纫机股份有限公司,2021-12-24,112
62,控制软件工程师,杰克缝纫机股份有限公司,2021-12-24,99
63,硬件工程师,杰克缝纫机股份有限公司,2021-12-24,98
64,应用软件工程师,杰克缝纫机股份有限公司,2021-12-24,94
65,电机结构工程师,杰克缝纫机股份有限公司,2021-12-24,94
66,测试工程师,杰克缝纫机股份有限公司,2021-12-24,92
67,国内营销类,杰克缝纫机股份有限公司,2021-12-24,91
68,海外营销专员,杰克缝纫机股份有限公司,2021-12-24,91
69,售后服务/客户服务,杰克缝纫机股份有限公司,2021-12-24,88
70,生产管理储备,杰克缝纫机股份有限公司,2021-12-24,96
71,财务会计,杰克缝纫机股份有限公司,2021-12-24,87
72,人力资源专员,杰克缝纫机股份有限公司,2021-12-24,93
73,信息化管理岗,中国市政工程西南设计研究总院有限公司,2021-12-24,87
74,事业单位工作人员,胶州市人力资源和社会保障局,2021-12-24,90
75,营销岗,长鹰信质科技股份有限公司,2021-12-24,84
76,研发岗,长鹰信质科技股份有限公司,2021-12-24,82
77,项目岗,长鹰信质科技股份有限公司,2021-12-24,82
78,质量岗,长鹰信质科技股份有限公司,2021-12-24,83
79,机械专利工程师,西安贵谦知识产权代理有限公司,2021-12-24,33
80,宇通校园猎头,郑州宇通集团有限公司,2021-12-24,89
81,电学/通信领域专利工程师,西安贵谦知识产权代理有限公司,2021-12-24,38
82,研发工程师,南京汉隆科技有限公司,2021-12-24,27
83,嵌入式软件工程师,湖南北云科技有限公司,2021-12-24,28
84,高级专利工程师,西安贵谦知识产权代理有限公司,2021-12-24,26
85,测试工程师,南京汉隆科技有限公司,2021-12-24,26
86,超潜管培生（证券研究方向）,锐方（上海）私募基金管理有限公司,2021-12-24,28
87,渠道销售总监,深圳市巨博华投资有限公司,2021-12-23,82
88,技术岗/职能岗,广州地铁设计研究院股份有限公司,2021-12-23,78
89,生产研发工程师,浙江黎明智造股份有限公司,2021-12-23,76
90,质量工程师,浙江黎明智造股份有限公司,2021-12-23,70
91,模具设计工程师,浙江黎明智造股份有限公司,2021-12-23,71
92,电气自动化工程师,浙江黎明智造股份有限公司,2021-12-23,68
93,量化系统开发工程师,深圳市巨博华投资有限公司,2021-12-23,73
94,渠道销售经理,深圳市巨博华投资有限公司,2021-12-23,78
95,量化系统开发工程师,深圳市巨博华投资有限公司,2021-12-23,70
96,量化系统开发工程师,深圳市巨博华投资有限公司,2021-12-23,67
97,软件工程师,浙江黎明智造股份有限公司,2021-12-23,74
98,项目工程师,浙江黎明智造股份有限公司,2021-12-23,72
99,生产管理,浙江黎明智造股份有限公司,2021-12-23,75
100,量化研究员/行业研究员/高级开发,深圳市影子投资管理有限公司,2021-12-23,70
101,自动化工程师,海澜智云科技有限公司,2021-12-22,85
102,电仪工程师,海澜智云科技有限公司,2021-12-22,73
103,化工工程师,海澜智云科技有限公司,2021-12-22,71
104,节能项目经理,海澜智云科技有限公司,2021-12-22,82
105,短视频编导,旷世传声传媒科技有限责任公司,2021-12-22,68
106,阳光电源2022届全球校园招聘秋招补录,阳光电源股份有限公司,2021-12-22,100
107,美资企业-猎头实习生（招聘方向）,讯升（上海）人力资源有限公司成都分公司,2021-12-22,73
108,光学工程师,深圳市矽赫科技有限公司,2021-12-22,77
109,机械工程师,深圳市大族光电设备有限公司,2021-12-22,69
110,电气工程师,深圳市大族光电设备有限公司,2021-12-22,68
111,香港科技大学数据建模硕士学位项目（MSc DDM）1月宣讲会（线上+线下）通知,南京途善久文化传播有限公司,2021-12-22,77
112,硬件工程师,深圳市矽赫科技有限公司,2021-12-22,69
113,生产专训生,滦州伊利乳业有限责任公司,2021-12-22,76
114,毫米波雷达算法工程师(上海/常州）,德心智能科技（常州）有限公司,2021-12-22,73
115,雷达信号处理工程师（上海/常州）,德心智能科技（常州）有限公司,2021-12-22,73
116,工艺工程师,深圳市大族光电设备有限公司,2021-12-22,81
117,多益网络2022届校园招聘补录,多益网络有限公司,2021-12-22,85
118,美丽中国支教项目老师（研后空宣）,北京立德未来助学公益基金会,2021-12-21,89
119,技术/销售工程师,北京爱万提斯科技有限公司,2021-12-21,79
120,研究员,兴业经济研究咨询股份有限公司,2021-12-21,86
121,电气师,中国电建集团青海省电力设计院有限公司,2021-12-21,83
122,机械及车辆工程专利代理人及助理,北京英创嘉友知识产权代理事务所（普通合伙）,2021-12-21,62
123,材料化工类专利代理人及助理,北京英创嘉友知识产权代理事务所（普通合伙）,2021-12-21,61
124,商标代理人助理,北京英创嘉友知识产权代理事务所（普通合伙）,2021-12-21,63
125,电子及通讯工程专利代理人及助理,北京英创嘉友知识产权代理事务所（普通合伙）,2021-12-21,72
126,机械设计类,北京半导体专用设备研究所（中国电子科技集团公司第四十五研究所）,2021-12-21,62
127,电气设计类,北京半导体专用设备研究所（中国电子科技集团公司第四十五研究所）,2021-12-21,65
128,软件设计类,北京半导体专用设备研究所（中国电子科技集团公司第四十五研究所）,2021-12-21,61
129,光学设计类,北京半导体专用设备研究所（中国电子科技集团公司第四十五研究所）,2021-12-21,60
130,机械助理工程师,深圳市赢合科技股份有限公司,2021-12-21,56
131,电气助理工程师,深圳市赢合科技股份有限公司,2021-12-21,59
132,软件助理工程师（开发方向）,深圳市赢合科技股份有限公司,2021-12-21,59
133,软件助理工程师（实施方向）,深圳市赢合科技股份有限公司,2021-12-21,55
134,软件助理工程师（上位机方向）,深圳市赢合科技股份有限公司,2021-12-21,58
135,机械工程师,深圳市赢合科技股份有限公司,2021-12-21,60
136,电气工程师,深圳市赢合科技股份有限公司,2021-12-21,55
137,图像算法研究员,佳能医疗系统（中国）有限公司,2021-12-21,62
138,医疗软件工程师,佳能医疗系统（中国）有限公司,2021-12-21,64
139,工程师,北京汽车研究总院有限公司,2021-12-21,61
140,设备工程师,无锡车联天下信息技术有限公司,2021-12-20,76
141,PS 工程师,无锡车联天下信息技术有限公司,2021-12-20,76
142,NPI 工程师,无锡车联天下信息技术有限公司,2021-12-20,77
143,Labview 工程师,无锡车联天下信息技术有限公司,2021-12-20,74
144,结构工程师,无锡车联天下信息技术有限公司,2021-12-20,75
145,测试工程师,无锡车联天下信息技术有限公司,2021-12-20,69
146,IOS 开发工程师,无锡车联天下信息技术有限公司,2021-12-20,73
147,JAVA 开发工程师,无锡车联天下信息技术有限公司,2021-12-20,69
148,H5 前端工程师,无锡车联天下信息技术有限公司,2021-12-20,73
149,硬件工程师,无锡车联天下信息技术有限公司,2021-12-20,71
150,仪表软件工程师,无锡车联天下信息技术有限公司,2021-12-20,70
151,MCU 软件工程师,无锡车联天下信息技术有限公司,2021-12-20,70
152,集成测试工程师,无锡车联天下信息技术有限公司,2021-12-20,72
153,安卓软件工程师,无锡车联天下信息技术有限公司,2021-12-20,70
154,电芯工程师,华富（江苏）锂电新技术有限公司,2021-12-20,61
155,电子工程师,华富（江苏）锂电新技术有限公司,2021-12-20,56
156,结构工程师,华富（江苏）锂电新技术有限公司,2021-12-20,67
157,SMT 工程师,无锡车联天下信息技术有限公司,2021-12-20,71
158,PQM 工程师,无锡车联天下信息技术有限公司,2021-12-20,66
159,QE 工程师,无锡车联天下信息技术有限公司,2021-12-20,66
160,实验室工程师,无锡车联天下信息技术有限公司,2021-12-20,70
161,电力机车机械设计师、工艺师,中车大同电力机车有限公司,2021-12-20,67
162,市场营销岗,沈阳兴华航空电器有限责任公司,2021-12-20,59
163,设计研发岗,沈阳兴华航空电器有限责任公司,2021-12-20,56
164,生产管理岗,沈阳兴华航空电器有限责任公司,2021-12-20,56
165,品牌主播,旷世传声传媒科技有限责任公司,2021-12-20,59
166,高压绝缘研究员（博士）,珠海市睿影科技有限公司,2021-12-20,56
167,中小学教师,桓台县红莲湖学校,2021-12-20,62
168,直播运营管培生,旷世传声传媒科技有限责任公司,2021-12-20,61
169,攀枝花学院2021年第五批直接考核招聘高层次人才公告,北京磐石活水信息科技有限公司,2021-12-18,63
170,电子工程师,武汉中电通信有限责任公司,2021-12-18,56
171,结构工程师,佛山市芯耀环保科技有限公司,2021-12-17,134
172,研发工程师,佛山市芯耀环保科技有限公司,2021-12-17,64
173,工艺工程师,佛山市芯耀环保科技有限公司,2021-12-17,60
174,品质工程师,佛山市芯耀环保科技有限公司,2021-12-17,61
175,人事行政,佛山市芯耀环保科技有限公司,2021-12-17,58
176,产品策划专员,佛山市芯耀环保科技有限公司,2021-12-17,62
177,渗透测试工程师,杭州安信检测技术有限公司,2021-12-17,69
178,网络安全测评师,杭州安信检测技术有限公司,2021-12-17,63
179,密码测评工程师,杭州安信检测技术有限公司,2021-12-17,64
180,芯片研发工程师,无锡市核力创芯科技有限公司,2021-12-17,62
181,专利工程师,北京龙双利达知识产权代理有限公司西安分公司,2021-12-17,64
182,专利工程师,北京龙双利达知识产权代理有限公司西安分公司,2021-12-17,61
183,专利工程师,北京龙双利达知识产权代理有限公司西安分公司,2021-12-17,61
184,物理层算法工程师,北京慧清科技有限公司,2021-12-16,74
185,数字信号处理工程师,北京慧清科技有限公司,2021-12-16,74
186,射频工程师,北京慧清科技有限公司,2021-12-16,86
187,嵌入式软件工程师,北京慧清科技有限公司,2021-12-16,74
188,网络算法工程师,北京慧清科技有限公司,2021-12-16,70
189,嵌入式硬件工程师,北京慧清科技有限公司,2021-12-16,67
190,交易员,西安天勤汇理私募基金管理有限公司,2021-12-16,70
191,深圳报业集团2022年校园招聘,深圳报业集团,2021-12-16,102
192,猎头管培生,上海岱澳人才信息咨询有限公司,2021-12-16,67
193,博士后工作站-深度学习算法研究员-医疗AI,北京安德医智科技有限公司,2021-12-16,64
194,中国石油大学（北京）,中国石油大学（北京）,2021-12-16,69
195,软件开发工程师,北京宏天信业信息技术股份有限公司,2021-12-16,61
196,电仪工程师,天津利安隆新材料股份有限公司,2021-12-15,90
197,营销培训生,内蒙古伊利实业集团股份有限公司成都第一分公司,2021-12-15,63
198,外贸业务员,上海浦劢实业有限公司,2021-12-15,59
199,特变电工自控设备有限公司2022届校园招聘简章,新疆特变电工自控设备有限公司,2021-12-15,55
200,市场营销岗,沈阳兴华航空电器有限责任公司,2021-12-20,60
201,设计研发岗,沈阳兴华航空电器有限责任公司,2021-12-20,57
202,生产管理岗,沈阳兴华航空电器有限责任公司,2021-12-20,57
203,高压绝缘研究员（博士）,珠海市睿影科技有限公司,2021-12-20,57
204,中小学教师,桓台县红莲湖学校,2021-12-20,63
205,品牌主播,旷世传声传媒科技有限责任公司,2021-12-20,60
206,直播运营管培生,旷世传声传媒科技有限责任公司,2021-12-20,62
207,攀枝花学院2021年第五批直接考核招聘高层次人才公告,北京磐石活水信息科技有限公司,2021-12-18,64
208,电子工程师,武汉中电通信有限责任公司,2021-12-18,57
209,结构工程师,佛山市芯耀环保科技有限公司,2021-12-17,135
210,研发工程师,佛山市芯耀环保科技有限公司,2021-12-17,65
211,工艺工程师,佛山市芯耀环保科技有限公司,2021-12-17,61
212,品质工程师,佛山市芯耀环保科技有限公司,2021-12-17,62
213,人事行政,佛山市芯耀环保科技有限公司,2021-12-17,59
214,产品策划专员,佛山市芯耀环保科技有限公司,2021-12-17,63
215,渗透测试工程师,杭州安信检测技术有限公司,2021-12-17,70
216,网络安全测评师,杭州安信检测技术有限公司,2021-12-17,64
217,密码测评工程师,杭州安信检测技术有限公司,2021-12-17,65
218,芯片研发工程师,无锡市核力创芯科技有限公司,2021-12-17,63
219,专利工程师,北京龙双利达知识产权代理有限公司西安分公司,2021-12-17,65
220,专利工程师,北京龙双利达知识产权代理有限公司西安分公司,2021-12-17,62
221,专利工程师,北京龙双利达知识产权代理有限公司西安分公司,2021-12-17,62
222,物理层算法工程师,北京慧清科技有限公司,2021-12-16,75
223,数字信号处理工程师,北京慧清科技有限公司,2021-12-16,75
224,射频工程师,北京慧清科技有限公司,2021-12-16,87
225,嵌入式软件工程师,北京慧清科技有限公司,2021-12-16,76
226,嵌入式硬件工程师,北京慧清科技有限公司,2021-12-16,68
227,网络算法工程师,北京慧清科技有限公司,2021-12-16,71
228,交易员,西安天勤汇理私募基金管理有限公司,2021-12-16,71
229,深圳报业集团2022年校园招聘,深圳报业集团,2021-12-16,103
230,猎头管培生,上海岱澳人才信息咨询有限公司,2021-12-16,68
231,博士后工作站-深度学习算法研究员-医疗AI,北京安德医智科技有限公司,2021-12-16,65
232,中国石油大学（北京）,中国石油大学（北京）,2021-12-16,70
233,软件开发工程师,北京宏天信业信息技术股份有限公司,2021-12-16,62
234,电仪工程师,天津利安隆新材料股份有限公司,2021-12-15,91
235,营销培训生,内蒙古伊利实业集团股份有限公司成都第一分公司,2021-12-15,64
236,外贸业务员,上海浦劢实业有限公司,2021-12-15,60
237,特变电工自控设备有限公司2022届校园招聘简章,新疆特变电工自控设备有限公司,2021-12-15,56
238,华为终端 2022届新零售管培生招聘,深圳慧通商务有限公司,2021-12-15,82
239,未来已来 只等你来 ——海南自由贸易港招才引智活动致广大学子的邀请函,国投人力资源服务有限公司,2021-12-15,59
240,管培生,中信证券股份有限公司北京分公司,2021-12-15,83
241,助理工程师,中国建筑股份有限公司国际工程分公司,2021-12-14,70
242,电路设计工程师,华玻视讯（珠海）科技有限公司,2021-12-14,62
243,管理培训生,中粮福临门食品营销有限公司西安分公司,2021-12-14,65
244,电商主播,西安巨蛋网络科技有限公司,2021-12-14,63
245,探店达人,西安巨蛋网络科技有限公司,2021-12-14,64
246,销售工程师,上海仪准电子科技有限公司,2021-12-14,59
247,销售工程师,上海仪准电子科技有限公司,2021-12-14,56
248,贴合工程师,华玻视讯（珠海）科技有限公司,2021-12-14,62
249,材料工程师,华玻视讯（珠海）科技有限公司,2021-12-14,61
250,专任教师,绵阳职业技术学院,2021-12-14,73
251,技术储干,珠海市睿影科技有限公司,2021-12-14,64
252,博士招聘-2021下半年“海外学者中国行”欢迎您参加,学术桥（北京）教育科技有限公司,2021-12-14,62
253,博士招聘-2021下半年“海外学者中国行”欢迎您参加,学术桥（北京）教育科技有限公司,2021-12-14,61
254,管培生,通辽梅花生物科技有限公司,2021-12-14,59
255,深圳市创新投资集团有限公司（简称“深创投”）博士后工作站面向社会招收2022级博士研究生,西安创新投资管理有限公司,2021-12-14,87
256,图像算法工程师-三维视觉方向,广州敏视数码科技有限公司,2021-12-13,68
257,单片机软件工程师,广州敏视数码科技有限公司,2021-12-13,86
258,硬件工程师,广州敏视数码科技有限公司,2021-12-13,73
259,C++软件工程师,广州敏视数码科技有限公司,2021-12-13,88
260,技术与研发类,大连东软教育科技集团有限公司,2021-12-13,85
261,全栈软件工程师,萝卜太辣（北京）科技有限公司西安分公司,2021-12-13,70
262,班主任老师,西安西补教育培训学校有限责任公司,2021-12-13,68
263,管培生（人力资源方向）,广州敏视数码科技有限公司,2021-12-13,58
264,管培生（财务方向）,广州敏视数码科技有限公司,2021-12-13,65
265,管培生（工业工程）,广州敏视数码科技有限公司,2021-12-13,67
266,管培生（行政方向）,广州敏视数码科技有限公司,2021-12-13,60
267,硬件工程师,深圳市安保科技有限公司,2021-12-13,64
268,嵌入式软件工程师,深圳市安保科技有限公司,2021-12-13,67
269,算法工程师,深圳市安保科技有限公司,2021-12-13,62
270,海外销售业务员（英语\日语\西班牙语\俄语\德语）,广州敏视数码科技有限公司,2021-12-13,70
271,外贸助理（跟单方向）,广州敏视数码科技有限公司,2021-12-13,58
272,文案策划,广州敏视数码科技有限公司,2021-12-13,58
273,机械工程师,深圳市安保科技有限公司,2021-12-13,58
274,QT开发工程师,深圳市安保科技有限公司,2021-12-13,59
275,运营推广,广州敏视数码科技有限公司,2021-12-13,60
276,嵌入式Linux软件工程师,广州敏视数码科技有限公司,2021-12-13,59
277,图像算法工程师-深度学习方向,广州敏视数码科技有限公司,2021-12-13,61
278,嵌入式图像算法工程师,广州敏视数码科技有限公司,2021-12-13,82
279,软件测试工程师,广州敏视数码科技有限公司,2021-12-13,59
280,教务专员（数据分析、网络应用与管理方向）,西安西补教育培训学校有限责任公司,2021-12-13,58
281,管培生（供应链方向）,广州敏视数码科技有限公司,2021-12-13,57
282,管培生（生产管理方向）,广州敏视数码科技有限公司,2021-12-13,60
283,技术研发人员,福建（泉州）哈工大工程技术研究院,2021-12-13,53
284,品牌设计专员,广州敏视数码科技有限公司,2021-12-13,55
285,黄河科技学院招聘公告2021年黄河科技学院博士招聘公告,北京磐石活水信息科技有限公司,2021-12-11,60
286,智能化研究岗,爱玛科技集团股份有限公司,2021-12-10,72
287,工艺工程师,苏州臻芯微电子有限公司,2021-12-10,85
288,中科院微电子所低功耗智能芯片与系统团队多岗位招聘,中国科学院微电子研究所,2021-12-10,76
289,责任工程师,中建八局第四建设有限公司,2021-12-10,65
290,工艺整合工程师,苏州臻芯微电子有限公司,2021-12-10,68
291,设备工程师,苏州臻芯微电子有限公司,2021-12-10,69
292,生产工程师,苏州臻芯微电子有限公司,2021-12-10,69
293,小米集团2022全球校园招聘-热招岗位,小米科技有限责任公司,2021-12-10,90
294,小米集团2022全球校园招聘-热招岗位,小米科技有限责任公司,2021-12-10,75
295,软件开发,中讯邮电咨询设计院有限公司郑州分公司,2021-12-10,66
296,小米集团2022全球校园招聘-热招岗位,小米科技有限责任公司,2021-12-10,85
297,小米集团2022全球校园招聘-热招岗位,小米科技有限责任公司,2021-12-10,70
298,光缆通信技术研发,中讯邮电咨询设计院有限公司郑州分公司,2021-12-10,64
299,网络智能应用运营工程师,中讯邮电咨询设计院有限公司郑州分公司,2021-12-10,69
300,终端测试等孵化业务,中讯邮电咨询设计院有限公司郑州分公司,2021-12-10,62
301,数据分析工程师,广州文远知行科技有限公司,2021-12-10,79
302,超潜管培生（证券研究方向）,锐方（上海）私募基金管理有限公司,2021-12-10,55
303,电磁兼容检测,中讯邮电咨询设计院有限公司郑州分公司,2021-12-10,63
304,电源检测,中讯邮电咨询设计院有限公司郑州分公司,2021-12-10,62
305,配电工程师,中讯邮电咨询设计院有限公司郑州分公司,2021-12-10,60
306,智能化工程售前工程师,中讯邮电咨询设计院有限公司郑州分公司,2021-12-10,65
307,云网解决方案,中讯邮电咨询设计院有限公司郑州分公司,2021-12-10,63
308,电子工程师,中讯邮电咨询设计院有限公司郑州分公司,2021-12-10,69
309,专业技术工程师,青岛海尔特种电冰柜有限公司,2021-12-10,62
310,软件工程师,浙江正元智慧科技股份有限公司,2021-12-10,53
311,大数据工程师,浙江正元智慧科技股份有限公司,2021-12-10,52
312,产品助理,浙江正元智慧科技股份有限公司,2021-12-10,62
313,技术支持工程师,浙江正元智慧科技股份有限公司,2021-12-10,53
314,测试开发工程师,广州文远知行科技有限公司,2021-12-10,54
315,软件开发工程师-操作系统开发工程师,广州文远知行科技有限公司,2021-12-10,58
316,信息化工程师,中建路桥集团有限公司,2021-12-09,95
317,电子/电器工艺/制程工程师,阳信长威电子有限公司,2021-12-09,61
318,产品设计类,阳信长威电子有限公司,2021-12-09,66
319,客户服务工程师,阳信长威电子有限公司,2021-12-09,62
320,研发设计员,武汉航空仪表有限责任公司,2021-12-09,95
321,投融资项目经理；法务经理；行政经理,深圳市中小微企业投资管理有限公司,2021-12-09,64
322,品质管理工程师,阳信长威电子有限公司,2021-12-09,67
323,供应商管理专员,阳信长威电子有限公司,2021-12-09,62
324,信息自动化,阳信长威电子有限公司,2021-12-09,65
325,软件开发工程师,阳信长威电子有限公司,2021-12-09,62
326,电子工程师,阳信长威电子有限公司,2021-12-09,62
327,机械设备工程师,阳信长威电子有限公司,2021-12-09,67
328,环境安全工程师,阳信长威电子有限公司,2021-12-09,60
329,电气工程师,宁波天波港联电子有限公司,2021-12-09,58
330,生产培训生,内蒙古伊利实业集团股份有限公司郑州第一分公司,2021-12-09,64
331,机械工程师,宁波天波港联电子有限公司,2021-12-09,56
332,工艺工程师,宁波天波港联电子有限公司,2021-12-09,56
333,研发设计工程师,宁波天波港联电子有限公司,2021-12-09,54
334,税务助理,山东百丞税务服务股份有限公司,2021-12-09,85
335,集控运行/检修,芜湖发电有限责任公司,2021-12-09,43
336,工程师,西安公路研究院南京院,2021-12-08,65
337,软件工程师,紫光数码（苏州）集团有限公司,2021-12-08,76
338,管培生,紫光数码（苏州）集团有限公司,2021-12-08,85
339,解决方案测试工程师,天音通信有限公司,2021-12-08,106
340,UX设计与研究,天音通信有限公司,2021-12-08,98
341,硬件测试,天音通信有限公司,2021-12-08,96
342,单板硬件开发,天音通信有限公司,2021-12-08,94
343,自如集团2022管培生招聘,北京自如生活企业管理有限公司,2021-12-08,59
344,（世界500强）物产中大2022届校园招聘,浙江物产金属集团有限公司,2021-12-08,58
345,有机合成研究员,上海美迪西生物医药股份有限公司,2021-12-08,51
346,电机驱动助理工程师,北京大豪科技股份有限公司,2021-12-08,57
347,主控助理工程师（嵌入式）,北京大豪科技股份有限公司,2021-12-08,51
348,硬件开发助理工程师,北京大豪科技股份有限公司,2021-12-08,56
349,测试工程师,北京大豪科技股份有限公司,2021-12-08,52
350,电机驱动软件开发工程师,北京大豪科技股份有限公司,2021-12-08,55
351,主控开发工程师（嵌入式）,北京大豪科技股份有限公司,2021-12-08,53
352,硬件开发工程师,北京大豪科技股份有限公司,2021-12-08,58
353,产品质量管理工程师,北京大豪科技股份有限公司,2021-12-08,56
354,技术支持工程师,北京大豪科技股份有限公司,2021-12-08,58
355,工程师助理,东莞市盛雄激光先进装备股份有限公司,2021-12-07,63
356,人事助理,东莞市盛雄激光先进装备股份有限公司,2021-12-07,58
357,采购助理,东莞市盛雄激光先进装备股份有限公司,2021-12-07,78
358,电气工程师,东莞市盛雄激光先进装备股份有限公司,2021-12-07,60
359,机械工程师,东莞市盛雄激光先进装备股份有限公司,2021-12-07,65
360,layout 工程师,深圳麦科信仪器有限公司,2021-12-07,57
361,工艺研发工程师,东莞市盛雄激光先进装备股份有限公司,2021-12-07,52
362,软件工程师,东莞市盛雄激光先进装备股份有限公司,2021-12-07,57
363,光学研发工程师,东莞市盛雄激光先进装备股份有限公司,2021-12-07,54
364,专利工程师（理工科零起点培训）,北京同达信恒知识产权代理有限公司,2021-12-07,67
365,人力资源类,牧原食品股份有限公司,2021-12-07,91
366,供应链,牧原食品股份有限公司,2021-12-07,91
367,机械工程师,牧原食品股份有限公司,2021-12-07,95
368,通信工程师,牧原食品股份有限公司,2021-12-07,88
369,大数据开发工程师,牧原食品股份有限公司,2021-12-07,86
370,软件开发类,牧原食品股份有限公司,2021-12-07,80
371,算法工程师,牧原食品股份有限公司,2021-12-07,76
372,销售,牧原食品股份有限公司,2021-12-07,79
373,高中各学科教师,保定东方双语学校,2021-12-07,56
374,爱玛科技集团2022届校招,爱玛科技集团股份有限公司,2021-12-07,53
375,营销策划,东莞市盛雄激光先进装备股份有限公司,2021-12-07,47
376,售后助理,东莞市盛雄激光先进装备股份有限公司,2021-12-07,50
377,业务助理,东莞市盛雄激光先进装备股份有限公司,2021-12-07,70
378,设备装调工程师,东莞市盛雄激光先进装备股份有限公司,2021-12-07,56
379,交付工艺工程师,东莞市盛雄激光先进装备股份有限公司,2021-12-07,50
380,设计研发岗,沈阳兴华航空电器有限责任公司,2021-12-07,48
381,关于2022年度湖南省国资委“英培计划”人才选拔公告,湖南省人民政府国有资产监督管理委员会,2021-12-07,93
382,软件工程师,上海创远仪器技术股份有限公司,2021-12-06,89
383,FPGA开发工程师,西安中唐测控技术有限责任公司,2021-12-06,75
384,互联网医院董事长助理,宜善医疗产业管理集团股份有限公司,2021-12-06,70
385,渠道拓展专员,宜善医疗产业管理集团股份有限公司,2021-12-06,53
386,产品运营,宜善医疗产业管理集团股份有限公司,2021-12-06,62
387,软件工程师,西安中唐测控技术有限责任公司,2021-12-06,69
388,产品经理,宜善医疗产业管理集团股份有限公司,2021-12-06,59
389,新媒体运营,宜善医疗产业管理集团股份有限公司,2021-12-06,54
390,工程项目管理与采购助理,宜善医疗产业管理集团股份有限公司,2021-12-06,57
391,业务咨询师,日铁软件（上海）有限公司,2021-12-06,97
392,系统工程师,日铁软件（上海）有限公司,2021-12-06,57
393,结构/土建工程师,广州杰赛科技股份有限公司,2021-12-06,69
394,信息化设计工程师,广州杰赛科技股份有限公司,2021-12-06,47
395,通信设计工程师,广州杰赛科技股份有限公司,2021-12-06,50
396,解决方案工程师,广州杰赛科技股份有限公司,2021-12-06,49
397,教师岗管培生,合肥方了个田教育科技有限责任公司,2021-12-06,52
398,密码学,华控清交信息科技（北京）有限公司,2021-12-06,56
399,各学科教师,保定东方双语学校,2021-12-06,46
400,猎头顾问助理,上海优克锡企业管理顾问有限公司,2021-12-06,47
401,机械/电气工程师,酒泉钢铁（集团）有限责任公司,2021-12-06,49
402,管理培训生,上海优克锡企业管理顾问有限公司,2021-12-06,56
403,人力资源顾问,上海优克锡企业管理顾问有限公司,2021-12-06,50
404,ASIC研发工程师,苏州雄立科技有限公司,2021-12-06,55
405,软件工程师（开发岗）,苏州雄立科技有限公司,2021-12-06,48
406,软件工程师（测试岗）,苏州雄立科技有限公司,2021-12-06,47
407,硬件工程师,苏州雄立科技有限公司,2021-12-06,58
408,科研助理,苏州雄立科技有限公司,2021-12-06,51
409,驻外技术支持工程师/技术方案工程师,厦门立林科技有限公司,2021-12-06,40
410,工业设计师,厦门立林科技有限公司,2021-12-06,41
411,外贸销售工程师,厦门立林科技有限公司,2021-12-06,40
412,驻外销售工程师,厦门立林科技有限公司,2021-12-06,42
413,嵌入式软件开发工程师,厦门立林科技有限公司,2021-12-06,42
414,后端java开发工程师,厦门立林科技有限公司,2021-12-06,40
415,硬件开发工程师,厦门立林科技有限公司,2021-12-06,42
416,产品开发工程师,厦门立林科技有限公司,2021-12-06,61
417,结构工程师,厦门立林科技有限公司,2021-12-06,40
418,测试开发工程师,厦门立林科技有限公司,2021-12-06,41
419,软件测试工程师,厦门立林科技有限公司,2021-12-06,40
420,质量工程师,厦门立林科技有限公司,2021-12-06,40
421,教员,中国人民解放军火箭军工程大学,2021-12-03,144
422,ID与UX设计师,天音通信有限公司,2021-12-03,102
423,结构与材料工程师,天音通信有限公司,2021-12-03,89
424,产品研发工程师,北京航天赛德科技发展有限公司涿州分公司,2021-12-03,53
425,信号算法工程师,深圳麦科田生物医疗技术股份有限公司,2021-12-03,66
426,硬件工程师,深圳麦科信仪器有限公司,2021-12-03,49
427,控制算法工程师,深圳麦科田生物医疗技术股份有限公司,2021-12-03,65
428,机械工程师,深圳麦科田生物医疗技术股份有限公司,2021-12-03,61
429,硬件工程师,深圳麦科田生物医疗技术股份有限公司,2021-12-03,58
430,系统工程师,深圳麦科田生物医疗技术股份有限公司,2021-12-03,60
431,气路工程师,深圳麦科田生物医疗技术股份有限公司,2021-12-03,50
432,嵌入式软件开发工程师-产品研发中心,卡斯柯信号有限公司北京分公司,2021-12-02,75
433,系统设计工程师,卡斯柯信号有限公司北京分公司,2021-12-02,61
434, 蛋白纯化研究员,嘉兴维亚生物科技有限公司,2021-12-02,48
435,分子克隆,嘉兴维亚生物科技有限公司,2021-12-02,49
436,软件测试工程师,卡斯柯信号有限公司北京分公司,2021-12-02,60
437,质量检验员,卡斯柯信号有限公司北京分公司,2021-12-02,56
438,助理研究员（算法）,上海爱数信息技术股份有限公司,2021-12-02,71
439,管理培训生,萝卜太辣（北京）科技有限公司西安分公司,2021-12-02,83
440,细胞培养研究员,嘉兴维亚生物科技有限公司,2021-12-02,45
441,有机合成研究员,嘉兴维亚生物科技有限公司,2021-12-02,44
442,研发工程师,格力钛新能源股份有限公司,2021-12-02,51
443,材料工程师,格力钛新能源股份有限公司,2021-12-02,47
444, 技术工程师（电芯）,格力钛新能源股份有限公司,2021-12-02,51
445,技术支持工程师（pack),格力钛新能源股份有限公司,2021-12-02,46
446,工艺工程师,格力钛新能源股份有限公司,2021-12-02,51
447,设备技术工程师,格力钛新能源股份有限公司,2021-12-02,52
448,电气工程师,格力钛新能源股份有限公司,2021-12-02,48
449,结构工程师,格力钛新能源股份有限公司,2021-12-02,51
450,软件工程师,格力钛新能源股份有限公司,2021-12-02,48
451,硬件工程师,格力钛新能源股份有限公司,2021-12-02,49
452,工业设计工程师,格力钛新能源股份有限公司,2021-12-02,50
453,JAVA开发工程师,中大检测（湖南）股份有限公司,2021-12-02,85
454,整车电控工程师,格力钛新能源股份有限公司,2021-12-02,44
455,算法工程师,中大检测（湖南）股份有限公司,2021-12-02,102
456,Web前端开发工程师,中大检测（湖南）股份有限公司,2021-12-02,80
457,机械设计工程师,洛阳德平科技股份有限公司,2021-12-02,43
458,仿真工程师,格力钛新能源股份有限公司,2021-12-02,53
459,测试工程师,中大检测（湖南）股份有限公司,2021-12-02,83
460,电气研发工程师,洛阳德平科技股份有限公司,2021-12-02,45
461,Python开发工程师,中大检测（湖南）股份有限公司,2021-12-02,80
462,物联网开发工程师,中大检测（湖南）股份有限公司,2021-12-02,78
463,嵌入式软件硬件工程师,洛阳德平科技股份有限公司,2021-12-02,43
464,嵌入式软件工程师,中大检测（湖南）股份有限公司,2021-12-02,71
465,硬件工程师,中大检测（湖南）股份有限公司,2021-12-02,72
466,工业设计师,格力钛新能源股份有限公司,2021-12-02,41
467,技术工程师,格力钛新能源股份有限公司,2021-12-02,51
468,电池储能销售,格力钛新能源股份有限公司,2021-12-02,42
469,群团工作岗,陕西航天龙腾汽车服务有限公司,2021-12-02,45
470,安全研究实习生（iast/sast漏洞检测方向）,杭州默安科技有限公司,2021-12-02,61
471,安全研究实习生（主机安全方向）,杭州默安科技有限公司,2021-12-02,52
472,软件开发实习生,罗克韦尔自动化软件（大连）有限公司,2021-12-02,45
473,Java开发工程师,西安绿点信息科技有限公司,2021-12-02,49
474,软件测试实习生,罗克韦尔自动化软件（大连）有限公司,2021-12-02,46
475,电源设计师,海华电子企业（中国）有限公司,2021-12-02,43
476,安全服务实习生,杭州默安科技有限公司,2021-12-02,57
477,技术支持实习生,杭州默安科技有限公司,2021-12-02,76
478,安全研究实习生（容器安全方向）,杭州默安科技有限公司,2021-12-02,47
479,测试工程师,西安绿点信息科技有限公司,2021-12-02,52
480,H5开发工程师,西安绿点信息科技有限公司,2021-12-02,48
481,攻防研究实习生,杭州默安科技有限公司,2021-12-02,55
482,安全研究实习生（漏扫方向）,杭州默安科技有限公司,2021-12-02,50
483,安全研究实习生（欺骗防御方向）,杭州默安科技有限公司,2021-12-02,56
484,易航智能—供应链管理专员,北京易航远智科技有限公司,2021-12-02,44
485,Android开发工程师,西安绿点信息科技有限公司,2021-12-02,51
486,重庆三峡职业学院2021年下半年公开招聘在编博士、硕士研究生人才招聘简章,北京磐石活水信息科技有限公司,2021-12-02,57
487,应用科学家实习生,亚马逊（中国）投资有限公司,2021-12-01,55
488,软件开发实习生,亚马逊（中国）投资有限公司,2021-12-01,62
489,后端开发工程师,畅捷通信息技术股份有限公司,2021-12-01,47
490,后端开发工程师,畅捷通信息技术股份有限公司,2021-12-01,47
491,抗体药设计算法工程师,上海数因信科智能科技有限公司,2021-12-01,49
492,药物研发工程师,上海数因信科智能科技有限公司,2021-12-01,49
493,机器学习工程师,上海数因信科智能科技有限公司,2021-12-01,47
494,测试工程师,畅捷通信息技术股份有限公司,2021-12-01,45
495,自动化机械工程师,深圳市中冀联合技术股份有限公司,2021-12-01,67
496,单片机/嵌入式软件工程师,深圳市中冀联合技术股份有限公司,2021-12-01,47
497,销售工程师,深圳市中冀联合技术股份有限公司,2021-12-01,45
498,电气/机电工程师,深圳市中冀联合技术股份有限公司,2021-12-01,46
499,外贸助理,深圳市中冀联合技术股份有限公司,2021-12-01,48
500,外贸业务员,深圳市中冀联合技术股份有限公司,2021-12-01,49
501,电子商务/网络运营专员,深圳市中冀联合技术股份有限公司,2021-12-01,45
502,电子商务/网络运营管培生,深圳市中冀联合技术股份有限公司,2021-12-01,49
503,机械工程师,深圳市中冀联合技术股份有限公司,2021-12-01,54
504,助理机械工程师,深圳市中冀联合技术股份有限公司,2021-12-01,47
505,电气工程师,深圳市中冀联合技术股份有限公司,2021-12-01,53
506,射频工程师,深圳市中冀联合技术股份有限公司,2021-12-01,47
507,芯片研发/软件研发/硬件研发/软件测试/产品测试/市场营销/技术支持/智能制造/财务管理/供应链类,烽火通信科技股份有限公司,2021-12-01,53
508,软件开发工程师,中国联合网络通信有限公司智网创新中心,2021-12-01,52
509,前端开发工程师,畅捷通信息技术股份有限公司,2021-12-01,46
510,机械设备技术,中油奥博（成都）科技有限公司,2021-12-01,47
511,生物信息工程师,上海数因信科智能科技有限公司,2021-12-01,49
512,行政实习生,腾讯云计算（西安）有限责任公司,2021-12-01,64
513,软件开发实习生 智能硬件团队,亚马逊（中国）投资有限公司,2021-12-01,52
514,硬件测试工程师,江苏芯云电子科技有限公司,2021-11-30,51
515,嵌入式软件工程师,江苏芯云电子科技有限公司,2021-11-30,72
516,数字设计工程师,江苏芯云电子科技有限公司,2021-11-30,52
517,算法工程师,江苏芯云电子科技有限公司,2021-11-30,51
518,党群工作岗,陕西航天龙腾汽车服务有限公司,2021-11-30,50
519,人力资源岗,陕西航天龙腾汽车服务有限公司,2021-11-30,55
520,产品类,杭州老板电器股份有限公司,2021-11-30,51
521,研发工程师,上海听脉信息技术有限公司,2021-11-30,98
522,实施工程师,上海听脉信息技术有限公司,2021-11-30,95
523,FAE现场应用工程师(工作地点：深圳/上海),智锐科技（成都）有限公司,2021-11-30,52
524,模拟IC版图设计工程师(工作地点：日本),智锐科技（成都）有限公司,2021-11-30,58
525,先行研究类,杭州老板电器股份有限公司,2021-11-30,45
526,生产管理类,杭州老板电器股份有限公司,2021-11-30,53
527,模拟集成电路设计工程师(工作地点：日本),智锐科技（成都）有限公司,2021-11-30,55
528,供应链类,杭州老板电器股份有限公司,2021-11-30,49
529,SoC集成电路逻辑设计工程师(工作地点：日本),智锐科技（成都）有限公司,2021-11-30,47
530,运维工程师(软件支持方向)工作地点：日本,智锐科技（成都）有限公司,2021-11-30,49
531,运维工程师(主机方向)工作地点：日本,智锐科技（成都）有限公司,2021-11-30,42
532,运维工程师(网络方向)工作地点：日本,智锐科技（成都）有限公司,2021-11-30,42
533,运维工程师(信息安全方向)工作地点：日本,智锐科技（成都）有限公司,2021-11-30,46
534,图书编辑/期刊编辑/校对/编导/营销销售/财务管理,机械工业信息研究院,2021-11-30,49
535,超潜管培生（证券研究方向）,锐方（上海）私募基金管理有限公司,2021-11-30,66
536,研发工程师JAVA,浙江菜鸟传橙网络技术有限公司,2021-11-29,98
537,大学英语教师,中国消防救援学院,2021-11-29,96
538,大学数学教师,中国消防救援学院,2021-11-29,98
539,大学物理教师,中国消防救援学院,2021-11-29,94
540,计算机基础教师,中国消防救援学院,2021-11-29,95
541,税务助理,山东百丞税务服务股份有限公司,2021-11-29,51
542,高级税务助理,山东百丞税务服务股份有限公司,2021-11-29,52
543, 云帆生-财务管理方向（管培生）,远洋云泰数据服务有限公司,2021-11-29,54
544,算法工程师,深圳朗呈医疗科技有限公司,2021-11-29,51
545,三维图形研发工程师,深圳朗呈医疗科技有限公司,2021-11-29,50
546,计算几何研发工程师,深圳朗呈医疗科技有限公司,2021-11-29,48
547,图形处理工程师（信号处理方向）,深圳朗呈医疗科技有限公司,2021-11-29,47
548,助理光学工程师,深圳朗呈医疗科技有限公司,2021-11-29,46
549, 云帆生-成本管理方向（管培生）,远洋云泰数据服务有限公司,2021-11-29,51
550,云帆生-技术支持方向（管培生）,远洋云泰数据服务有限公司,2021-11-29,57
551, 云帆生-投资管理方向（管培生）,远洋云泰数据服务有限公司,2021-11-29,49
552, 云帆生-人力资源方向（管培生）,远洋云泰数据服务有限公司,2021-11-29,50
553,电工与电 子技术教师,中国消防救援学院,2021-11-29,91
554,灭火战术教师,中国消防救援学院,2021-11-29,95
555,灭火救援指挥教师,中国消防救援学院,2021-11-29,120
556,消防技术装备教师,中国消防救援学院,2021-11-29,86
557,火灾监控技术教师,中国消防救援学院,2021-11-29,90
558,信号与系统教师,中国消防救援学院,2021-11-29,82
559,自动控制原理教师,中国消防救援学院,2021-11-29,77
560,地理信息系统教师,中国消防救援学院,2021-11-29,78
561,淮阴师范学院2021年诚聘高层次人才,淮阴师范学院,2021-11-29,66
562,高等学校教学科研岗,潍坊科技学院,2021-11-29,59
563,专任辅导员,承德石油高等专科学校,2021-11-29,49
564,交易员,西安天勤汇理私募基金管理有限公司,2021-11-29,56
565,香港科技大学数据建模硕士学位项目（MSc DDM） 12月宣讲会（线上+线下）通知,南京途善久文化传播有限公司,2021-11-28,100
566,电子工程师,江苏势通生物科技有限公司,2021-11-27,53
567,软件工程师,陕西群爱生物科技有限公司,2021-11-26,102
568,游戏行业全岗位序列开放,西安爱斯唯尔信息科技有限公司,2021-11-26,128
569,扬州市优秀青年人才,中共仪征市委组织部,2021-11-26,114
570,设计工程师,西安奥尔科航空科技有限公司,2021-11-26,65
571,电气自动化,山东力山特智能科技股份有限公司,2021-11-26,61
572,电子信息工程,山东力山特智能科技股份有限公司,2021-11-26,67
573,硬件设计工程师,西安瑞峰光电技术有限公司,2021-11-26,68
574,c++开发工程师,北京与之科技有限公司,2021-11-26,69
575,计算机科学与技术,山东力山特智能科技股份有限公司,2021-11-26,83
576,软件工程,山东力山特智能科技股份有限公司,2021-11-26,66
577,电气自动化,山东力山特智能科技股份有限公司,2021-11-26,68
578,机械设计制造及其自动化,山东力山特智能科技股份有限公司,2021-11-26,74
579,自动化工程师,山东力山特智能科技股份有限公司,2021-11-26,67
580,研发设计员,武汉航空仪表有限责任公司,2021-11-26,66
581,C/C++软件工程师（Linux，嵌入式，单片机，智能应用）,上海广翼智联科技有限公司,2021-11-26,59
582,北交所业务岗,开源证券股份有限公司,2021-11-26,60
583,西安工商学院2021年11月招聘公告,西安工商学院,2021-11-26,61
584,硬件工程师,上海广翼智联科技有限公司,2021-11-26,64
585,C/C++软件开发助理工程师,深圳市视开智能科技有限责任公司,2021-11-26,69
586,2022年杭州建德市招引党政储备人才公告,建德市人力资源和社会保障局,2021-11-26,61
587,FPGA开发工程师,西安瑞峰光电技术有限公司,2021-11-26,66
588,嵌入式软件工程师,西安瑞峰光电技术有限公司,2021-11-26,63
589,专利工程师,港专京诚知识产权服务有限公司,2021-11-26,54
590,计算机、通信类专利代理人助理,北京市创世宏景专利商标代理有限责任公司,2021-11-26,53
591,软件开发工程师（北京/上海）年薪10-25W,深圳飞音时代网络通讯技术有限公司,2021-11-26,44
592,软件测试工程师（北京）年薪10-25W,深圳飞音时代网络通讯技术有限公司,2021-11-26,45
593,研发测试工程师,长沙海格北斗信息技术有限公司,2021-11-25,107
594,FunPlus趣加技术类急招岗位内推,北京趣加科技有限公司,2021-11-25,62
595,软件开发工程师,上海吉世代网络科技有限公司,2021-11-25,53
596,桂林理工大学南宁分校2022年专职学生辅导员招聘启事,北京磐石活水信息科技有限公司,2021-11-25,50
597,数据安全研究员（隐私计算）,图灵人工智能研究院（南京）有限公司,2021-11-25,83
598,HANA Core Development Support Engineer,思爱普（中国）有限公司西安分公司,2021-11-25,73
599,智能算法研究员（图像识别）,图灵人工智能研究院（南京）有限公司,2021-11-25,51
600,嵌入式软件工程师,长沙海格北斗信息技术有限公司,2021-11-25,96
601,信号处理工程师,长沙海格北斗信息技术有限公司,2021-11-25,101
602,高精度算法工程师,长沙海格北斗信息技术有限公司,2021-11-25,100
603,硬件设计工程师,长沙海格北斗信息技术有限公司,2021-11-25,101
604,专利工程师（电学、通信、机械、自动化领域）,北京龙双利达知识产权代理有限公司西安分公司,2021-11-25,53
605,专利工程师（电学、通信、机械、自动化领域）,北京龙双利达知识产权代理有限公司西安分公司,2021-11-25,57
606,专利工程师（电学、通信、机械、自动化等领域）,北京龙双利达知识产权代理有限公司西安分公司,2021-11-25,51
607,营销培训生,内蒙古伊利实业集团股份有限公司郑州第一分公司,2021-11-25,52
608,歌莉娅22届校招管理培训生,广州市格风服饰有限公司,2021-11-25,52
609,伊利2022年校招-销售培训生（奶粉),内蒙古伊利实业集团股份有限公司兰州第一分公司,2021-11-25,44
610,系统集成项目经理,重庆信科通信工程有限公司,2021-11-24,98
611,信号完整性[SI/PI]工程师,强一半导体（苏州）有限公司,2021-11-24,152
612,MEMS工艺研发工程师,强一半导体（苏州）有限公司,2021-11-24,157
613,MLC/MLO材料研发科学家,强一半导体（苏州）有限公司,2021-11-24,169
614,MEMS结构设计工程师,强一半导体（苏州）有限公司,2021-11-24,156
615,FPGA工程师,深圳市国立智能电力科技有限公司,2021-11-24,75
616,软件研发工程师,中国电子口岸数据中心,2021-11-24,46
617,RF MEMS仿真设计工程师,强一半导体（苏州）有限公司,2021-11-24,156
618,MEMS工艺研发工程师,强一半导体（苏州）有限公司,2021-11-24,137
619,研发管理培训生,京东方科技集团股份有限公司,2021-11-24,53
620,软件工程师,北京星际导控科技有限责任公司,2021-11-24,91
621,总体工程师,北京星际导控科技有限责任公司,2021-11-24,85
622,算法工程师,北京星际导控科技有限责任公司,2021-11-24,93
623,销售工程师,北京星际导控科技有限责任公司,2021-11-24,88
624,嵌入式软件工程师,深圳市国立智能电力科技有限公司,2021-11-24,58
625,工程技术类,深圳市国立智能电力科技有限公司,2021-11-24,46
626,技术型销售,深圳市国立智能电力科技有限公司,2021-11-24,49
627,市场策划,深圳市国立智能电力科技有限公司,2021-11-24,51
628,教师岗,新余学院,2021-11-24,57
629,生产装配调试类,深圳市国立智能电力科技有限公司,2021-11-24,53
630,工艺/客服/质量/设备/设计工程师,江苏长电科技股份有限公司,2021-11-24,53
631,Power Management IC Design Engineer,联发科技（合肥）有限公司,2021-11-24,48
632,软件开发工程师（后端）,益佳医（西安）软件技术有限公司,2021-11-24,52
633,河南科技大学诚聘优秀人才,河南科技大学,2021-11-24,49
634,算法与数据科学方向,华控清交信息科技（北京）有限公司,2021-11-24,55
635,培训生,中信证券（山东）有限责任公司淄博柳泉路证券营业部,2021-11-23,69
636,重庆电力高等专科学校,重庆电力高等专科学校,2021-11-23,63
637,储备技术员,山西晋钢智造科技实业有限公司,2021-11-23,60
638,专利代理人助理,北京市创世宏景专利商标代理有限责任公司,2021-11-23,50
639,市场策划专员,安徽江汽物流有限公司,2021-11-23,53
640,专利流程专员兼行政助理,北京市创世宏景专利商标代理有限责任公司,2021-11-23,51
641,智慧物流工程师,安徽江汽物流有限公司,2021-11-23,52
642,供应链管理专员,安徽江汽物流有限公司,2021-11-23,50
643,运营管理专员,安徽江汽物流有限公司,2021-11-23,52
644,销售经理/大客户经理,上海轩田工业设备有限公司,2021-11-23,55
645,软件开发工程师,上海轩田工业设备有限公司,2021-11-23,53
646,软件开发工程师,上海轩田工业设备有限公司,2021-11-23,60
647,机械工程师,上海轩田工业设备有限公司,2021-11-23,58
648,管培生（市场营销方向）,鑫方盛控股集团有限公司,2021-11-23,46
649,管培生（商品采购方向）,鑫方盛控股集团有限公司,2021-11-23,47
650,电气工程师,上海轩田工业设备有限公司,2021-11-23,57
651,超潜管培生（证券研究方向）,锐方（上海）私募基金管理有限公司,2021-11-23,78
652,投资分析岗,宁波国君源泓投资管理有限公司,2021-11-23,57
653,投资经理,宁波国君源泓投资管理有限公司,2021-11-23,48
654,电子电路工程师,厦门乃尔电子有限公司,2021-11-23,42
655,算法工程师,深圳市国立智能电力科技有限公司,2021-11-23,44
656,储备干部,厦门乃尔电子有限公司,2021-11-23,43
657,电子电路工程师,厦门乃尔电子有限公司,2021-11-23,45
658,销售经理,厦门乃尔电子有限公司,2021-11-23,44
659,嵌入式硬件工程师,厦门乃尔电子有限公司,2021-11-23,42
660,Android开发工程师（MJ002632）,深圳市掌锐电子有限公司,2021-11-23,67
661,电子工程师,深圳市掌锐电子有限公司,2021-11-23,65
662,教师岗,洛阳职业技术学院,2021-11-23,42
663,FPGA开发工程师,厦门乃尔电子有限公司,2021-11-23,44
664,嵌入式软件工程师,厦门乃尔电子有限公司,2021-11-23,40
665,IC验证工程师,上海道生物联技术有限公司,2021-11-22,51
666,初级嵌入式工程师,上海道生物联技术有限公司,2021-11-22,51
667,FAE工程师,上海道生物联技术有限公司,2021-11-22,47
668,射频工程师,上海道生物联技术有限公司,2021-11-22,53
669,算法工程师,中科特思信息技术（深圳）有限公司,2021-11-22,55
670,GLOBAL YOUNG TALENTS,上海交通大学,2021-11-22,51
671,硬件工程师,中科特思信息技术（深圳）有限公司,2021-11-22,61
672,嵌入式工程师,中科特思信息技术（深圳）有限公司,2021-11-22,50
673,大数据开发工程师,河南校信通教育科技有限公司,2021-11-22,57
674,专任辅导员,承德石油高等专科学校,2021-11-22,87
675,JAVA开发工程师,河南校信通教育科技有限公司,2021-11-22,53
676,教育产品研发（文科：含语文、英语）,河南校信通教育科技有限公司,2021-11-22,54
677,嵌入式工程师,中科特思信息技术（深圳）有限公司,2021-11-22,48
678,Java开发工程师,上海广为电器集团有限公司,2021-11-22,74
679,客户端开发工程师,河南校信通教育科技有限公司,2021-11-22,50
680,网络安全工程师,河南校信通教育科技有限公司,2021-11-22,55
681,教育产品研发（理科：含数学、物理、化学）,河南校信通教育科技有限公司,2021-11-22,54
682,光学元器件研发工程师,湖南戴斯光电有限公司,2021-11-22,42
683,自动化设备研发工程师,湖南戴斯光电有限公司,2021-11-22,47
684,业务员,湖南戴斯光电有限公司,2021-11-22,43
685,开发工程师,北京中科泛华测控技术有限公司,2021-11-22,46
686,研发序列/营销序列/技术序列,烟台东方威思顿电气有限公司,2021-11-22,62
687,校内实习生,西安联易共享信息科技有限公司,2021-11-22,47
688,光学工程师,惠州市星聚宇光学有限公司,2021-11-22,49
689,项目工程师,惠州市星聚宇光学有限公司,2021-11-22,52
690,光学与工艺工程师,惠州市星聚宇光学有限公司,2021-11-22,49
691,新媒体文案,陕西巨量星图教育科技有限公司,2021-11-22,97
692,	短视频剪辑,陕西巨量星图教育科技有限公司,2021-11-22,97
693,新媒体运营,陕西巨量星图教育科技有限公司,2021-11-22,107
694,流量投手,陕西巨量星图教育科技有限公司,2021-11-22,120
695,课程顾问,陕西巨量星图教育科技有限公司,2021-11-22,103
696,销售工程师,上海道生物联技术有限公司,2021-11-22,41
697,研发工程师,上海心玮医疗科技股份有限公司,2021-11-21,38
698,电子工程师,上海心玮医疗科技股份有限公司,2021-11-21,40
699,硬件工程师,上海心玮医疗科技股份有限公司,2021-11-21,40
700,Linux系统开发工程师,上海心玮医疗科技股份有限公司,2021-11-21,37
701,软件工程师（图像）,上海心玮医疗科技股份有限公司,2021-11-21,39
702,注册工程师,上海心玮医疗科技股份有限公司,2021-11-21,37
703,质量工程师,上海心玮医疗科技股份有限公司,2021-11-21,39
704,生化测试工程师（化学）,上海心玮医疗科技股份有限公司,2021-11-21,36
705,生化测试工程师（微生物）,上海心玮医疗科技股份有限公司,2021-11-21,37
706,SQE工程师,上海心玮医疗科技股份有限公司,2021-11-21,37
707,工艺工程师,上海心玮医疗科技股份有限公司,2021-11-21,36
708,设备工程师,上海心玮医疗科技股份有限公司,2021-11-21,37
709,市场专员,上海心玮医疗科技股份有限公司,2021-11-21,35
710,FPGA工程师,上海心玮医疗科技股份有限公司,2021-11-21,60
711,工程管理岗,中建方圆华东城市开发建设有限公司,2021-11-21,54
712,信息化岗,中建方圆华东城市开发建设有限公司,2021-11-21,73
713,人力资源岗,中建方圆华东城市开发建设有限公司,2021-11-21,61
714,投融资管理岗,中建方圆华东城市开发建设有限公司,2021-11-21,52
715,行政管理岗,中建方圆华东城市开发建设有限公司,2021-11-21,53
716,香港科技大学工学院理学硕士环境工程学及管理(MSc EVEM)2022Fall宣讲会(线上),南京途善久文化传播有限公司,2021-11-21,104
717,香港科技大学工学院理学硕士土木基建工程及管理(MSc CIEM)2022Fall宣讲会(线上),南京途善久文化传播有限公司,2021-11-21,93
718,嵌入式开发工程师  (C/C++ ),深圳市掌锐电子有限公司,2021-11-20,122
719,研发工程师（程序/电气）,广东利元亨智能装备股份有限公司,2021-11-20,43
720,机械管培生,广东利元亨智能装备股份有限公司,2021-11-20,40
721,重庆文理学院面向海内外公开招聘二级学院院长公告,北京磐石活水信息科技有限公司,2021-11-20,47
722,研发工程师（嵌入式硬件）,广东利元亨智能装备股份有限公司,2021-11-20,42
723,研发工程师（嵌入式软件）,广东利元亨智能装备股份有限公司,2021-11-20,42
724,研发工程师（嵌入式驱动）,广东利元亨智能装备股份有限公司,2021-11-20,40
725,研发工程师（机器人方案）,广东利元亨智能装备股份有限公司,2021-11-20,40
726,程序管培生,广东利元亨智能装备股份有限公司,2021-11-20,39
727,电气管培生,广东利元亨智能装备股份有限公司,2021-11-20,41
728,激光管培生,广东利元亨智能装备股份有限公司,2021-11-20,42
729,视觉管培生,广东利元亨智能装备股份有限公司,2021-11-20,41
730,软件管培生,广东利元亨智能装备股份有限公司,2021-11-20,41
731,研发质量管培生,广东利元亨智能装备股份有限公司,2021-11-20,39
732,项目管培生,广东利元亨智能装备股份有限公司,2021-11-20,43
733,人力资源管培生,广东利元亨智能装备股份有限公司,2021-11-20,40
734,行政管培生,广东利元亨智能装备股份有限公司,2021-11-20,73
735,标准化工程师,广东利元亨智能装备股份有限公司,2021-11-20,38
736,产品管培生,广东利元亨智能装备股份有限公司,2021-11-20,41
737,大唐电信科技股份有限公司2022应届生招聘,大唐电信科技股份有限公司,2021-11-20,50
738,临床工程师,西安大医集团有限公司,2021-11-19,64
739,硬件开发工程师,北京蓝拓扑科技股份有限公司,2021-11-19,55
740,FPGA开发工程师,北京蓝拓扑科技股份有限公司,2021-11-19,61
741,嵌入式软件开发工程师,北京蓝拓扑科技股份有限公司,2021-11-19,55
742,香港科技大学工学院理学硕士（MSc）综合场线上招生宣讲会,南京途善久文化传播有限公司,2021-11-19,112
743,电气工程师,国家管网集团西部管道有限责任公司,2021-11-19,114
744,自动化工程师,国家管网集团西部管道有限责任公司,2021-11-19,110
745,马克思主义教学部,茅台学院,2021-11-19,57
746,酿酒工程自动化系,茅台学院,2021-11-19,68
747,酿酒工程系,茅台学院,2021-11-19,51
748,旅游管理系,茅台学院,2021-11-19,43
749,食品科学与工程,茅台学院,2021-11-19,47
750,工商管理系,茅台学院,2021-11-19,47
751,雷达信号处理工程师,中国船舶重工集团南京鹏力科技集团有限公司,2021-11-19,59
752,谱育科技2022年校园招聘-开发类岗位,杭州谱育科技发展有限公司,2021-11-19,47
753,电子电气工程师,西安大医集团有限公司,2021-11-19,88
754,Java软件工程师,中国船舶重工集团南京鹏力科技集团有限公司,2021-11-19,54
755,超潜管培生（证券研究方向）,锐方（上海）私募基金管理有限公司,2021-11-19,58
756,2022校园招聘-管培生,大悦城控股集团（浙江）有限公司,2021-11-19,100
757,算法工程师,西安大医集团有限公司,2021-11-19,57
758,销售工程师,西安大医集团有限公司,2021-11-19,57
759,人力资源专员,西安大医集团有限公司,2021-11-19,55
760,软件测试工程师,西安大医集团有限公司,2021-11-19,66
761,web前端工程师,西安大医集团有限公司,2021-11-19,55
762,工程师,国家超级计算深圳中心（深圳云计算中心）,2021-11-19,43
763,生物研发研究员／生物研发高级研究员,辉源生物科技（上海）有限公司,2021-11-19,104
764,销售经理,常州市创联电源科技股份有限公司,2021-11-19,102
765,博士后研究人员,深圳市自然资源和不动产评估发展研究中心（深圳市地质环境监测中心）,2021-11-19,49
766,算法工程师,弈芯科技（杭州）有限公司,2021-11-19,46
767,软件开发工程师,弈芯科技（杭州）有限公司,2021-11-19,41
768,软件测试工程师,弈芯科技（杭州）有限公司,2021-11-19,41
769,产品应用工程师,弈芯科技（杭州）有限公司,2021-11-19,55
770,实习生,深圳市自然资源和不动产评估发展研究中心（深圳市地质环境监测中心）,2021-11-19,38
771,大客户销售管培生（北京）,华控清交信息科技（北京）有限公司,2021-11-19,40
772,大客户销售管培生（上海）,华控清交信息科技（北京）有限公司,2021-11-19,39
773,售前解决方案管培生,华控清交信息科技（北京）有限公司,2021-11-19,42
774,售前解决方案管培生（上海）,华控清交信息科技（北京）有限公司,2021-11-19,58
775,浙江大学医学院附属第一医院2022年（第一批）招聘公告,浙江大学医学院附属第一医院（浙江省第一医院）,2021-11-19,47
776,研发技术类,福建和盛高科技产业有限公司,2021-11-18,100
777,研发工程师,盘星新型合金材料（常州）有限公司,2021-11-18,50
778,研发助理,盘星新型合金材料（常州）有限公司,2021-11-18,46
779,技术培训生,盘星新型合金材料（常州）有限公司,2021-11-18,48
780,销售工程师,盘星新型合金材料（常州）有限公司,2021-11-18,42
781,结构设计工程师,杭州神林电子有限公司,2021-11-18,38
782,研发工程师,彤程新材料集团股份有限公司,2021-11-18,45
783,高级研发工程师,彤程新材料集团股份有限公司,2021-11-18,41
784,助理研发工程师,彤程新材料集团股份有限公司,2021-11-18,40
785,高级材料工程师,彤程新材料集团股份有限公司,2021-11-18,43
786,分析测试工程师,彤程新材料集团股份有限公司,2021-11-18,42
787,硬件工程师,北京星际导控科技有限责任公司,2021-11-18,123
788,人工智能算法工程师,龙盈智达（北京）科技有限公司,2021-11-18,51
789,技术岗,山东电力设备有限公司,2021-11-18,58
790,技术岗或营销技术支持岗,山东电力设备有限公司,2021-11-18,52
791,数据挖掘与建模工程师,龙盈智达（北京）科技有限公司,2021-11-18,55
792,研发工程师,龙盈智达（北京）科技有限公司,2021-11-18,50
793,风控策略分析师,龙盈智达（北京）科技有限公司,2021-11-18,48
794,产品经理（金融方向）,龙盈智达（北京）科技有限公司,2021-11-18,84
795,电气设计,珠海许继电气有限公司,2021-11-18,75
796,硬件开发,珠海许继电气有限公司,2021-11-18,45
797,软件开发 （嵌入式方向）,珠海许继电气有限公司,2021-11-18,47
798,软件开发,珠海许继电气有限公司,2021-11-18,46
799,技术支持,珠海许继电气有限公司,2021-11-18,60
800,人工智能算法工程师,龙盈智达（北京）科技有限公司,2021-11-18,42
801,产品测试,珠海许继电气有限公司,2021-11-18,43
802,会计,珠海许继电气有限公司,2021-11-18,41
803,人力资源管理,珠海许继电气有限公司,2021-11-18,42
804,数据挖掘与建模工程师,龙盈智达（北京）科技有限公司,2021-11-18,39
805,研发工程师,龙盈智达（北京）科技有限公司,2021-11-18,44
806,风控策略分析师,龙盈智达（北京）科技有限公司,2021-11-18,42
807,产品经理（金融方向）,龙盈智达（北京）科技有限公司,2021-11-18,47
808,测试工程师,龙盈智达（北京）科技有限公司,2021-11-18,45
809,管培生,龙盈智达（北京）科技有限公司,2021-11-18,41
810,数字IC工程师,联发科技（合肥）有限公司,2021-11-18,46
811,设备工程师,英洛华科技股份有限公司,2021-11-18,47
812,质量工程师,英洛华科技股份有限公司,2021-11-18,42
813,生产管理岗,英洛华科技股份有限公司,2021-11-18,44
814,职能管理岗,英洛华科技股份有限公司,2021-11-18,60
815,项目经理,英洛华科技股份有限公司,2021-11-18,43
816,供应链管理采购,英洛华科技股份有限公司,2021-11-18,41
817,生物医学硕博人才,兰州安必奇生物科技有限公司,2021-11-18,41
818,天线工程师,东莞同济大学研究院,2021-11-18,47
819,射频工程师,东莞同济大学研究院,2021-11-18,43
820,雷达系统工程师,东莞同济大学研究院,2021-11-18,49
821,视觉应用工程师,中国大恒（集团）有限公司北京图像视觉技术分公司,2021-11-18,38
822,视觉应用工程师,中国大恒（集团）有限公司北京图像视觉技术分公司,2021-11-18,38
823,视觉开发工程师,中国大恒（集团）有限公司北京图像视觉技术分公司,2021-11-18,41
824,数据算法工程师,东莞同济大学研究院,2021-11-18,44
825,技术支持工程师,中国大恒（集团）有限公司北京图像视觉技术分公司,2021-11-18,43
826,芯片工程师,材料科学姑苏实验室,2021-11-18,48
827,外延工程师,材料科学姑苏实验室,2021-11-18,43
828,软件工程师,东莞同济大学研究院,2021-11-18,44
829,外延研发科学家,材料科学姑苏实验室,2021-11-18,39
830,管理培训生,华立集团股份有限公司,2021-11-18,79
831,前端工程师,东莞同济大学研究院,2021-11-18,41
832,芯片研发科学家,材料科学姑苏实验室,2021-11-18,62
833,PFGA工程师,东莞同济大学研究院,2021-11-18,44
834,版图设计工程师（Layout engineer),东莞同济大学研究院,2021-11-18,40
835,机械研发工程师,杭州久益机械股份有限公司,2021-11-18,39
836,电气工程师,杭州久益机械股份有限公司,2021-11-18,39
837,产品工程师（技术支持）,杭州久益机械股份有限公司,2021-11-18,42
838,编译验证实习生,北极雄芯信息科技（西安）有限公司,2021-11-18,43
839,设备管理工程师,杭州久益机械股份有限公司,2021-11-18,40
840,振动噪声测试工程师,杭州久益机械股份有限公司,2021-11-18,36
841,仿真分析工程师,杭州久益机械股份有限公司,2021-11-18,36
842,工艺工程师,杭州久益机械股份有限公司,2021-11-18,34
843,型线设计工程师,杭州久益机械股份有限公司,2021-11-18,35
844,销售应用工程师,杭州久益机械股份有限公司,2021-11-18,38
845,管理培训生,杭州久益机械股份有限公司,2021-11-18,37
846,信息安全开发工程师,航天信息股份有限公司北京智税分公司,2021-11-18,55
847,硬件工程师,山东新北洋信息技术股份有限公司,2021-11-18,103
848,热招：IT互联网高端猎头顾问/管培生（欢迎转行，欢迎应届生，北京朝阳门包住）,北京嗨猎咨询有限公司,2021-11-18,46
849,嵌入式软件工程师,山东新北洋信息技术股份有限公司,2021-11-18,120
850,算法工程师岗,山东新北洋信息技术股份有限公司,2021-11-18,108
851,机械设计研发岗1,山东新北洋信息技术股份有限公司,2021-11-18,109
852,软件工程师（C++）,山东新北洋信息技术股份有限公司,2021-11-18,98
853,人资专员,山东众阳健康科技集团有限公司,2021-11-18,53
854,财务专员,山东众阳健康科技集团有限公司,2021-11-18,75
855,教师,新余学院,2021-11-18,74
856,售前工程师,山东众阳健康科技集团有限公司,2021-11-18,49
857,JAVA开发工程师,山东众阳健康科技集团有限公司,2021-11-18,47
858,前端开发工程师,山东众阳健康科技集团有限公司,2021-11-18,48
859,【华睿科技】2022届FPGA工程师,浙江华睿科技股份有限公司,2021-11-18,109
860,【华睿科技】2022届算法优化工程师,浙江华睿科技股份有限公司,2021-11-18,120
861,【华睿科技】2022届硬件工程师,浙江华睿科技股份有限公司,2021-11-18,115
862,【华睿科技】2022届C++软件工程师,浙江华睿科技股份有限公司,2021-11-18,120
863,专任教师,东莞理工学院,2021-11-17,109
864,市场助理,深圳中正信息科技有限公司,2021-11-17,47
865,数字前端工程师,上海宇勘科技有限公司,2021-11-17,68
866,模拟集成电路设计师,上海宇勘科技有限公司,2021-11-17,67
867, 版图工程师,上海宇勘科技有限公司,2021-11-17,54
868,营运助理,万达商业管理集团有限公司咸阳分公司,2021-11-17,48
869,招商助理,万达商业管理集团有限公司咸阳分公司,2021-11-17,46
870,人力行政助理,万达商业管理集团有限公司咸阳分公司,2021-11-17,53
871,市场推广助理,万达商业管理集团有限公司咸阳分公司,2021-11-17,47
872,慧云助理工程师,万达商业管理集团有限公司咸阳分公司,2021-11-17,47
873,出纳,万达商业管理集团有限公司咸阳分公司,2021-11-17,50
874,产品项目管理工程师,北京安博通科技股份有限公司,2021-11-17,44
875,产品项目支持工程师,北京安博通科技股份有限公司,2021-11-17,46
876,橙星管培生（车物理赔岗）,中国平安财产保验股份有限公司北京分公司,2021-11-17,116
877,研发工程师,英洛华科技股份有限公司,2021-11-17,47
878,工艺工程师,英洛华科技股份有限公司,2021-11-17,43
879,产品工程师,北京安博通科技股份有限公司,2021-11-17,46
880,产品工程师,北京安博通科技股份有限公司,2021-11-17,48
881,交付管理工程师,北京安博通科技股份有限公司,2021-11-17,45
882,行业售前,北京安博通科技股份有限公司,2021-11-17,44
883,行业售前,北京安博通科技股份有限公司,2021-11-17,44
884,战略售前,北京安博通科技股份有限公司,2021-11-17,42
885,电性能设计工程师,东莞同济大学研究院,2021-11-17,39
886,材料工程师,东莞同济大学研究院,2021-11-17,43
887,技术员,东莞同济大学研究院,2021-11-17,40
888,售前测试及招投标工程师,北京安博通科技股份有限公司,2021-11-17,40
889,售后技术支持工程师,北京安博通科技股份有限公司,2021-11-17,40
890,售后技术支持工程师,北京安博通科技股份有限公司,2021-11-17,47
891,应用协议开发与测试工程师,北京安博通科技股份有限公司,2021-11-17,60
892,C开发工程师,北京安博通科技股份有限公司,2021-11-17,47
893,C开发工程师,北京安博通科技股份有限公司,2021-11-17,41
894,陶瓷材料技术工程师,东莞同济大学研究院,2021-11-17,39
895,天线罩电性能设计工程师,东莞同济大学研究院,2021-11-17,38
896,技术员,东莞同济大学研究院,2021-11-17,37
897,测试工程师,北京安博通科技股份有限公司,2021-11-17,46
898,软件开发工程师,山东山大华天软件有限公司,2021-11-17,50
899,售前工程师,山东山大华天软件有限公司,2021-11-17,46
900,实施工程师,山东山大华天软件有限公司,2021-11-17,51
901,因光而遇，向光而行 | 2022新思科技校园招聘全新启动！,新思科技（武汉）有限公司,2021-11-17,41
902,结构工程师,东莞同济大学研究院,2021-11-17,41
903,电控工程师,临工集团济南重机有限公司,2021-11-17,39
904,橙星管培生（非水险理赔岗）,中国平安财产保验股份有限公司北京分公司,2021-11-17,104
905,橙星管培生（数据分析岗）,中国平安财产保验股份有限公司北京分公司,2021-11-17,103
906,结构设计工程师,临工集团济南重机有限公司,2021-11-17,38
907,IT软件工程师,临工集团济南重机有限公司,2021-11-17,42
908,电子工程师,江苏势通生物科技有限公司,2021-11-17,44
909,游戏市场调研实习生,维塔士电脑软件（西安）有限公司,2021-11-16,48
910,游戏开发工程师（C++）,维塔士电脑软件（西安）有限公司,2021-11-16,54
911,前后端技术开发,凯捷咨询（中国）有限公司,2021-11-16,48
912,自动化工程师（20212022届）,衡阳镭目科技有限责任公司,2021-11-16,44
913,技术销售工程师,荷兰帕沃英蒂格盛有限公司深圳代表处,2021-11-16,47
914,机械工程师（20212022届）,衡阳镭目科技有限责任公司,2021-11-16,49
915,嵌入式软件开发工程师,北京万维盈创科技发展有限公司,2021-11-16,67
916,游戏开发C++实习生,维塔士电脑软件（西安）有限公司,2021-11-16,46
917,游戏前端开发工程师,竞技世界（北京）网络技术有限公司,2021-11-16,94
918,⼤数据开发⼯程师,上海吉世代网络科技有限公司,2021-11-16,48
919,软件工程师（20212022届）,衡阳镭目科技有限责任公司,2021-11-16,46
920, 后端开发⼯程师（Golang),上海吉世代网络科技有限公司,2021-11-16,47
921,Java开发工程师,北京万维盈创科技发展有限公司,2021-11-16,45
922,Android开发工程师,北京万维盈创科技发展有限公司,2021-11-16,43
923,工艺工程师,北京万维盈创科技发展有限公司,2021-11-16,44
924,图像算法工程师（20212022届）,衡阳镭目科技有限责任公司,2021-11-16,45
925,电子工程师（20212022届）,衡阳镭目科技有限责任公司,2021-11-16,42
926,IT运维工程师,中国贸促会专利商标事务所有限公司,2021-11-16,45
927,存储软件开发工程师,深圳市泛联信息科技有限公司,2021-11-16,39
928,网管前台工程师,深圳市泛联信息科技有限公司,2021-11-16,41
929,网管后台工程师,深圳市泛联信息科技有限公司,2021-11-16,41
930,软件测试工程师,深圳市泛联信息科技有限公司,2021-11-16,44
931,销售支持,深圳市泛联信息科技有限公司,2021-11-16,40
932,研发岗,四川航天川南火工技术有限公司,2021-11-16,39
933,软件工程师（C++）,爱科微半导体（上海）有限公司,2021-11-16,45
934,射频IC设计工程师,爱科微半导体（上海）有限公司,2021-11-16,66
935, 数字设计工程师,爱科微半导体（上海）有限公司,2021-11-16,41
936,现场应用工程师（FAE）,爱科微半导体（上海）有限公司,2021-11-16,63
937,工程技术岗,中航西安飞机工业集团股份有限公司,2021-11-15,134
938,机械工程师,中国能源建设集团浙江火电建设有限公司,2021-11-15,58
939,电气工程师,中国能源建设集团浙江火电建设有限公司,2021-11-15,56
940,大宗商品trader,陕西陕煤供应链管理有限公司,2021-11-15,63
941,大宗商品trader,陕西陕煤供应链管理有限公司,2021-11-15,67
942,大宗商品trader,陕西陕煤供应链管理有限公司,2021-11-15,54
943,大宗商品trader,陕西陕煤供应链管理有限公司,2021-11-15,67
944,大宗商品trader,陕西陕煤供应链管理有限公司,2021-11-15,69
945,销售工程师,泰晶科技股份有限公司,2021-11-15,53
946,FAE工程师,泰晶科技股份有限公司,2021-11-15,50
947,行政管理储备干部,泰晶科技股份有限公司,2021-11-15,52
948,管理培训生,泰晶科技股份有限公司,2021-11-15,55
949,研发工程师,泰晶科技股份有限公司,2021-11-15,57
950,市场策划工程师,泰晶科技股份有限公司,2021-11-15,54
951,硬件工程师,江苏御创科技有限公司,2021-11-15,64
952,研发序列/营销序列/技术序列,烟台东方威思顿电气有限公司,2021-11-15,62
953,研发工程师（物理专业）,青岛智腾微电子有限公司,2021-11-15,56
954,研发工程师（数学专业）,青岛智腾微电子有限公司,2021-11-15,54
955,嵌入式开发工程师,深圳市中图仪器股份有限公司,2021-11-15,55
956,美丽中国支教项目2022级支教老师,北京立德未来助学公益基金会,2021-11-15,68
957,软件工程师 （C/C++）,邦彦技术股份有限公司,2021-11-15,67
958,软件工程师 （linux应用/驱动）,邦彦技术股份有限公司,2021-11-15,42
959,硬件工程师,邦彦技术股份有限公司,2021-11-15,39
960,企业管理专职,中国能源建设集团浙江火电建设有限公司,2021-11-15,57
961,攀枝花学院2021年高层次人才招聘简章,北京磐石活水信息科技有限公司,2021-11-15,51
962,中建四局2022届“善建者”校园招聘,中建四局土木工程有限公司,2021-11-15,43
963,FPGA工程师,邦彦技术股份有限公司,2021-11-15,45
964,测试工程师,邦彦技术股份有限公司,2021-11-15,42
965,技术支持工程师,邦彦技术股份有限公司,2021-11-15,37
966,前沿技术研究岗 (含通信技术相关算法方向),邦彦技术股份有限公司,2021-11-15,36
967,C++软件工程师,深圳市中图仪器股份有限公司,2021-11-15,50
968,电子电气认证事业部 销售工程师,深圳市北测检测技术有限公司,2021-11-15,38
969,汽车检测事业部  销售工程师,深圳市北测检测技术有限公司,2021-11-15,39
970,电子电气检测事业部 销售工程师,深圳市北测检测技术有限公司,2021-11-15,37
971,部门助理/认证助理/文员,深圳市北测检测技术有限公司,2021-11-15,54
972,品质/工艺工程师,泰晶科技股份有限公司,2021-11-15,59
973,生产管理储备干部,泰晶科技股份有限公司,2021-11-15,58
974,创新业务支撑,中国联合网络通信有限公司商洛市分公司,2021-11-15,50
975,管培生,西安和硕物流科技有限公司,2021-11-15,39
976,光学工程师,嘉贺恒德科技有限责任公司,2021-11-15,65
977,1.	研究院，研究员,深圳市北测检测技术有限公司,2021-11-15,43
978,2.	研究院，科研助理,深圳市北测检测技术有限公司,2021-11-15,37
979,3.	电气/电磁兼容/射频测试/安规测试工程师,深圳市北测检测技术有限公司,2021-11-15,47
980,嵌入式软件工程师,北京金朋达航空科技有限公司,2021-11-15,43
981,理化测试工程师,深圳市北测检测技术有限公司,2021-11-15,45
982,可靠性测试工程师/项目工程师,深圳市北测检测技术有限公司,2021-11-15,39
983,材料分析工程师,深圳市北测检测技术有限公司,2021-11-15,40
984,技术支持工程师/项目工程师,深圳市北测检测技术有限公司,2021-11-15,40
985,管理培训生,深圳市北测检测技术有限公司,2021-11-15,38
986,硬件研发工程师,河北工大科雅能源科技股份有限公司,2021-11-14,40
987,自控研发工程师,河北工大科雅能源科技股份有限公司,2021-11-14,43
988,大数据开发工程师,河北工大科雅能源科技股份有限公司,2021-11-14,42
989,营销管培生,河北工大科雅能源科技股份有限公司,2021-11-14,49
990,软件研发岗,河北工大科雅能源科技股份有限公司,2021-11-14,45
991,技术支持（运维）,河北工大科雅能源科技股份有限公司,2021-11-14,45
992,专业技术岗,国家石油天然气管网集团有限公司西气东输分公司,2021-11-13,98
993,专业技术岗,国家石油天然气管网集团有限公司西气东输分公司,2021-11-13,89
994,软件开发类,建信金融科技有限责任公司,2021-11-13,107
995,国贸（整机）,安徽合力工业车辆进出口有限公司,2021-11-12,49
996,国贸（配件、技术服务）,安徽合力工业车辆进出口有限公司,2021-11-12,59
997,单证员（信保）,安徽合力工业车辆进出口有限公司,2021-11-12,55
998,计划员,安徽合力工业车辆进出口有限公司,2021-11-12,51
999,射频模拟IC设计工程师,深圳锐越微技术有限公司,2021-11-12,58
1000,软件开发,中油奥博（成都）科技有限公司,2021-11-12,50
1001,仪器研发,中油奥博（成都）科技有限公司,2021-11-12,46
1002,网络工程师,中油奥博（成都）科技有限公司,2021-11-12,45
1003,java工程师,北京恒华伟业科技股份有限公司,2021-11-12,45
1004,需求分析师,北京恒华伟业科技股份有限公司,2021-11-12,44
1005,硬件研发工程师,西安兴汇电力科技有限公司,2021-11-12,59
1006,嵌入式软件研发工程师,西安兴汇电力科技有限公司,2021-11-12,52
1007,软件工程师,医软信息科技（上海）有限公司,2021-11-12,57
1008,数字后端设计工程师,深圳锐越微技术有限公司,2021-11-12,57
1009,雷达信号处理工程师,深圳锐越微技术有限公司,2021-11-12,59
1010,射频硬件与天线工程师,深圳锐越微技术有限公司,2021-11-12,53
1011,上汽通用汽车-新能源体验店销售类储备生招聘简章,上汽通用汽车有限公司,2021-11-12,69
1012,浙江捷昌线性驱动科技股份有限公司招聘简章,浙江捷昌线性驱动科技股份有限公司,2021-11-12,52
1013,算法工程师,医软信息科技（上海）有限公司,2021-11-12,77
1014,机械结构工程师,医软信息科技（上海）有限公司,2021-11-12,65
1015,前端软件工程师,医软信息科技（上海）有限公司,2021-11-12,39
1016,江西软件职业技术大学2021年行政管理及辅导员招聘公告,北京磐石活水信息科技有限公司,2021-11-12,41
1017,江西软件职业技术大学2021年专任教师招聘公告,北京磐石活水信息科技有限公司,2021-11-12,42
1018,IC测试开发工程师,无锡中微腾芯电子有限公司,2021-11-12,58
1019,IC应用验证工程师,无锡中微腾芯电子有限公司,2021-11-12,61
1020,硬件开发工程师,无锡中微腾芯电子有限公司,2021-11-12,56
1021,检验工程师,无锡中微腾芯电子有限公司,2021-11-12,70
1022,试验工程师,无锡中微腾芯电子有限公司,2021-11-12,50
1023,产品工程师,无锡中微腾芯电子有限公司,2021-11-12,45
1024,设备维护工程师,无锡中微腾芯电子有限公司,2021-11-12,57
1025,研发设计工程师,福建南方路面机械股份有限公司,2021-11-11,43
1026,战略管理/供应链管理/营销管理/人力资源管理,西安中蓝金冷化工新材料有限公司,2021-11-11,56
1027,电气工程师,北京恒华伟业科技股份有限公司,2021-11-11,56
1028,内审专员,北京恒华伟业科技股份有限公司,2021-11-11,53
1029,生物医学类助理研究员,广州鸿溪见杉科技有限公司,2021-11-11,52
1030,蛋白纯化助理工程师,广州鸿溪见杉科技有限公司,2021-11-11,47
1031,光学类助理工程师,广州鸿溪见杉科技有限公司,2021-11-11,51
1032,机械类助理工程师,广州鸿溪见杉科技有限公司,2021-11-11,47
1033,芯片类助理工程师,广州鸿溪见杉科技有限公司,2021-11-11,49
1034,软件类助理工程师,广州鸿溪见杉科技有限公司,2021-11-11,66
1035,营销经理,北京中指讯博数据信息技术有限公司,2021-11-11,41
1036,后端工程师(深圳）,深圳小库科技有限公司,2021-11-11,50
1037,机械设计工程师,中科微至智能制造科技江苏股份有限公司,2021-11-11,48
1038,电气工程师,中科微至智能制造科技江苏股份有限公司,2021-11-11,46
1039,Field Service Engineer,先晶半导体设备（上海）有限公司,2021-11-11,161
1040,Field Process Engineer,先晶半导体设备（上海）有限公司,2021-11-11,151
1041,后端工程师（深圳-实习）,深圳小库科技有限公司,2021-11-11,47
1042,前端工程师（深圳）,深圳小库科技有限公司,2021-11-11,49
1043,前端工程师（深圳-实习）,深圳小库科技有限公司,2021-11-11,49
1044,全栈工程师（北京）,深圳小库科技有限公司,2021-11-11,49
1045,软件工程师,中科微至智能制造科技江苏股份有限公司,2021-11-11,58
1046,机械设计工程师,普达迪泰（成都）智造研究院有限公司,2021-11-11,37
1047,后端工程师（北京）,深圳小库科技有限公司,2021-11-11,41
1048,后端工程师（北京-实习）,深圳小库科技有限公司,2021-11-11,46
1049,全栈工程师（北京-实习）,深圳小库科技有限公司,2021-11-11,42
1050,视觉应用工程师,普达迪泰（成都）智造研究院有限公司,2021-11-11,37
1051,电气设计工程师,普达迪泰（成都）智造研究院有限公司,2021-11-11,42
1052,技术员/工艺员,金川集团镍盐有限公司,2021-11-11,41
1053,算法工程师（北京）,深圳小库科技有限公司,2021-11-11,40
1054,算法工程师（北京-实习）,深圳小库科技有限公司,2021-11-11,46
1055,机器视觉算法工程师,普达迪泰（成都）智造研究院有限公司,2021-11-11,56
1056,管培生,湖南高阳通联信息技术有限公司,2021-11-11,40
1057,嵌入式系统开发工程师,桂林星空建腾电子科技有限公司,2021-11-10,41
1058,产品工程师,桂林星空建腾电子科技有限公司,2021-11-10,42
1059,外贸业务助理（贸易培训生）,江苏苏美达五金工具有限公司,2021-11-10,43
1060,助理硬件工程师（研发培训生）,江苏苏美达五金工具有限公司,2021-11-10,44
1061,射频工程师,北京宏动科技有限公司,2021-11-10,48
1062,硬件工程师,北京宏动科技有限公司,2021-11-10,50
1063,软件工程师,北京宏动科技有限公司,2021-11-10,51
1064,结构设计工程师,桂林星空建腾电子科技有限公司,2021-11-10,42
1065,助理嵌入式软件工程师（研发培训生）,江苏苏美达五金工具有限公司,2021-11-10,42
1066,结构工程师,北京宏动科技有限公司,2021-11-10,53
1067,工艺工程师,北京宏动科技有限公司,2021-11-10,45
1068,后端开发工程师,上海木蚁机器人科技有限公司,2021-11-10,165
1069,嵌入式软件工程师,广东化一环境科技有限公司,2021-11-10,43
1070,助理算法工程师（研发培训生）,江苏苏美达五金工具有限公司,2021-11-10,40
1071,助理物联网工程师（研发培训生）,江苏苏美达五金工具有限公司,2021-11-10,44
1072,AI/大数据工程师,广东化一环境科技有限公司,2021-11-10,45
1073,现场应用工程师,北京升宇科技有限公司,2021-11-10,37
1074,mcu工程师,广东化一环境科技有限公司,2021-11-10,42
1075,硬件工程师,广东化一环境科技有限公司,2021-11-10,42
1076,Java开发工程师,广东化一环境科技有限公司,2021-11-10,65
1077,web开发工程师,广东化一环境科技有限公司,2021-11-10,38
1078,项目助理,广东化一环境科技有限公司,2021-11-10,46
1079,市场专员,广东化一环境科技有限公司,2021-11-10,37
1080,电源应用工程师,北京升宇科技有限公司,2021-11-10,37
1081,模拟/混合集成电路设计/验证工程师,北京升宇科技有限公司,2021-11-10,40
1082,IC验证工程师,北京升宇科技有限公司,2021-11-10,42
1083,东方航空2022全球校园招聘正式启动,中国东方航空股份有限公司,2021-11-10,47
1084,北京未尔锐创科技有限公司2022届校园招聘,成都未尔科技有限公司,2021-11-10,44
1085,成都中电锦江信息产业有限公司2022年校园招聘,成都中电锦江信息产业有限公司,2021-11-10,46
1086,专业技术员,中国能源建设集团安徽电力建设第二工程有限公司,2021-11-10,38
1087,算法工程师,北京度量科技有限公司,2021-11-10,42
1088,FPGA逻辑工程师,北京度量科技有限公司,2021-11-10,48
1089,硬件工程师,北京度量科技有限公司,2021-11-10,43
1090,硬件测试工程师,北京度量科技有限公司,2021-11-10,42
1091,软件测试工程师,北京度量科技有限公司,2021-11-10,41
1092,应用工程师,北京度量科技有限公司,2021-11-10,40
1093,管培生（数字营销方向）,北京度量科技有限公司,2021-11-10,40
1094,市场专员,北京度量科技有限公司,2021-11-10,59
1095,线上运营,北京度量科技有限公司,2021-11-10,40
1096,管培生（商务方向）,北京度量科技有限公司,2021-11-10,42
1097,研发工程师,北京握奇数据股份有限公司,2021-11-09,46
1098,销售工程师,北京握奇数据股份有限公司,2021-11-09,74
1099,合成研究员,上海予君生物科技发展有限公司,2021-11-09,40
1100,技术支持工程师,北京握奇数据股份有限公司,2021-11-09,43
1101,大学教师,山西工商学院,2021-11-09,47
1102,伊利2022年校招-生产培训生（液态奶）,宁夏伊利乳业有限责任公司,2021-11-09,51
1103,伊利2022年校招-生产专训生（液态奶）,宁夏伊利乳业有限责任公司,2021-11-09,58
1104,北京未尔锐创科技有限公司2022届校园招聘,北京未尔锐创科技有限公司,2021-11-09,45
1105,硬件工程师,上海广为电器集团有限公司,2021-11-09,103
1106,算法工程师,南京瀚讯信息科技有限公司,2021-11-09,46
1107,运营经理（超市/百货/购物中心方向）,天虹数科商业股份有限公司,2021-11-09,56
1108,营销策划经理,天虹数科商业股份有限公司,2021-11-09,47
1109,市场专员,厦门二维进化网络技术有限公司,2021-11-09,41
1110,Java开发工程师,厦门二维进化网络技术有限公司,2021-11-09,42
1111,前端开发工程师,厦门二维进化网络技术有限公司,2021-11-09,41
1112,ios开发工程师,厦门二维进化网络技术有限公司,2021-11-09,43
1113,安卓开发工程师,厦门二维进化网络技术有限公司,2021-11-09,44
1114,软件测试工程师,厦门二维进化网络技术有限公司,2021-11-09,59
1115,UI设计师,厦门二维进化网络技术有限公司,2021-11-09,41
1116,数据仓库工程师,厦门二维进化网络技术有限公司,2021-11-09,38
1117,数据分析师,厦门二维进化网络技术有限公司,2021-11-09,38
1118,文案策划师,厦门二维进化网络技术有限公司,2021-11-09,36
1119,TCL华星光电2022届秋季校园招聘（博士版）,广州华星光电半导体显示技术有限公司,2021-11-09,34
1120,嵌入式软件工程师,上海广为电器集团有限公司,2021-11-09,95
1121,外贸业务员,上海广为电器集团有限公司,2021-11-09,96
1122,结构工程师,上海广为电器集团有限公司,2021-11-09,104
1123,初级财务顾问,上海玛泽会计师事务所（普通合伙）,2021-11-09,43
1124,数据分析师,上海玛泽会计师事务所（普通合伙）,2021-11-09,42
1125,设计师,陕西凌云电器集团有限公司,2021-11-08,58
1126,SMT电子工程师,仁宝信息技术（昆山）有限公司,2021-11-08,45
1127,研发序列/营销序列/技术序列,烟台东方威思顿电气有限公司,2021-11-08,61
1128,SMT工程师,仁宝信息技术（昆山）有限公司,2021-11-08,45
1129,软件工程师,沈阳市人力资源和社会保障局,2021-11-08,88
1130,工程师,铁科院（北京）工程咨询有限公司,2021-11-08,42
1131,版图设计工程师,至讯创新科技（无锡）有限公司,2021-11-08,55
1132,模拟设计工程师,至讯创新科技（无锡）有限公司,2021-11-08,61
1133,数字设计及验证工程师,至讯创新科技（无锡）有限公司,2021-11-08,51
1134,NCG CAD工程师,至讯创新科技（无锡）有限公司,2021-11-08,77
1135,初级PE工程师,英华利汽车模具系统（深圳）有限公司,2021-11-08,50
1136,翻译助理,英华利汽车模具系统（深圳）有限公司,2021-11-08,52
1137,人力资源管理岗,大禹节水集团股份有限公司,2021-11-08,86
1138,营销专业岗,大禹节水集团股份有限公司,2021-11-08,41
1139,运营管理岗,大禹节水集团股份有限公司,2021-11-08,40
1140,程序员,西安新生代加思留学咨询有限公司,2021-11-08,43
1141,电子技术类岗-多岗位多地可选-10w+,广州金升阳科技有限公司,2021-11-08,58
1142,国内海外销售工程师-多地可选10w+,广州金升阳科技有限公司,2021-11-08,62
1143,智能驾驶系统工程师,浙江春风动力股份有限公司,2021-11-06,43
1144,VCU软件工程师,浙江春风动力股份有限公司,2021-11-06,42
1145,整车研发工程师,浙江春风动力股份有限公司,2021-11-06,46
1146,发动机研发工程师,浙江春风动力股份有限公司,2021-11-06,41
1147,功能安全工程师,浙江春风动力股份有限公司,2021-11-06,44
1148,见习业务经理,浙江春风动力股份有限公司,2021-11-06,40
1149,工艺工程师,浙江春风动力股份有限公司,2021-11-06,42
1150,人力资源专员,浙江春风动力股份有限公司,2021-11-06,43
1151,电装工艺员,北京金朋达航空科技有限公司,2021-11-06,46
1152,电子对抗工程师,北京金朋达航空科技有限公司,2021-11-06,48
1153,知识产权规划与研究/情报研究/软件开发/信息规划/信息化项目建设/工业网络安全/智能化改造/档案编研/会计,中国航天科工集团六院情报信息研究中心,2021-11-06,58
1154,渠道销售工程师,TCL华瑞照明科技（惠州）有限公司,2021-11-06,53
1155,自动控制软硬件工程师,北京金朋达航空科技有限公司,2021-11-06,48
1156,KA销售助理工程师（大客户销售）,TCL华瑞照明科技（惠州）有限公司,2021-11-06,50
1157,嵌入式软硬件工程师,北京金朋达航空科技有限公司,2021-11-06,50
1158,自动化控制工程师,福建南方路面机械股份有限公司,2021-11-05,61
1159,服务工程师,福建南方路面机械股份有限公司,2021-11-05,56
1160,技术销售工程师,福建南方路面机械股份有限公司,2021-11-05,61
1161,生产制造工程师,福建南方路面机械股份有限公司,2021-11-05,66
1162,工艺工程师,福建南方路面机械股份有限公司,2021-11-05,56
1163,采购工程师,福建南方路面机械股份有限公司,2021-11-05,68
1164,质量工程师,福建南方路面机械股份有限公司,2021-11-05,52
1165,IT工程师,福建南方路面机械股份有限公司,2021-11-05,67
1166,信息化工程师,西部金属材料股份有限公司,2021-11-05,63
1167,Marketing与销售服务部岗位,荣耀终端有限公司,2021-11-05,154
1168,智网工程师,中国联合网络通信有限公司商洛市分公司,2021-11-05,52
1169,深度学习/计算机视觉工程师,智洋创新科技股份有限公司,2021-11-05,58
1170,北京极智嘉Geek+ 2022届校园招聘,北京极智嘉科技股份有限公司,2021-11-05,59
1171,硬/软件设计师,天津航空机电有限公司,2021-11-05,57
1172,大连商品交易所2021年招聘简章,大连商品交易所,2021-11-05,53
1173,爱柯迪股份有限公司校园招聘简章,爱柯迪股份有限公司,2021-11-05,35
1174,机器学习工程师,智洋创新科技股份有限公司,2021-11-05,84
1175,Java开发工程师,智洋创新科技股份有限公司,2021-11-05,55
1176,Python开发工程师,智洋创新科技股份有限公司,2021-11-05,59
1177,业务支持助理,开思时代科技（深圳）有限公司,2021-11-05,103
1178,用户运营助理,开思时代科技（深圳）有限公司,2021-11-05,98
1179,实验助理,翌圣生物科技（上海）股份有限公司,2021-11-05,49
1180,信息化工程师,西部金属材料股份有限公司,2021-11-05,50
1181,硬件工程师,智洋创新科技股份有限公司,2021-11-05,53
1182,嵌入式软件工程师,智洋创新科技股份有限公司,2021-11-05,51
1183,数据运营助理,开思时代科技（深圳）有限公司,2021-11-05,107
1184,分子生物学研究员,翌圣生物科技（上海）股份有限公司,2021-11-05,62
1185,蛋白研究员,翌圣生物科技（上海）股份有限公司,2021-11-05,48
1186,制剂主管,翌圣生物科技（上海）股份有限公司,2021-11-05,44
1187,C++开发工程师,智洋创新科技股份有限公司,2021-11-05,49
1188,Android开发工程师,智洋创新科技股份有限公司,2021-11-05,53
1189,硬件测试工程师,智洋创新科技股份有限公司,2021-11-05,51
1190,业务规划助理,开思时代科技（深圳）有限公司,2021-11-05,108
1191,成本管控助理,开思时代科技（深圳）有限公司,2021-11-05,111
1192,纯化主管,翌圣生物科技（上海）股份有限公司,2021-11-05,38
1193,软件测试工程师,智洋创新科技股份有限公司,2021-11-05,48
1194,管培生,智洋创新科技股份有限公司,2021-11-05,51
1195,机器学习负责人,甬江实验室,2021-11-05,68
1196,流程管理助理,开思时代科技（深圳）有限公司,2021-11-05,92
1197,显示算法负责人,甬江实验室,2021-11-05,48
1198,软件负责人,甬江实验室,2021-11-05,52
1199,校招职位,深圳市普渡科技有限公司,2021-11-05,107
1200,嵌入式系统负责人,甬江实验室,2021-11-05,65
1201,电路负责人,甬江实验室,2021-11-05,45
1202,综合管理,浙江物产金属集团有限公司,2021-11-05,49
1203,VR 3D引擎科学家,甬江实验室,2021-11-05,60
1204,物流管理,浙江物产金属集团有限公司,2021-11-05,43
1205,硬件原型开发负责人,甬江实验室,2021-11-05,41
1206,C++开发工程师,武汉光庭信息技术股份有限公司,2021-11-05,33
1207,大宗商品贸易,浙江物产金属集团有限公司,2021-11-05,48
1208,图形图像算法科学家,甬江实验室,2021-11-05,46
1209,财务管理,浙江物产金属集团有限公司,2021-11-05,38
1210,软件开发工程师,浙江物产金属集团有限公司,2021-11-05,45
1211,安卓高级软件负责人,甬江实验室,2021-11-05,49
1212,软件助理实施顾问,西门子工业软件（上海）有限公司,2021-11-05,66
1213,人体感知与视觉科学家,甬江实验室,2021-11-05,50
1214,软件助理实施顾问,西门子工业软件（上海）有限公司,2021-11-05,44
1215,电子工程师/技术员,北京未磁科技有限公司,2021-11-05,49
1216,ISP 图像算法负责人,甬江实验室,2021-11-05,59
1217,电气工程师,北京未磁科技有限公司,2021-11-05,50
1218,先进显示技术研发负责人,甬江实验室,2021-11-05,52
1219,算法工程师-图形图像算法工程师,北京未磁科技有限公司,2021-11-05,53
1220,应用工程师,北京未磁科技有限公司,2021-11-05,56
1221,显示、光学测试负责人,甬江实验室,2021-11-05,46
1222,江门市“百名博士引进工程”引进公告,江门市人才工作局,2021-11-05,69
1223,显示驱动面板设计负责人,甬江实验室,2021-11-05,47
1224,显示背板制程器件工程负责人,甬江实验室,2021-11-05,43
1225,显示驱动IC设计负责人,甬江实验室,2021-11-05,44
1226,IT 工程师 （服务器）,甬江实验室,2021-11-05,46
1227,实验室管理员,甬江实验室,2021-11-05,56
1228,【网易有道】Android开发工程师,网易有道信息技术（江苏）有限公司西安分公司,2021-11-05,116
1229,【网易有道】iOS开发工程师,网易有道信息技术（江苏）有限公司西安分公司,2021-11-05,111
1230,【网易有道】前端开发工程师,网易有道信息技术（江苏）有限公司西安分公司,2021-11-05,123
1231,Junior Auditor 初级审计员,上海玛泽会计师事务所（普通合伙）,2021-11-05,37
1232,【网易有道】JAVA开发工程师,网易有道信息技术（江苏）有限公司西安分公司,2021-11-05,94
1233,【网易有道】C++开发工程师,网易有道信息技术（江苏）有限公司西安分公司,2021-11-05,110
1234,【网易有道】测试开发工程师,网易有道信息技术（江苏）有限公司西安分公司,2021-11-05,98
1235,【网易有道】语音算法工程师,网易有道信息技术（江苏）有限公司西安分公司,2021-11-05,91
1236,【网易有道】NLP算法工程师,网易有道信息技术（江苏）有限公司西安分公司,2021-11-05,93
1237,【网易有道】广告算法工程师,网易有道信息技术（江苏）有限公司西安分公司,2021-11-05,94
1238,【网易有道】高中各科主讲教师（九科）,网易有道信息技术（江苏）有限公司西安分公司,2021-11-05,107
1239,【网易有道】产品、市场、运营管培生,网易有道信息技术（江苏）有限公司西安分公司,2021-11-05,128
1240,【网易有道】产品策划,网易有道信息技术（江苏）有限公司西安分公司,2021-11-05,106
1241,仪电技术,国家石油天然气管网集团有限公司西气东输分公司,2021-11-04,118
1242,自动化工程师,北京聚树核科技有限公司,2021-11-04,57
1243,数字芯片设计工程师,上海朗立微集成电路有限公司,2021-11-04,125
1244,人工智能算法工程师,龙盈智达（北京）科技有限公司,2021-11-04,45
1245,鞍山师范学院,鞍山师范学院,2021-11-04,51
1246,数据挖掘与建模工程师,龙盈智达（北京）科技有限公司,2021-11-04,42
1247,研发工程师,龙盈智达（北京）科技有限公司,2021-11-04,42
1248,数字芯片验证工程师,上海朗立微集成电路有限公司,2021-11-04,92
1249, 风控策略分析师,龙盈智达（北京）科技有限公司,2021-11-04,45
1250,Java开发工程师,麒麟合盛网络技术股份有限公司,2021-11-04,49
1251,Java开发工程师,麒麟合盛网络技术股份有限公司,2021-11-04,49
1252,前端开发工程师,麒麟合盛网络技术股份有限公司,2021-11-04,43
1253,数字后端工程师,上海朗立微集成电路有限公司,2021-11-04,83
1254,芯片封装及测试,上海朗立微集成电路有限公司,2021-11-04,84
1255,产品经理（金融方向）,龙盈智达（北京）科技有限公司,2021-11-04,46
1256,模拟电路设计工程师,上海朗立微集成电路有限公司,2021-11-04,85
1257,2022届管培生,河南绿都物业服务有限公司,2021-11-04,75
1258,模拟电路后端工程师,上海朗立微集成电路有限公司,2021-11-04,70
1259,测试工程师,龙盈智达（北京）科技有限公司,2021-11-04,46
1260,软件开发工程,上海朗立微集成电路有限公司,2021-11-04,65
1261,FPGA测试工程师,上海朗立微集成电路有限公司,2021-11-04,65
1262,管培生,龙盈智达（北京）科技有限公司,2021-11-04,61
1263,射频开发工程师,上海朗立微集成电路有限公司,2021-11-04,71
1264,基带算法工程师,上海朗立微集成电路有限公司,2021-11-04,63
1265,教师,洛阳职业技术学院,2021-11-04,63
1266,中国联通四川省分公司2021年（2022届）  秋季校园招聘公告,中国联合网络通信有限公司四川省分公司,2021-11-04,58
1267,嵌入式工程师,东莞市振华新能源科技有限公司,2021-11-04,48
1268,硬件工程师,东莞市振华新能源科技有限公司,2021-11-04,45
1269,模拟IC设计工程师（电源方向）,百星微电子科技（上海）有限公司,2021-11-04,47
1270,自动驾驶仿真应用工程师,浙江天行健智能科技有限公司,2021-11-04,43
1271,自动驾驶场景库构建工程师,浙江天行健智能科技有限公司,2021-11-04,39
1272,模拟IC设计工程师（信号链方向）,百星微电子科技（上海）有限公司,2021-11-04,40
1273,数字IC设计工程师,百星微电子科技（上海）有限公司,2021-11-04,40
1274,现场应用工程师（FAE）,百星微电子科技（上海）有限公司,2021-11-04,42
1275,新能源设计师,中国能源建设集团广西电力设计研究院有限公司,2021-11-04,66
1276,硕博岗,中铁十一局集团有限公司,2021-11-04,43
1277,研发工程师,西安高新技术企业协会,2021-11-04,72
1278,专利工程师（通信电学机械自动化等领域）,北京龙双利达知识产权代理有限公司西安分公司,2021-11-04,49
1279,专利工程师（通信电学机械自动化等领域）,北京龙双利达知识产权代理有限公司西安分公司,2021-11-04,59
1280,专利工程师（通信电学机械自动化等领域）,北京龙双利达知识产权代理有限公司西安分公司,2021-11-04,44
1281,总体设计工程师,扬州宇安电子科技有限公司,2021-11-04,97
1282,实施工程师,扬州宇安电子科技有限公司,2021-11-04,101
1283,算法工程师,扬州宇安电子科技有限公司,2021-11-04,102
1284,FPGA逻辑开发工程师,扬州宇安电子科技有限公司,2021-11-04,99
1285,嵌入式工程师,扬州宇安电子科技有限公司,2021-11-04,92
1286,研发助理,西安高新技术企业协会,2021-11-04,74
1287,OTC推广经理,西安高新技术企业协会,2021-11-04,66
1288,财务风控岗,锐方（上海）私募基金管理有限公司,2021-11-04,55
1289,主播,西安高新技术企业协会,2021-11-04,71
1290,软件工程师,扬州宇安电子科技有限公司,2021-11-04,112
1291,结构工程师,扬州宇安电子科技有限公司,2021-11-04,91
1292,测试工程师,扬州宇安电子科技有限公司,2021-11-04,92
1293,12月3日博士视频“云”招聘火热开启，期待您的到来！,学术桥（北京）教育科技有限公司,2021-11-04,125
1294,运营,西安高新技术企业协会,2021-11-04,69
1295,新媒体推广,西安高新技术企业协会,2021-11-04,63
1296,临床协调员,西安高新技术企业协会,2021-11-04,56
1297,纯化技术员,西安高新技术企业协会,2021-11-04,65
1298,DFT设计工程师,建瓴半导体（广州）有限责任公司,2021-11-04,98
1299,软件开发工程师,中国联合网络通信有限公司东莞市分公司,2021-11-03,51
1300,数字中台运营经理,中国联合网络通信有限公司东莞市分公司,2021-11-03,46
1301,项目经理,中国联合网络通信有限公司东莞市分公司,2021-11-03,47
1302,行业客户经理,中国联合网络通信有限公司东莞市分公司,2021-11-03,44
1303,工业互联网解决方案工程师,中国联合网络通信有限公司东莞市分公司,2021-11-03,56
1304,系统集成架构师,中国联合网络通信有限公司东莞市分公司,2021-11-03,40
1305,网络规划和优化工程师,中国联合网络通信有限公司东莞市分公司,2021-11-03,51
1306,动力配套维护工程师,中国联合网络通信有限公司东莞市分公司,2021-11-03,45
1307,智家客户经理,中国联合网络通信有限公司东莞市分公司,2021-11-03,48
1308,GIS开发工程师,西安航天宏图信息技术有限公司,2021-11-03,97
1309,工程技术人员,陕西煤业化工技术研究院有限责任公司,2021-11-03,108
1310,研发技术岗,西安高新技术企业协会,2021-11-03,71
1311,工艺技术岗,西安高新技术企业协会,2021-11-03,73
1312,销售技术岗,西安高新技术企业协会,2021-11-03,127
1313,机电技术岗,西安高新技术企业协会,2021-11-03,55
1314,企业专员,西安高新技术企业协会,2021-11-03,55
1315,行政专员,西安高新技术企业协会,2021-11-03,54
1316,人事专员,西安高新技术企业协会,2021-11-03,48
1317,JAVA开发工程师,西安航天宏图信息技术有限公司,2021-11-03,100
1318,制造中心后备干部,西安高新技术企业协会,2021-11-03,50
1319,管培生,加多宝（天津）饮料有限公司,2021-11-03,39
1320,算法工程师,西安航天宏图信息技术有限公司,2021-11-03,95
1321,游戏策划（关卡/系统/数值）,浙江无端科技股份有限公司,2021-11-03,55
1322,软件研发,四川九洲空管科技有限责任公司,2021-11-03,122
1323,逻辑研发,四川九洲空管科技有限责任公司,2021-11-03,124
1324,广州珠江职业技术学院2021年人才招聘,广州珠江职业技术学院,2021-11-03,41
1325,研发工程师/助理,西安高新技术企业协会,2021-11-03,51
1326,算法工程师,金航数码科技有限责任公司,2021-11-03,46
1327,软件开发工程师,金航数码科技有限责任公司,2021-11-03,40
1328,技术工程师,西安高新技术企业协会,2021-11-03,53
1329,销售经理,西安高新技术企业协会,2021-11-03,45
1330,销售经理,西安高新技术企业协会,2021-11-03,50
1331,技术开发工程师、产品、客户、项目经理,上海甄云信息科技有限公司,2021-11-03,55
1332,北京未尔锐创科技有限公司2022届校园招聘,成都未尔科技有限公司,2021-11-03,40
1333,研发总监,工信领军（北京）科技有限公司,2021-11-03,33
1334, 应急管理部上海消防研究所  2022年招聘简章,应急管理部上海消防研究所,2021-11-03,50
1335,Software Development Engineer,北京领创智信科技有限公司,2021-11-03,39
1336,Web前端工程师,北京领创智信科技有限公司,2021-11-03,37
1337,项目交付技术经理,中国联合网络通信有限公司东莞市分公司,2021-11-03,45
1338,解决方案经理,中国联合网络通信有限公司东莞市分公司,2021-11-03,58
1339,Python开发工程师,北京领创智信科技有限公司,2021-11-03,46
1340,大数据研发工程师,北京领创智信科技有限公司,2021-11-03,38
1341,统计程序师I(可实习）,北京康特瑞科统计科技有限责任公司,2021-11-03,109
1342,数据挖掘工程师,中国联合网络通信有限公司东莞市分公司,2021-11-03,39
1343,产品经理,中国联合网络通信有限公司东莞市分公司,2021-11-03,41
1344,汽车工程学院专任教师,杭州科技职业技术学院,2021-11-03,36
1345,格力电器2022格锐先锋计划招聘,珠海格力电器股份有限公司,2021-11-03,53
1346,生物统计师I(可实习）,北京康特瑞科统计科技有限责任公司,2021-11-03,111
1347,助理数据管理员（可实习）,北京康特瑞科统计科技有限责任公司,2021-11-03,113
1348,数据建库师I,北京康特瑞科统计科技有限责任公司,2021-11-03,112
1349,后端开发工程师,杭州硕磐智能科技有限公司,2021-11-03,40
1350,前端开发工程师,杭州硕磐智能科技有限公司,2021-11-03,34
1351,AI算法工程师-研究院,杭州硕磐智能科技有限公司,2021-11-03,43
1352,大数据研发工程师,杭州硕磐智能科技有限公司,2021-11-03,38
1353,分布式数据平台开发工程师,杭州硕磐智能科技有限公司,2021-11-03,58
1354,后端研发工程师,北京领创智信科技有限公司,2021-11-03,43
1355,机器学习/数据挖掘/自然语言处理工程师,杭州硕磐智能科技有限公司,2021-11-03,42
1356,汇萃智能2022校园招聘,杭州汇萃智能科技有限公司,2021-11-02,54
1357,软件测试工程师,音墙网络科技（上海）有限公司,2021-11-02,41
1358,web开发工程师,音墙网络科技（上海）有限公司,2021-11-02,44
1359,后端软件开发工程师,音墙网络科技（上海）有限公司,2021-11-02,41
1360,电气工程师,北京智束科技有限公司,2021-11-02,46
1361,关卡设计,北京云畅游戏科技股份有限公司,2021-11-02,42
1362,游戏策划,北京云畅游戏科技股份有限公司,2021-11-02,46
1363,3D特效,北京云畅游戏科技股份有限公司,2021-11-02,39
1364,服务端开发工程师,北京云畅游戏科技股份有限公司,2021-11-02,46
1365,客户端开发工程师,北京云畅游戏科技股份有限公司,2021-11-02,40
1366,数据分析师,途家网网络技术（北京）有限公司,2021-11-02,48
1367,产品经理,途家网网络技术（北京）有限公司,2021-11-02,51
1368,前端开发工程师,途家网网络技术（北京）有限公司,2021-11-02,45
1369,数据开发工程师,途家网网络技术（北京）有限公司,2021-11-02,45
1370,Java开发工程师,途家网网络技术（北京）有限公司,2021-11-02,40
1371,项目管理（通信方向）,润建股份有限公司,2021-11-02,45
1372,投标管培生,润建股份有限公司,2021-11-02,47
1373,Java开发工程师,北京数码视讯技术有限公司,2021-11-02,69
1374,质量工程师,广州市昊志机电股份有限公司,2021-11-02,118
1375,销售工程师,广州市昊志机电股份有限公司,2021-11-02,118
1376,电机设计工程师,广州市昊志机电股份有限公司,2021-11-02,112
1377,软件工程师,北京数码视讯技术有限公司,2021-11-02,40
1378,2022届应届毕业生,华天科技（西安）有限公司,2021-11-02,63
1379,嵌入式软件工程师,北京数码视讯技术有限公司,2021-11-02,49
1380,商务营销岗,北京数码视讯技术有限公司,2021-11-02,43
1381,运维工程师,北京数码视讯技术有限公司,2021-11-02,41
1382,人力管培生,润建股份有限公司,2021-11-02,42
1383,音视频开发工程师,北京方位通讯设备有限公司,2021-11-02,51
1384,测试工程师,北京方位通讯设备有限公司,2021-11-02,47
1385,【事业编教师，非师范类亦可】2022年吴江区选聘优秀毕业生公告,苏州市吴江区教育局,2021-11-02,53
1386,嵌入式开发工程师,北京方位通讯设备有限公司,2021-11-02,51
1387,财务管培生,润建股份有限公司,2021-11-02,44
1388,证券管培生,润建股份有限公司,2021-11-02,45
1389,综合管培生,润建股份有限公司,2021-11-02,43
1390,C语言开发工程师,北京方位通讯设备有限公司,2021-11-02,56
1391,Android软件开发工程师,北京方位通讯设备有限公司,2021-11-02,50
1392,Linux c/c++开发工程师,北京方位通讯设备有限公司,2021-11-02,69
1393,初级产品工程师,北京方位通讯设备有限公司,2021-11-02,71
1394,技术支持工程师,北京方位通讯设备有限公司,2021-11-02,54
1395,开发管培生,润建股份有限公司,2021-11-02,45
1396,产品管培生,润建股份有限公司,2021-11-02,48
1397,工艺工程师,北京智束科技有限公司,2021-11-02,63
1398,3D模型,北京云畅游戏科技股份有限公司,2021-11-02,39
1399,3D动作,北京云畅游戏科技股份有限公司,2021-11-02,47
1400,通信测试工程师,润建股份有限公司,2021-11-02,51
1401,硬件工程师,润建股份有限公司,2021-11-02,45
1402,市场拓展,润建股份有限公司,2021-11-02,55
1403,模拟设计工程师,美芯晟科技（北京）有限公司,2021-11-02,58
1404,3D场景,北京云畅游戏科技股份有限公司,2021-11-02,42
1405,商务管理,润建股份有限公司,2021-11-02,46
1406,模拟设计工程师,美芯晟科技（北京）有限公司,2021-11-02,58
1407,售前管培生,润建股份有限公司,2021-11-02,40
1408,项目管理（政企方向）,润建股份有限公司,2021-11-02,43
1409,研发工程师,北京智束科技有限公司,2021-11-02,72
1410,项目管理（IDC方向）,润建股份有限公司,2021-11-02,44
1411,数字芯片设计工程师,美芯晟科技（北京）有限公司,2021-11-02,56
1412,项目管理（新能源方向）,润建股份有限公司,2021-11-02,42
1413,数字芯片设计工程师,美芯晟科技（北京）有限公司,2021-11-02,49
1414,嵌入式软件开发工程师,音墙网络科技（上海）有限公司,2021-11-02,43
1415,振动分析诊断师,航天智控（北京）监测技术有限公司,2021-11-02,59
1416,算法开发工程师,途家网网络技术（北京）有限公司,2021-11-02,43
1417,客户端软件开发工程师,音墙网络科技（上海）有限公司,2021-11-02,48
1418,测试开发工程师,音墙网络科技（上海）有限公司,2021-11-02,46
1419,技术支持工程师,航天智控（北京）监测技术有限公司,2021-11-02,54
1420,北京未尔锐创科技有限公司2022届校园招聘,北京未尔锐创科技有限公司,2021-11-02,65
1421,Project Planner（2022）,广东德昌电机有限公司,2021-11-01,45
1422,软件开发工程师（2022届）,广东德昌电机有限公司,2021-11-01,50
1423,硬件开发工程师（2022届）,广东德昌电机有限公司,2021-11-01,50
1424,试剂研发工程师,南京国科医工科技发展有限公司,2021-11-01,88
1425,光学工程师,南京国科医工科技发展有限公司,2021-11-01,93
1426,软件研发工程师,南京国科医工科技发展有限公司,2021-11-01,91
1427,电子技术研发工程师,南京国科医工科技发展有限公司,2021-11-01,89
1428,结构设计工程师,南京国科医工科技发展有限公司,2021-11-01,86
1429,软件研发岗,南京国科医工科技发展有限公司,2021-11-01,57
1430,操作工,西安高新技术企业协会,2021-11-01,54
1431,检验员,西安高新技术企业协会,2021-11-01,52
1432,设备维修,西安高新技术企业协会,2021-11-01,48
1433,未来领袖,川开电气有限公司,2021-11-01,58
1434,开源证券机构业务团队,开源证券股份有限公司,2021-11-01,66
1435,电气设计工程师,川开电气有限公司,2021-11-01,143
1436,结构设计工程师,川开电气有限公司,2021-11-01,40
1437,报价/方案工程师,川开电气有限公司,2021-11-01,39
1438,嵌入式软件/前端/后端开发工程师,川开电气有限公司,2021-11-01,42
1439,工业工程师,川开电气有限公司,2021-11-01,42
1440,系统运维工程师,川开电气有限公司,2021-11-01,41
1441,营销经理,川开电气有限公司,2021-11-01,48
1442,市场支持/拓展工程师,川开电气有限公司,2021-11-01,41
1443,HRBP,川开电气有限公司,2021-11-01,42
1444,项目经理,川开电气有限公司,2021-11-01,42
1445,质量工程师,川开电气有限公司,2021-11-01,40
1446,成本管理专员,川开电气有限公司,2021-11-01,51
1447,商务采购专员,川开电气有限公司,2021-11-01,40
1448,商务关系专员,川开电气有限公司,2021-11-01,40
1449,高级文秘,川开电气有限公司,2021-11-01,41
1450,工程项目经理/造价员,川开电气有限公司,2021-11-01,35
1451,科研人员,中国计量大学,2021-11-01,46
1452,研发序列/营销序列/技术序列,烟台东方威思顿电气有限公司,2021-11-01,66
1453,研发工程师,西安高新技术企业协会,2021-11-01,79
1454,工艺工程师,西安高新技术企业协会,2021-11-01,68
1455,SQE,西安高新技术企业协会,2021-11-01,85
1456,企业管理,西安高新技术企业协会,2021-11-01,51
1457,市场外销,西安高新技术企业协会,2021-11-01,52
1458,市场内勤,西安高新技术企业协会,2021-11-01,58
1459,操作工,西安高新技术企业协会,2021-11-01,49
1460,哈尔滨理工大学2021年引进人才公告  根据《黑龙江省事业单位公开招聘人员暂行办法》（黑办发〔2006〕32号）、《黑龙江省省直事业单位公开招聘工作人员实施细则,哈尔滨理工大学,2021-11-01,37
1461,工艺员、技术员、智能化改造工程师、营销储备人才,浙江盛达铁塔有限公司,2021-11-01,45
1462,焊接工艺员、技术员、焊接工程师,浙江盛达铁塔有限公司,2021-11-01,44
1463,电子工程师/技术员,南京国科医工科技发展有限公司,2021-11-01,64
1464,机械结构工程师,南京国科医工科技发展有限公司,2021-11-01,57
1465,"加入我们,共建中国民族品牌 水羊股份2022届校园招聘“远洋计划”",水羊集团股份有限公司,2021-11-01,47
1466,小学老师,西咸新区黄冈泾河学校,2021-11-01,56
1467,初中老师,西咸新区黄冈泾河学校,2021-11-01,56
1468,高中老师,西咸新区黄冈泾河学校,2021-11-01,55
1469,模拟芯片设计工程师,上海联影微电子科技有限公司,2021-11-01,45
1470,机械工程师（2022届）,广东德昌电机有限公司,2021-11-01,55
1471,数字电路验证工程师,上海联影微电子科技有限公司,2021-11-01,43
1472,LinuxC软件工程师,北京数码视讯技术有限公司,2021-11-01,36
1473,高级软件工程师,北京数码视讯技术有限公司,2021-11-01,52
1474,【佳能医疗】软件开发工程师,佳能医疗系统（中国）有限公司,2021-11-01,53
1475,【佳能医疗】图像算法研究员,佳能医疗系统（中国）有限公司,2021-11-01,82
1476,芯片后端设计工程师 ASIC physical design engineer,建瓴半导体（广州）有限责任公司,2021-11-01,112
1477,芯片设计工程师,建瓴半导体（广州）有限责任公司,2021-11-01,111
1478,芯片验证工程师,建瓴半导体（广州）有限责任公司,2021-11-01,103
1479,交换机芯片SDK软件工程师,建瓴半导体（广州）有限责任公司,2021-11-01,107
1480, 香港科技大学22fall数据建模硕士学位项目线下招生宣讲会,南京途善久文化传播有限公司,2021-10-31,80
1481,销售代表,深圳市科曼医疗设备有限公司,2021-10-31,62
1482,交易员,西安天勤汇理私募基金管理有限公司,2021-10-30,64
1483,智能传感算法工程师,杭州归领医疗器械有限公司,2021-10-29,50
1484,软件工程师（C++）,杭州归领医疗器械有限公司,2021-10-29,57
1485,硬件工程师,杭州归领医疗器械有限公司,2021-10-29,46
1486,Web前端工程师,广东挑战家控股有限公司,2021-10-29,42
1487,机械结构工程师,杭州归领医疗器械有限公司,2021-10-29,50
1488,JAVA 高级开发工程师,广东挑战家控股有限公司,2021-10-29,40
1489,仿真工程师（北京）,北京华航唯实机器人科技股份有限公司,2021-10-29,50
1490,电气设计工程师（北京/浙江嘉善）,北京华航唯实机器人科技股份有限公司,2021-10-29,41
1491,机械设计工程师（北京）,北京华航唯实机器人科技股份有限公司,2021-10-29,53
1492,虚拟现实工程师（北京）,北京华航唯实机器人科技股份有限公司,2021-10-29,43
1493,算法工程师 （北京）,北京华航唯实机器人科技股份有限公司,2021-10-29,68
1494,C++开发工程师 （北京）,北京华航唯实机器人科技股份有限公司,2021-10-29,55
1495,材料工程师,杭州归领医疗器械有限公司,2021-10-29,51
1496,试验工程师,南京越博动力系统股份有限公司,2021-10-29,46
1497,器件设计工程师,芯盟科技有限公司,2021-10-29,49
1498,DRAM Designer,芯盟科技有限公司,2021-10-29,44
1499,模拟电路 IC 设计工程师,芯盟科技有限公司,2021-10-29,45
1500,FinTech管理培训生,兴业银行股份有限公司长沙分行,2021-10-29,69
1501,管理培训生,兴业银行股份有限公司长沙分行,2021-10-29,56
1502,市场营销类,兴业银行股份有限公司长沙分行,2021-10-29,52
1503,运营支持类,兴业银行股份有限公司长沙分行,2021-10-29,77
1504,运营,浙江小虫科技有限公司,2021-10-29,47
1505,教学开发工程师 （上海/嘉善）,北京华航唯实机器人科技股份有限公司,2021-10-29,52
1506,服务支持,浙江小虫科技有限公司,2021-10-29,43
1507,商务BD,浙江小虫科技有限公司,2021-10-29,43
1508,工业机器人培训工程师（机器人/电气方向）,北京华航唯实机器人科技股份有限公司,2021-10-29,55
1509,企业信息化类,天津能源投资集团有限公司,2021-10-28,59
1510,web前端开发,北京中指讯博数据信息技术有限公司,2021-10-28,46
1511,管培生（鸭鸭羽绒服）,鸭鸭电子商务（杭州）有限公司,2021-10-28,66
1512,舞台灯光设计师、舞台机械设计师,中广电广播电影电视设计研究院,2021-10-28,35
1513,CoE 开发工程师 - SAP Women’s Tech Academy Program,思爱普（中国）有限公司,2021-10-28,57
1514,技术岗,四川航天川南火工技术有限公司,2021-10-28,39
1515,信息技术岗,四川航天川南火工技术有限公司,2021-10-28,38
1516,研发工程师,天津凯发电气股份有限公司,2021-10-27,43
1517,技术工程师,天津凯发电气股份有限公司,2021-10-27,48
1518,软件工程师,天津凯发电气股份有限公司,2021-10-27,50
1519,软件开发,通富微电子股份有限公司,2021-10-27,42
1520,动力工程技术,通富微电子股份有限公司,2021-10-27,41
1521,研发工程师,深圳市速联技术有限公司,2021-10-27,42
1522,Java开发工程师,北京中指讯博数据信息技术有限公司,2021-10-27,42
1523,数据分析师,北京中指讯博数据信息技术有限公司,2021-10-27,42
1524,模拟IC实习生,深圳市勃望初芯半导体科技有限公司,2021-10-27,53
1525,研发工程师,福建慧芯激光科技有限公司,2021-10-27,55
1526,微波系统工程师,深圳市速联技术有限公司,2021-10-27,36
1527,领航家（营销管培生）,上海链家房地产经纪有限公司,2021-10-27,94
1528,微结构工程师,深圳市速联技术有限公司,2021-10-27,38
1529,材料工程师,深圳市速联技术有限公司,2021-10-27,49
1530,技术研发,通富微电子股份有限公司,2021-10-27,44
1531,封装技术开发,通富微电子股份有限公司,2021-10-27,48
1532,理财规划师,中信建投证券股份有限公司西安科技路证券营业部,2021-10-27,51
1533,新产品开发,通富微电子股份有限公司,2021-10-27,41
1534,制程工程师,通富微电子股份有限公司,2021-10-27,48
1535,设备工程师,通富微电子股份有限公司,2021-10-27,43
1536,财务、管理类,通富微电子股份有限公司,2021-10-27,37
1537,IT开发工程师,中国电信股份有限公司深圳分公司,2021-10-27,44
1538,IT应用工程师,中国电信股份有限公司深圳分公司,2021-10-27,35
1539,云网运营工程师,中国电信股份有限公司深圳分公司,2021-10-27,37
1540,解决方案经理,中国电信股份有限公司深圳分公司,2021-10-27,39
1541,无线网络优化维护工程师,中国电信股份有限公司深圳分公司,2021-10-27,37
1542,教师,湖北文理学院,2021-10-27,50
1543,技术管培生,银都餐饮设备股份有限公司,2021-10-26,49
1544,封装工艺工程师,北京中科新微特科技开发股份有限公司,2021-10-26,43
1545,技术研发工程师,成都科优信测科技有限公司,2021-10-26,45
1546,产品工程师,成都科优信测科技有限公司,2021-10-26,64
1547,电气设计工程师,西安特变电工电力设计有限责任公司,2021-10-26,45
1548,北京未尔科技2022届校园招聘,北京未尔锐创科技有限公司,2021-10-26,59
1549,ATE测试工程师,新相微电子（西安）有限公司,2021-10-26,67
1550,销售工程师,成都道克科技有限公司,2021-10-26,40
1551,雷达总体设计师,北京华航无线电测量研究所,2021-10-26,48
1552,信号处理工程师,北京华航无线电测量研究所,2021-10-26,50
1553,FPGA软件工程师,北京华航无线电测量研究所,2021-10-26,52
1554,电路设计工程师,北京华航无线电测量研究所,2021-10-26,46
1555,嵌入式软件工程师,北京华航无线电测量研究所,2021-10-26,47
1556,航天工程师（雷达方向）,北京华航无线电测量研究所,2021-10-26,52
1557,检测工程师,英华检测（上海）有限公司,2021-10-26,41
1558,销售工程师,英华检测（上海）有限公司,2021-10-26,36
1559,技术支持工程师,英华检测（上海）有限公司,2021-10-26,44
1560,嵌入式开发,深圳市悦保科技有限公司,2021-10-26,36
1561,人工智能,深圳市悦保科技有限公司,2021-10-26,38
1562,技术管培生,浙江升华云峰新材股份有限公司,2021-10-26,58
1563,三电研发工程师,重庆金康动力新能源有限公司,2021-10-26,57
1564,财富管理类,粤开证券股份有限公司,2021-10-26,48
1565,研发工程师,西安昆仑工业（集团）有限责任公司,2021-10-26,45
1566,MCU销售工程师,深圳市赛元微电子有限公司,2021-10-25,40
1567,技术支持工程师,深圳市赛元微电子有限公司,2021-10-25,42
1568,应用工程师,深圳市赛元微电子有限公司,2021-10-25,42
1569,IC模拟电路设计工程师,深圳市赛元微电子有限公司,2021-10-25,47
1570,IC数字电路设计工程师,深圳市赛元微电子有限公司,2021-10-25,43
1571,半导体测试工程师,山西国科半导体光电研究院有限公司,2021-10-25,52
1572,工艺研发工程师,山西国科半导体光电研究院有限公司,2021-10-25,45
1573,技术储备干部,东莞市竞沃电子科技有限公司,2021-10-25,51
1574,售前解决方案管培生,华控清交信息科技（北京）有限公司,2021-10-25,53
1575,售前解决方案管培生,华控清交信息科技（北京）有限公司,2021-10-25,44
1576,大客户销售管培生,华控清交信息科技（北京）有限公司,2021-10-25,41
1577,大客户销售管培生,华控清交信息科技（北京）有限公司,2021-10-25,51
1578,软件架构师,成都西南信息控制研究院有限公司,2021-10-25,44
1579,软件研发设计师,成都西南信息控制研究院有限公司,2021-10-25,43
1580,通信组网设计师,成都西南信息控制研究院有限公司,2021-10-25,42
1581,人力资源部管理培训生,咸阳隆基乐叶光伏科技有限公司,2021-10-25,106
1582,仓储物流管理培训生,咸阳隆基乐叶光伏科技有限公司,2021-10-25,95
1583,茂业集团2022届管培生(全国),深圳茂业商厦有限公司,2021-10-25,42
1584,计划物控部管理培训生,咸阳隆基乐叶光伏科技有限公司,2021-10-25,98
1585,华夏幸福基业股份有限公司2022级“产动力”产业招商培训生校园招聘,华夏幸福基业股份有限公司,2021-10-25,48
1586,教学科研及其他岗位,中北大学,2021-10-25,41
1587,总裁办行政助理EA（初级）,武汉佰钧成技术有限责任公司,2021-10-25,40
1588,触屏固件工程师（驱动工程师）,武汉佰钧成技术有限责任公司,2021-10-25,41
1589,大学教师,西京学院,2021-10-25,61
1590,交互设计师,深圳奥哲网络科技有限公司,2021-10-25,68
1591,驱动工程师,武汉佰钧成技术有限责任公司,2021-10-25,38
1592,运维工程师,深圳奥哲网络科技有限公司,2021-10-25,70
1593,PPTC产品开发工程师,东莞市竞沃电子科技有限公司,2021-10-25,50
1594,器件研发工程师,东莞市竞沃电子科技有限公司,2021-10-25,50
1595,（三）工程师岗位C（助理工程师/工程师／高级工程师 若干）,泉州装备制造研究所,2021-10-25,44
1596,（二）工程师岗位2（工程师／高级工程师 若干）,泉州装备制造研究所,2021-10-25,44
1597,（四）工程师岗位4（助理工程师/工程师 若干）,泉州装备制造研究所,2021-10-25,47
1598,产品测试岗、架构设计岗、人才培养及发展岗、大数据分析岗、程序开发岗,启明信息技术股份有限公司,2021-10-25,38
1599,微创®医疗机器人2022校园招聘正式启动！,上海微创医疗机器人（集团）股份有限公司,2021-10-25,42
1600,高中全职教师,西安工业经济职业学校,2021-10-23,83
1601,多岗位招聘：业务拓展类、技术研发类、财务审计类、行政职能类	,物产中大集团股份有限公司,2021-10-23,49
1602,材料及产品开发总监,东莞市竞沃电子科技有限公司,2021-10-22,57
1603,品质工程师,东莞市竞沃电子科技有限公司,2021-10-22,54
1604,制程工程师,东莞市竞沃电子科技有限公司,2021-10-22,64
1605,应用工程师FAE,东莞市竞沃电子科技有限公司,2021-10-22,54
1606,设备维护工程师,东莞市竞沃电子科技有限公司,2021-10-22,53
1607,储备PMC主管,东莞市竞沃电子科技有限公司,2021-10-22,55
1608,销售工程师,东莞市竞沃电子科技有限公司,2021-10-22,59
1609,海外销售工程师,东莞市竞沃电子科技有限公司,2021-10-22,43
1610,光刻研发工程师,浙江珏芯微电子有限公司,2021-10-22,55
1611,光学设计研发工程师,浙江珏芯微电子有限公司,2021-10-22,71
1612,FPGA研发工程师,浙江珏芯微电子有限公司,2021-10-22,52
1613,硬件研发工程师,浙江珏芯微电子有限公司,2021-10-22,65
1614,厂务特气工程师,浙江珏芯微电子有限公司,2021-10-22,57
1615,技术支持工程师,浙江珏芯微电子有限公司,2021-10-22,68
1616,助理研发工程师,浙江珏芯微电子有限公司,2021-10-22,46
1617,C++工程师,英诺达（成都）电子科技有限公司,2021-10-22,41
1618,数字后端助理工程师,英诺达（成都）电子科技有限公司,2021-10-22,46
1619,EMU工程师,英诺达（成都）电子科技有限公司,2021-10-22,40
1620,广州金融控股集团博士后,广州金融控股集团有限公司,2021-10-22,40
1621,人事专员,上海网达软件股份有限公司,2021-10-22,67
1622,销售经理,上海网达软件股份有限公司,2021-10-22,60
1623,产品经理,上海网达软件股份有限公司,2021-10-22,68
1624,前端开发,上海网达软件股份有限公司,2021-10-22,70
1625,ios开发工程师,上海网达软件股份有限公司,2021-10-22,57
1626,Android开发A工程师,上海网达软件股份有限公司,2021-10-22,57
1627,软件研发岗,西安未尔锐创信息科技有限公司,2021-10-22,39
1628,前后端开发或管理储备生或测试,上海科箭软件科技有限公司,2021-10-22,43
1629,设施工程师,江苏华恒新能源有限公司,2021-10-21,275
1630,软件测试工程师,北京米波通信技术有限公司西安分公司,2021-10-21,84
1631,功能测试工程师,北京米波通信技术有限公司西安分公司,2021-10-21,65
1632,管理培训生,玫德集团有限公司,2021-10-21,119
1633,研发工程师,上海东湖机械厂,2021-10-21,51
1634,助理实施顾问,上海埃林哲软件系统股份有限公司,2021-10-21,56
1635,助理技术顾问,上海埃林哲软件系统股份有限公司,2021-10-21,52
1636,助理销售,上海埃林哲软件系统股份有限公司,2021-10-21,55
1637,助理产品经理,上海埃林哲软件系统股份有限公司,2021-10-21,55
1638,助理架构师,上海埃林哲软件系统股份有限公司,2021-10-21,56
1639,前端开发工程师,上海埃林哲软件系统股份有限公司,2021-10-21,55
1640,Java后端开发工程师,上海埃林哲软件系统股份有限公司,2021-10-21,62
1641,元器件可靠性技术研究岗,北京振兴计量测试研究所,2021-10-21,53
1642,生产培训生,合肥伊利乳业有限责任公司,2021-10-21,43
1643,软件研发工程师,北京博华信智科技股份有限公司西安分公司,2021-10-21,46
1644,软件测试工程师,北京博华信智科技股份有限公司西安分公司,2021-10-21,58
1645,信息化实施工程师,北京博华信智科技股份有限公司西安分公司,2021-10-21,57
1646,信息化研发工程师（JAVA开发工程师）,北京博华信智科技股份有限公司西安分公司,2021-10-21,47
1647,高级税务助理,山东百丞税务服务股份有限公司,2021-10-21,63
1648,硬件研发工程师,北京博华信智科技股份有限公司西安分公司,2021-10-21,45
1649,嵌入式研发工程师,北京博华信智科技股份有限公司西安分公司,2021-10-21,48
1650,中试工程师,北京博华信智科技股份有限公司西安分公司,2021-10-21,52
1651,振动故障诊断与信号分析算法,北京博华信智科技股份有限公司西安分公司,2021-10-21,48
1652,工艺工程师,北京博华信智科技股份有限公司西安分公司,2021-10-21,55
1653,FAE工程师,北京博华信智科技股份有限公司西安分公司,2021-10-21,49
1654,项目技术研究及实施工程师,北京博华信智科技股份有限公司西安分公司,2021-10-21,48
1655,软件开发工程师 （Java/前端/Android/iOS）,上海贝海网络科技有限公司,2021-10-21,55
1656,测试工程师,上海贝海网络科技有限公司,2021-10-21,50
1657,IC模拟工程师,华大半导体有限公司,2021-10-21,48
1658,2022菁英计划-西安,北京三维天地科技股份有限公司,2021-10-21,49
1659,财务会计岗,中国广电广州网络股份有限公司,2021-10-21,46
1660,材料研发工程师,浙江珏芯微电子有限公司,2021-10-21,51
1661,ATE测试工程师,华大半导体有限公司,2021-10-21,35
1662,质量工程师,华大半导体有限公司,2021-10-21,45
1663,5G网络工程师,中国广电广州网络股份有限公司,2021-10-21,57
1664,播控系统技术调度岗,中国广电广州网络股份有限公司,2021-10-21,53
1665,芯片研发工程师,浙江珏芯微电子有限公司,2021-10-21,49
1666,封装研发工程师,浙江珏芯微电子有限公司,2021-10-21,60
1667,工艺工程师,浙江珏芯微电子有限公司,2021-10-21,48
1668,制冷机研发工程师,浙江珏芯微电子有限公司,2021-10-21,51
1669,设备（助理）工程师,浙江珏芯微电子有限公司,2021-10-21,52
1670,质量（助理）工程师,浙江珏芯微电子有限公司,2021-10-21,59
1671,见职位详情,成都未尔科技有限公司,2021-10-21,53
1672,核桃管培生,北京聪明核桃教育科技有限公司,2021-10-21,58
1673,C++开发工程师,上海网达软件股份有限公司,2021-10-21,60
1674,项目管理专员,上海网达软件股份有限公司,2021-10-21,67
1675,算法工程师,上海网达软件股份有限公司,2021-10-21,58
1676,Java开发工程师,上海网达软件股份有限公司,2021-10-21,55
1677,中信证券杭州凤起路营业部2022校招培训生,中信证券股份有限公司杭州凤起路证券营业部,2021-10-20,48
1678,系统开发,远江盛邦（北京）网络安全科技股份有限公司,2021-10-20,51
1679,机械结构工程师,湖南长城海盾光纤科技有限公司,2021-10-20,54
1680,研发工程师助理,常州市创联电源科技股份有限公司,2021-10-20,185
1681,推广专员,清华大学出版社有限公司,2021-10-20,44
1682,产品经理,清华大学出版社有限公司,2021-10-20,48
1683,UE4开发工程师,北京五一视界数字孪生科技股份有限公司,2021-10-20,54
1684,视觉算法工程师,北京五一视界数字孪生科技股份有限公司,2021-10-20,59
1685,模拟仿真工程师（物理）,北京五一视界数字孪生科技股份有限公司,2021-10-20,58
1686,技术美术,北京五一视界数字孪生科技股份有限公司,2021-10-20,60
1687,UE4美术师,北京五一视界数字孪生科技股份有限公司,2021-10-20,51
1688,测试工程师,北京五一视界数字孪生科技股份有限公司,2021-10-20,65
1689,产品经理,北京五一视界数字孪生科技股份有限公司,2021-10-20,62
1690,产品及解决方案,北京五一视界数字孪生科技股份有限公司,2021-10-20,57
1691,业务顾问,深圳市爱德数智科技股份有限公司,2021-10-20,46
1692,AI工程师,深圳市爱德数智科技股份有限公司,2021-10-20,49
1693,软件研发工程师（Java/C++/Golang）,灵动科技（北京）有限公司,2021-10-20,43
1694,计算机视觉算法工程师,灵动科技（北京）有限公司,2021-10-20,39
1695,java开发,深圳市爱德数智科技股份有限公司,2021-10-20,44
1696,技术顾问-BI方向,深圳市爱德数智科技股份有限公司,2021-10-20,41
1697,技术顾问--BI方向,深圳市爱德数智科技股份有限公司,2021-10-20,44
1698,技术顾问--BI方向,深圳市爱德数智科技股份有限公司,2021-10-20,46
1699,算法工程师（调度优化）,灵动科技（北京）有限公司,2021-10-20,40
1700,数字电路设计工程师,眸芯科技（上海）有限公司,2021-10-20,37
1701,系统设计工程师,眸芯科技（上海）有限公司,2021-10-20,38
1702,综合及后端设计工程师,眸芯科技（上海）有限公司,2021-10-20,42
1703,项目实施顾问,深圳市爱德数智科技股份有限公司,2021-10-20,44
1704,项目实施顾问,深圳市爱德数智科技股份有限公司,2021-10-20,45
1705,项目实施顾问,深圳市爱德数智科技股份有限公司,2021-10-20,43
1706,项目实施顾问,深圳市爱德数智科技股份有限公司,2021-10-20,45
1707,财务审计岗,中铁建设集团有限公司,2021-10-20,48
1708,嵌入式驱动软件工程师,眸芯科技（上海）有限公司,2021-10-20,36
1709,多媒体驱动软件工程师,眸芯科技（上海）有限公司,2021-10-20,39
1710,测试工程师,眸芯科技（上海）有限公司,2021-10-20,39
1711,ISP算法工程师,眸芯科技（上海）有限公司,2021-10-20,38
1712,视频算法工程师,眸芯科技（上海）有限公司,2021-10-20,41
1713,成本造价岗,中铁建设集团有限公司,2021-10-20,51
1714,机械管理岗,中铁建设集团有限公司,2021-10-20,55
1715,电气技术岗,中铁建设集团有限公司,2021-10-20,46
1716,硬件工程师,眸芯科技（上海）有限公司,2021-10-20,40
1717,模拟版图工程师,眸芯科技（上海）有限公司,2021-10-20,39
1718,模拟电路设计工程师,眸芯科技（上海）有限公司,2021-10-20,46
1719,2022届校招算法工程师,叠境数字科技（上海）有限公司,2021-10-20,40
1720,现场应用工程师（FAE）,上海戴世智能科技有限公司,2021-10-20,38
1721,软件工程师（C++）,成都未尔科技有限公司,2021-10-20,46
1722,2022届校招-软件开发工程师,叠境数字科技（上海）有限公司,2021-10-20,39
1723,应用开发,深圳市华屹医疗科技有限公司,2021-10-19,60
1724,模拟电路设计工程师,龙芯中科（南京）技术有限公司,2021-10-19,51
1725,硬件工程师、软件工程师、算法工程师、结构工程师、电路设计工程师、FPGA工程师、测试工程师、微组装工程师等岗位；,青岛智腾微电子有限公司,2021-10-19,81
1726,可靠性工程师、传感器工艺工程师（懂焊接）、微电子工艺工程师等；,青岛智腾微电子有限公司,2021-10-19,65
1727,数字逻辑设计工程师,上海高性能集成电路设计中心,2021-10-19,57
1728,数字逻辑验证工程师,上海高性能集成电路设计中心,2021-10-19,77
1729,数码视讯科技集团2022届校园招聘,北京数码视讯科技股份有限公司,2021-10-19,126
1730,销售工程师（北京、西安、青岛等区域）；,青岛智腾微电子有限公司,2021-10-19,68
1731,管培生——人力、财务、质量、采购、设备管理、战略发展部等方向；,青岛智腾微电子有限公司,2021-10-19,60
1732,集成电路物理设计工程师,上海高性能集成电路设计中心,2021-10-19,59
1733,计算机平台软硬件开发工程师,上海高性能集成电路设计中心,2021-10-19,60
1734,IT系统运维工程师,上海高性能集成电路设计中心,2021-10-19,63
1735,设计自动化（CAD）开发工程师,上海高性能集成电路设计中心,2021-10-19,64
1736,C++软件开发工程师,上海华大九天信息科技有限公司,2021-10-19,49
1737,器件模型开发工程师,上海华大九天信息科技有限公司,2021-10-19,50
1738,软件开发实习生,西安天宇星控信息科技有限公司,2021-10-19,51
1739,组稿编辑,清华大学出版社有限公司,2021-10-19,55
1740,学术编辑,清华大学出版社有限公司,2021-10-19,41
1741,PDK开发工程师,上海华大九天信息科技有限公司,2021-10-19,45
1742,Qt开发工程师,上海华大九天信息科技有限公司,2021-10-19,41
1743,产品验证工程师,上海华大九天信息科技有限公司,2021-10-19,41
1744,期刊编辑,清华大学出版社有限公司,2021-10-19,51
1745,课程编辑（职教）,清华大学出版社有限公司,2021-10-19,33
1746,文稿编辑（计算机）,清华大学出版社有限公司,2021-10-19,40
1747,文稿编辑（理工）,清华大学出版社有限公司,2021-10-19,40
1748,信息化技术员,贵州航天控制技术有限公司,2021-10-19,41
1749,营销助理(经管),清华大学出版社有限公司,2021-10-19,42
1750,营销专员(医学),清华大学出版社有限公司,2021-10-19,36
1751,EDA软件开发工程师,上海华大九天信息科技有限公司,2021-10-19,43
1752,雷达信号处理技术研究岗,北京振兴计量测试研究所,2021-10-19,51
1753,微波系统设计岗,北京振兴计量测试研究所,2021-10-19,54
1754,结构工程师,麒盛科技股份有限公司,2021-10-18,72
1755,软件工程师 （ C++/QT/C#方向 ）,深圳新视智科技术有限公司,2021-10-18,48
1756,算法工程师（图像处理/深度学习方向）,深圳新视智科技术有限公司,2021-10-18,53
1757,电气工程师,深圳新视智科技术有限公司,2021-10-18,52
1758,机器视觉工程师,深圳新视智科技术有限公司,2021-10-18,57
1759,光学工程师,深圳新视智科技术有限公司,2021-10-18,63
1760,模拟IC设计工程师,宁波芯辉科技有限公司西安分公司,2021-10-18,65
1761,算法工程师,宁波芯辉科技有限公司西安分公司,2021-10-18,57
1762,光学设计工程师,深圳迈塔兰斯科技有限公司,2021-10-18,48
1763,光学测试工程师,深圳迈塔兰斯科技有限公司,2021-10-18,45
1764,光学结构工程师,深圳迈塔兰斯科技有限公司,2021-10-18,59
1765,助理研发工程师,西安市新雷能电子科技有限责任公司,2021-10-18,61
1766,用户研究/运营,麒盛科技股份有限公司,2021-10-18,71
1767,软件工程师,麒盛科技股份有限公司,2021-10-18,64
1768,数据工程师,麒盛科技股份有限公司,2021-10-18,52
1769,设计师,麒盛科技股份有限公司,2021-10-18,68
1770,2022届橙星管培生（核保）,中国平安财产保险股份有限公司广东分公司,2021-10-18,54
1771,2022届橙星管培生（职能）,中国平安财产保险股份有限公司广东分公司,2021-10-18,55
1772,Java开发工程师,上海道达信息科技有限公司,2021-10-18,37
1773,软件开发工程师,上海孝庸资产管理有限公司,2021-10-18,41
1774,产品经理助理,上海孝庸资产管理有限公司,2021-10-18,39
1775,2022届橙星管培生（市场营销）,中国平安财产保险股份有限公司广东分公司,2021-10-18,51
1776,IC数字电路工程师,上海江波龙微电子技术有限公司,2021-10-18,41
1777,IC软件工程师,上海江波龙微电子技术有限公司,2021-10-18,43
1778,研发类岗位/工程类岗位/运营支持类岗位,东莞新能德科技有限公司,2021-10-18,53
1779,投资经理助理,方元控股集团有限公司,2021-10-18,45
1780,行政人事助理,方元控股集团有限公司,2021-10-18,44
1781,大数据管理岗,四川嘉源蓉创地质科技有限公司,2021-10-18,44
1782,游戏策划,深圳市火元素网络技术有限公司,2021-10-18,58
1783,游戏运营,深圳市火元素网络技术有限公司,2021-10-18,69
1784,Golang服务端开发工程师,深圳市火元素网络技术有限公司,2021-10-18,52
1785,人力资源专员,四川嘉源蓉创地质科技有限公司,2021-10-18,42
1786,经营专员,四川嘉源蓉创地质科技有限公司,2021-10-18,44
1787,科创青苗计划,四川嘉源蓉创地质科技有限公司,2021-10-18,37
1788,Unity3D开发工程师,深圳市火元素网络技术有限公司,2021-10-18,54
1789,推荐算法工程师,深圳市火元素网络技术有限公司,2021-10-18,48
1790,运维工程师,深圳市火元素网络技术有限公司,2021-10-18,56
1791,测试开发工程师,深圳市火元素网络技术有限公司,2021-10-18,47
1792,C++开发工程师,西安晟昕科技发展有限公司,2021-10-18,48
1793,模拟IC设计工程师,苏州美思迪赛半导体技术有限公司,2021-10-18,40
1794,数字IC设计工程师,苏州美思迪赛半导体技术有限公司,2021-10-18,40
1795,会计助理,杭州拓深科技有限公司,2021-10-15,53
1796,UI设计师,杭州拓深科技有限公司,2021-10-15,47
1797,项目运营专员,杭州拓深科技有限公司,2021-10-15,53
1798,项目申报专员,杭州拓深科技有限公司,2021-10-15,52
1799,硬件产品经理,杭州拓深科技有限公司,2021-10-15,46
1800,软件产品经理,杭州拓深科技有限公司,2021-10-15,43
1801,工业设计师,杭州拓深科技有限公司,2021-10-15,49
1802,web前端开发工程师,杭州拓深科技有限公司,2021-10-15,72
1803,Java开发工程师,杭州拓深科技有限公司,2021-10-15,64
1804,光学设计工程师,南京茂莱光学科技股份有限公司,2021-10-15,103
1805,研发工程师/镀膜方向,南京茂莱光学科技股份有限公司,2021-10-15,95
1806,研发工程师/冷加工方向,南京茂莱光学科技股份有限公司,2021-10-15,99
1807,结构工程师,南京茂莱光学科技股份有限公司,2021-10-15,90
1808,机械博士后,烟台魔技纳米科技有限公司,2021-10-15,65
1809,软件博士后,烟台魔技纳米科技有限公司,2021-10-15,63
1810,化学博士后,烟台魔技纳米科技有限公司,2021-10-15,60
1811,激光工艺博士后,烟台魔技纳米科技有限公司,2021-10-15,65
1812,光学博士后,烟台魔技纳米科技有限公司,2021-10-15,67
1813,人事专员,烟台魔技纳米科技有限公司,2021-10-15,63
1814,行政专员,烟台魔技纳米科技有限公司,2021-10-15,60
1815,总经理助理,烟台魔技纳米科技有限公司,2021-10-15,68
1816,化学实验员,烟台魔技纳米科技有限公司,2021-10-15,53
1817,销售工程师/销售经理,烟台魔技纳米科技有限公司,2021-10-15,67
1818,光学实习生,烟台魔技纳米科技有限公司,2021-10-15,54
1819,硬件工程师,烟台魔技纳米科技有限公司,2021-10-15,68
1820,FPGA工程师,烟台魔技纳米科技有限公司,2021-10-15,59
1821,电气工程师,烟台魔技纳米科技有限公司,2021-10-15,64
1822,机械工艺工程师,烟台魔技纳米科技有限公司,2021-10-15,57
1823,机械设计工程师,烟台魔技纳米科技有限公司,2021-10-15,72
1824,助理软件工程师,烟台魔技纳米科技有限公司,2021-10-15,59
1825,机械工程师,徐州徐工矿业机械有限公司,2021-10-15,56
1826,传动/动力工程师,徐州徐工矿业机械有限公司,2021-10-15,48
1827,电气工程师,徐州徐工矿业机械有限公司,2021-10-15,53
1828,控制工程师,徐州徐工矿业机械有限公司,2021-10-15,56
1829,装配工艺师,徐州徐工矿业机械有限公司,2021-10-15,58
1830,供方开发工程师,徐州徐工矿业机械有限公司,2021-10-15,50
1831,焊接工艺师,徐州徐工矿业机械有限公司,2021-10-15,49
1832,标准化工程师,徐州徐工矿业机械有限公司,2021-10-15,46
1833,海外销售经理,徐州徐工矿业机械有限公司,2021-10-15,49
1834,销售经理,徐州徐工矿业机械有限公司,2021-10-15,45
1835,品牌管理/市场分析,徐州徐工矿业机械有限公司,2021-10-15,55
1836,生产管理,徐州徐工矿业机械有限公司,2021-10-15,46
1837,精益生产管理,徐州徐工矿业机械有限公司,2021-10-15,54
1838,光学研发主管,烟台魔技纳米科技有限公司,2021-10-15,64
1839,设备工程师,徐州徐工矿业机械有限公司,2021-10-15,47
1840,质量体系管理,徐州徐工矿业机械有限公司,2021-10-15,54
1841,光学设计工程师,烟台魔技纳米科技有限公司,2021-10-15,53
1842,激光工艺工程师,烟台魔技纳米科技有限公司,2021-10-15,71
1843,助理化学工程师,烟台魔技纳米科技有限公司,2021-10-15,67
1844,C++工程师,烟台魔技纳米科技有限公司,2021-10-15,62
1845,图像识别算法工程师,烟台魔技纳米科技有限公司,2021-10-15,66
1846,企业级销售管理培训生（专业不限）,上海英方软件股份有限公司,2021-10-15,107
1847,进站博士后,云河（河南）信息科技有限公司,2021-10-15,76
1848,企业级销售管理培训生（专业不限）,上海英方软件股份有限公司,2021-10-15,91
1849,C++研发工程师,上海英方软件股份有限公司,2021-10-15,104
1850,企业级销售管理培训生-全国各省会城市-专业不限,上海英方软件股份有限公司,2021-10-15,88
1851,C++研发工程师,上海英方软件股份有限公司,2021-10-15,106
1852,C++研发工程师,上海英方软件股份有限公司,2021-10-15,99
1853,制程工程师,泉意光罩光电科技（济南）有限公司,2021-10-15,53
1854,JAVA研发工程师,上海英方软件股份有限公司,2021-10-15,89
1855,JAVA研发工程师,上海英方软件股份有限公司,2021-10-15,93
1856,光罩数据处理工程师,泉意光罩光电科技（济南）有限公司,2021-10-15,54
1857,测试工程师,上海英方软件股份有限公司,2021-10-15,89
1858,测试工程师,上海英方软件股份有限公司,2021-10-15,133
1859,测试开发工程师（JAVA基础）,上海英方软件股份有限公司,2021-10-15,95
1860,企业级销售管理培训生-专业不限-全国省会,上海英方软件股份有限公司,2021-10-15,85
1861,企业级销售管理培训生-专业不限-全国省会,上海英方软件股份有限公司,2021-10-15,95
1862,PHP开发工程师,上海英方软件股份有限公司,2021-10-15,88
1863,售后工程师(产品部),上海英方软件股份有限公司,2021-10-15,951
1864,锦跃生/未来翼,宝鸡锦之鸿企业管理有限公司,2021-10-15,41
1865,企业级销售管理培训生-专业不限-全国省会城市,上海英方软件股份有限公司,2021-10-15,85
1866,软件开发工程师,泉意光罩光电科技（济南）有限公司,2021-10-15,50
1867,企业级销售管理培训生,上海英方软件股份有限公司,2021-10-15,94
1868,算法工程师（实习）,深圳市先河系统技术有限公司,2021-10-15,46
1869,软件工程师（实习）,深圳市先河系统技术有限公司,2021-10-15,47
1870,企业级销售管理培训生-专业不限-全国省会城市,上海英方软件股份有限公司,2021-10-15,76
1871,生产管理储备干部,福建海创光电有限公司,2021-10-15,56
1872,产品/工艺/质量工程师,福建海创光电有限公司,2021-10-15,51
1873,研发工程师,福建海创光电有限公司,2021-10-15,59
1874,区块链研究员,深圳市先河系统技术有限公司,2021-10-15,47
1875,硬件开发工程师,杭州拓深科技有限公司,2021-10-15,54
1876,软件测试工程师,杭州拓深科技有限公司,2021-10-15,57
1877,硬件测试工程师,杭州拓深科技有限公司,2021-10-15,52
1878,AI算法工程师,北京阿丘机器人科技有限公司,2021-10-15,55
1879,企业级销售管理培训生-专业不限-全国省会城市,上海英方软件股份有限公司,2021-10-15,91
1880,研发项目负责人,福建海创光电有限公司,2021-10-15,55
1881,企业级管理培训生-专业不限-全国省会,上海英方软件股份有限公司,2021-10-15,89
1882,售前工程师,杭州拓深科技有限公司,2021-10-15,50
1883,市场商务合作专员（专业不限）,上海英方软件股份有限公司,2021-10-15,84
1884,软件研发工程师（全国）,长沙星融元数据技术有限公司,2021-10-15,62
1885,技术支持工程师,杭州拓深科技有限公司,2021-10-15,42
1886,必创科技2022秋季校园招聘,北京必创科技股份有限公司,2021-10-15,74
1887,人力资源实习生,杭州拓深科技有限公司,2021-10-15,40
1888,运营助理,杭州拓深科技有限公司,2021-10-15,43
1889,智能制造工程师,重庆长安汽车股份有限公司,2021-10-15,38
1890,嵌入式开发工程师,杭州拓深科技有限公司,2021-10-15,47
1891,销售工程师,杭州拓深科技有限公司,2021-10-15,48
1892,电磁兼容技术支持工程师,广州广电计量检测股份有限公司,2021-10-14,120
1893,数字IC验证工程师,西人马联合测控（泉州）科技有限公司,2021-10-14,56
1894,数字IC设计工程师,西人马联合测控（泉州）科技有限公司,2021-10-14,54
1895,MEMS研发工程师,西人马联合测控（泉州）科技有限公司,2021-10-14,53
1896,计算机运维人员,上海申铁信息工程有限公司,2021-10-14,53
1897,计算机软件开发人员,上海申铁信息工程有限公司,2021-10-14,45
1898,新媒体运营,万达信息股份有限公司,2021-10-14,123
1899,系统集成工程师,万达信息股份有限公司,2021-10-14,110
1900,软件开发工程师,贵州省邮电规划设计院有限公司,2021-10-14,70
1901,信息化咨询师,贵州省邮电规划设计院有限公司,2021-10-14,59
1902,运营咨询工程师,贵州省邮电规划设计院有限公司,2021-10-14,57
1903,质量助理,西安德纳检验检测有限公司,2021-10-14,48
1904,助理检测工程师,西安德纳检验检测有限公司,2021-10-14,49
1905,自动控制系统研发工程师,深圳市中钞科信金融科技有限公司成都分公司,2021-10-14,41
1906,算法工程师 （计算机视觉&amp;AI方向）,深圳思谋信息科技有限公司,2021-10-14,119
1907,证券交易员,西安天勤汇理私募基金管理有限公司,2021-10-14,78
1908,计算机软件开发人员,上海申铁信息工程有限公司,2021-10-14,50
1909,计算机软件开发人员,上海申铁信息工程有限公司,2021-10-14,46
1910,软件开发工程师岗,万达信息股份有限公司,2021-10-14,112
1911,前端开发工程师,深圳思谋信息科技有限公司,2021-10-14,113
1912,后台开发工程师,深圳思谋信息科技有限公司,2021-10-14,119
1913,应用开发工程师,深圳思谋信息科技有限公司,2021-10-14,111
1914,算法工程师,万达信息股份有限公司,2021-10-14,112
1915,售前解决方案岗,万达信息股份有限公司,2021-10-14,116
1916,仿真平台CFD数值算法研发工程师（北京/上海）,安世亚太科技股份有限公司,2021-10-14,53
1917,高性能计算HPC研发工程师（北京/上海）,安世亚太科技股份有限公司,2021-10-14,48
1918,销售工程师,西安德纳检验检测有限公司,2021-10-14,44
1919,高性能计算工程师,深圳思谋信息科技有限公司,2021-10-14,120
1920,软件开发工程师,深圳思谋信息科技有限公司,2021-10-14,113
1921,UI/UED工程师,深圳思谋信息科技有限公司,2021-10-14,104
1922,机械研发工程师（2022）,陕西航天动力高科技股份有限公司,2021-10-14,69
1923,设计工程师,山东泰开电力电子有限公司,2021-10-14,74
1924,算法工程师（图像处理方向）,深圳市中钞科信金融科技有限公司成都分公司,2021-10-14,48
1925,软件开发工程师（图像处理方向）,深圳市中钞科信金融科技有限公司成都分公司,2021-10-14,44
1926,销售助理,深圳市中钞科信金融科技有限公司成都分公司,2021-10-14,39
1927,测试工程师,上海芯圣电子股份有限公司,2021-10-14,43
1928,JAVA工程师(前端、后端、全栈）,深圳市中钞科信金融科技有限公司成都分公司,2021-10-14,48
1929,现场运维工程师(成都、广州、北京、上海、保定）,深圳市中钞科信金融科技有限公司成都分公司,2021-10-14,47
1930,电磁兼容仿真工程师,广州广电计量检测股份有限公司,2021-10-14,115
1931,测试工程师,深圳思谋信息科技有限公司,2021-10-14,96
1932,电磁兼容整改工程师,广州广电计量检测股份有限公司,2021-10-14,115
1933,系统应用工程师,上海芯圣电子股份有限公司,2021-10-14,48
1934,解决方案架构师,深圳思谋信息科技有限公司,2021-10-14,105
1935,研发工程师（3个研发方向）,上海芯圣电子股份有限公司,2021-10-14,45
1936,技术支持工程师（FAE）,上海芯圣电子股份有限公司,2021-10-14,47
1937,教师岗,广西民族大学,2021-10-14,47
1938,研发管培生,上海龙胜实业有限公司,2021-10-13,59
1939,新材料开发工程师,常州亿晶光电科技有限公司,2021-10-13,55
1940,国际市场营销,常州亿晶光电科技有限公司,2021-10-13,48
1941,国内市场营销,常州亿晶光电科技有限公司,2021-10-13,56
1942,研发设计工程师,中国人民解放军海军701工厂,2021-10-13,72
1943,研究人员,鹏城实验室,2021-10-13,57
1944,（校园招聘）技术研发岗—本科学历,太初（无锡）电子科技有限公司,2021-10-13,84
1945,（校园招聘）技术研发岗——硕士及以上学历,太初（无锡）电子科技有限公司,2021-10-13,86
1946,项目招投标专员,浙江华是科技股份有限公司,2021-10-13,73
1947,核算工程师,浙江华是科技股份有限公司,2021-10-13,69
1948,光学工程师,湖南长城海盾光纤科技有限公司,2021-10-13,57
1949,检测师,中国人民解放军海军701工厂,2021-10-13,65
1950,C/C++软件工程师（Linux，嵌入式，单片机，智能应用）,浙江华是科技股份有限公司,2021-10-13,81
1951,.NET工程师,浙江华是科技股份有限公司,2021-10-13,92
1952,算法工程师,浙江华是科技股份有限公司,2021-10-13,97
1953,工程技术员,中国人民解放军海军701工厂,2021-10-13,69
1954,软件开发工程师,惠州华阳通用电子有限公司,2021-10-13,137
1955,软件开发工程师-通用软件开发（IT方向）,惠州华阳通用电子有限公司,2021-10-13,134
1956,销售经理,惠州华阳通用电子有限公司,2021-10-13,120
1957,集成电路设计,上海微波技术研究所（中国电子科技集团公司第五十研究所）,2021-10-13,73
1958,ISP图像开发工程师,浙江华是科技股份有限公司,2021-10-13,78
1959,项目实施工程师,浙江华是科技股份有限公司,2021-10-13,62
1960,声网2022校园宣传大使,上海极音网络科技有限公司,2021-10-13,77
1961,芯片设计工程师,国科光芯（海宁）科技股份有限公司,2021-10-13,44
1962,机械自动化设计工程师,成都天锐星通科技有限公司,2021-10-13,55
1963,重庆金康新能源汽车有限公司,重庆金康新能源汽车有限公司,2021-10-13,46
1964,电源软件算法工程师,深圳市正浩创新科技股份有限公司,2021-10-13,66
1965,通信系统设计,上海微波技术研究所（中国电子科技集团公司第五十研究所）,2021-10-13,65
1966,探测系统总体设计,上海微波技术研究所（中国电子科技集团公司第五十研究所）,2021-10-13,67
1967,射频电路设计,上海微波技术研究所（中国电子科技集团公司第五十研究所）,2021-10-13,65
1968,管理培训生-教学/教研方向,陕西文都教育科技有限公司,2021-10-13,49
1969,管理培训生-业务方向,陕西文都教育科技有限公司,2021-10-13,46
1970,数字电路设计工程师,上海微波技术研究所（中国电子科技集团公司第五十研究所）,2021-10-13,63
1971,管理培训生-职能方向,陕西文都教育科技有限公司,2021-10-13,46
1972,嵌入式软件工程师,上海微波技术研究所（中国电子科技集团公司第五十研究所）,2021-10-13,58
1973,研发设计工程师,中国兵器装备集团兵器装备研究所,2021-10-13,58
1974,天线工程师,成都天锐星通科技有限公司,2021-10-13,54
1975,射频工程师,成都天锐星通科技有限公司,2021-10-13,54
1976,电磁算法工程师（测试方向）,成都天锐星通科技有限公司,2021-10-13,56
1977,测试总体研究,成都天锐星通科技有限公司,2021-10-13,54
1978,测试系统集成工程师（侧重理论仿真）,成都天锐星通科技有限公司,2021-10-13,47
1979,测试系统集成工程师（侧重实现制造）,成都天锐星通科技有限公司,2021-10-13,43
1980,销售管培生,上海龙胜实业有限公司,2021-10-13,61
1981,控制算法工程师,深圳市普博医疗科技股份有限公司,2021-10-13,99
1982,机械工程师,赛尔富电子有限公司,2021-10-12,77
1983,测试工程师,赛尔富电子有限公司,2021-10-12,65
1984,工业设计师,赛尔富电子有限公司,2021-10-12,63
1985,Java开发工程师,赛尔富电子有限公司,2021-10-12,55
1986,硬件开发工程师,厦门信泰思科技有限公司,2021-10-12,109
1987,应届本科,泉州市三安集成电路有限公司,2021-10-12,74
1988,软件开发工程师,厦门信泰思科技有限公司,2021-10-12,111
1989,项目经理,厦门信泰思科技有限公司,2021-10-12,117
1990, 碳化硅研发博士,东莞市天域半导体科技有限公司,2021-10-12,60
1991,碳化硅工艺工程师,东莞市天域半导体科技有限公司,2021-10-12,62
1992,应届硕士,泉州市三安集成电路有限公司,2021-10-12,174
1993,生产管理储备干部,厦门信泰思科技有限公司,2021-10-12,121
1994,碳化硅研发工程师,东莞市天域半导体科技有限公司,2021-10-12,55
1995,电真空设计师,成都国光电气股份有限公司,2021-10-12,50
1996,java开发工程师,武汉佰钧成技术有限责任公司,2021-10-12,48
1997,销售,以诺康医疗科技（苏州）有限公司,2021-10-12,45
1998,研发设计类管培生-本科,浙江上风高科专风实业股份有限公司,2021-10-12,51
1999,人力资源专员,河南牧原物流有限公司,2021-10-12,51
2000,框架工程师,武汉佰钧成技术有限责任公司,2021-10-12,46
2001,Java/前端/测试实习生,武汉佰钧成技术有限责任公司,2021-10-12,47
2002,框架工程师,武汉佰钧成技术有限责任公司,2021-10-12,44
2003,研发设计类管培生-硕士,浙江上风高科专风实业股份有限公司,2021-10-12,53
2004,管理支持类管培生,浙江上风高科专风实业股份有限公司,2021-10-12,47
2005,客户销售代表,神州数码（中国）有限公司西安分公司,2021-10-12,41
2006,中台英才生,神州数码（中国）有限公司西安分公司,2021-10-12,45
2007,董事长助理,南京摄星智能科技有限公司,2021-10-12,46
2008,框架工程师,武汉佰钧成技术有限责任公司,2021-10-12,46
2009,应用软件工程师,武汉佰钧成技术有限责任公司,2021-10-12,52
2010,应用软件工程师,武汉佰钧成技术有限责任公司,2021-10-12,41
2011,芯片设计&amp;验证工程师,深圳市遇贤微电子有限公司,2021-10-12,51
2012,应用软件工程师,武汉佰钧成技术有限责任公司,2021-10-12,44
2013,嵌入式软件开发工程师,深圳市遇贤微电子有限公司,2021-10-12,46
2014,企业管理设计与评估工程师,南京摄星智能科技有限公司,2021-10-12,41
2015,芯片设计工程师,山东方寸微电子科技有限公司,2021-10-12,132
2016,助理PCB工程师,武汉佰钧成技术有限责任公司,2021-10-12,47
2017,助理基带工程师,武汉佰钧成技术有限责任公司,2021-10-12,49
2018,嵌入式软件开发工程师,武汉航达航空科技发展有限公司,2021-10-12,46
2019,飞机附件研发工程师,武汉航达航空科技发展有限公司,2021-10-12,57
2020,电机开发工程师,武汉航达航空科技发展有限公司,2021-10-12,72
2021,python开发工程师,壹沓科技（上海）有限公司,2021-10-12,71
2022,专业技术岗,厦门水务集团有限公司,2021-10-11,47
2023,RFIC设计工程师,北京博瑞微电子科技有限公司,2021-10-11,81
2024,供应商质量工程师,重庆安道拓汽车部件系统有限公司,2021-10-11,51
2025,供应商质量工程师,重庆安道拓汽车部件系统有限公司,2021-10-11,52
2026,制造工程师,重庆安道拓汽车部件系统有限公司,2021-10-11,53
2027,密码产品安全测评工程师,高维密码测评技术（山东）有限公司,2021-10-11,44
2028,设备工程师,重庆安道拓汽车部件系统有限公司,2021-10-11,51
2029,质量工程师,重庆安道拓汽车部件系统有限公司,2021-10-11,48
2030,物料工程师,重庆安道拓汽车部件系统有限公司,2021-10-11,46
2031,研发工程师,北京数码大方科技股份有限公司,2021-10-11,46
2032,业务顾问,上海甄汇信息科技有限公司,2021-10-11,179
2033,Java开发工程师,成都精灵云科技有限公司,2021-10-11,128
2034,Java技术顾问,上海甄汇信息科技有限公司,2021-10-11,184
2035,测试工程师,成都精灵云科技有限公司,2021-10-11,121
2036,客户成功顾问,上海甄汇信息科技有限公司,2021-10-11,189
2037,紫光展锐2022校招-非技术类岗位热招中,紫光展锐（上海）科技有限公司,2021-10-11,48
2038,技术工程师,北京数码大方科技股份有限公司,2021-10-11,39
2039,销售管培生,北京数码大方科技股份有限公司,2021-10-11,47
2040,Java开发工程师,上海甄汇信息科技有限公司,2021-10-11,191
2041,软件开发类,楷知信息科技（上海）有限公司西安分公司,2021-10-11,47
2042,解决方案工程师岗,成都精灵云科技有限公司,2021-10-11,117
2043,软件开发类,楷知信息科技（上海）有限公司西安分公司,2021-10-11,57
2044,汽车内饰造型设计师,爱优卡（天津）汽车科技有限公司,2021-10-11,55
2045,物流管理岗,河南牧原物流有限公司,2021-10-11,53
2046,前端开发工程师,北京云辰信通科技有限公司,2021-10-11,43
2047,电子技术研发工程师,西安卫光科技有限公司,2021-10-11,61
2048,生产管培生/职能管培生,四川晶科能源有限公司,2021-10-11,293
2049,芯片安全测评工程师,高维密码测评技术（山东）有限公司,2021-10-11,51
2050,通讯云研发-后台研发工程师,北京易掌云峰科技有限公司,2021-10-11,72
2051,客服云研发-前端工程师,北京易掌云峰科技有限公司,2021-10-11,59
2052,模拟IC设计工程师,北京博瑞微电子科技有限公司,2021-10-11,59
2053,电子工程师,深圳宜美智科技股份有限公司,2021-10-11,147
2054,技术研发岗,西南通信研究所（中国电子科技集团公司第三十研究所）,2021-10-11,69
2055,通讯云研发-测试工程师,北京易掌云峰科技有限公司,2021-10-11,70
2056,私有云-Java工程师,北京易掌云峰科技有限公司,2021-10-11,62
2057,机械工程师,深圳宜美智科技股份有限公司,2021-10-11,158
2058,光学工程师,深圳宜美智科技股份有限公司,2021-10-11,156
2059,激光工程师,深圳宜美智科技股份有限公司,2021-10-11,159
2060,私有云-前端工程师,北京易掌云峰科技有限公司,2021-10-11,61
2061,校园大使,亿次网联（杭州）科技有限公司,2021-10-11,49
2062,私有云-Java工程师,北京易掌云峰科技有限公司,2021-10-11,70
2063,私有云-前端工程师,北京易掌云峰科技有限公司,2021-10-11,63
2064,私有云-Java工程师,北京易掌云峰科技有限公司,2021-10-11,61
2065,机械设备工程师,芜湖新兴铸管有限责任公司,2021-10-10,40
2066,软件工程师,芜湖新兴铸管有限责任公司,2021-10-10,45
2067,电气工程师,芜湖新兴铸管有限责任公司,2021-10-10,43
2068,股票交易员,西安天勤汇理私募基金管理有限公司,2021-10-10,67
2069,质量工程师,盛合晶微半导体（江阴）有限公司,2021-10-09,43
2070,硬件工程师,盛合晶微半导体（江阴）有限公司,2021-10-09,44
2071,测试工程师,盛合晶微半导体（江阴）有限公司,2021-10-09,45
2072,设备工程师,盛合晶微半导体（江阴）有限公司,2021-10-09,48
2073,工艺整合工程师,盛合晶微半导体（江阴）有限公司,2021-10-09,44
2074,工艺工程师,盛合晶微半导体（江阴）有限公司,2021-10-09,48
2075,研发工程师,盛合晶微半导体（江阴）有限公司,2021-10-09,48
2076,信息技术类,山推工程机械股份有限公司,2021-10-09,56
2077,研发/工艺类,山推工程机械股份有限公司,2021-10-09,56
2078,软件工程师,杭州柳叶刀机器人有限公司,2021-10-09,47
2079,软饰设计工程师,重庆安道拓汽车部件系统有限公司,2021-10-09,54
2080,机器人算法工程师,杭州柳叶刀机器人有限公司,2021-10-09,51
2081,医学影像算法工程师,杭州柳叶刀机器人有限公司,2021-10-09,43
2082,骨架设计工程师,重庆安道拓汽车部件系统有限公司,2021-10-09,52
2083,研发工程师,重庆安道拓汽车部件系统有限公司,2021-10-09,52
2084,样件工程师,重庆安道拓汽车部件系统有限公司,2021-10-09,49
2085,产品工程师,重庆安道拓汽车部件系统有限公司,2021-10-09,49
2086,工业设计师,重庆安道拓汽车部件系统有限公司,2021-10-09,50
2087,先期制造工程师,重庆安道拓汽车部件系统有限公司,2021-10-09,51
2088,生信工程师,北京中科生信教育科技有限公司,2021-10-09,52
2089,C#开发工程师,上海绎维软件系统有限公司,2021-10-09,55
2090,C++开发工程师,上海绎维软件系统有限公司,2021-10-09,57
2091,Java开发工程师,上海绎维软件系统有限公司,2021-10-09,61
2092,Web前端工程师,上海绎维软件系统有限公司,2021-10-09,60
2093,测试工程师,上海绎维软件系统有限公司,2021-10-09,54
2094,综合类岗位（14大类见职位详情）,深圳联友科技有限公司,2021-10-09,115
2095,技术支持工程师,北京中科生信教育科技有限公司,2021-10-09,44
2096,市场代表,北京中科生信教育科技有限公司,2021-10-09,41
2097,芯片设计工程师,北京物芯科技有限责任公司,2021-10-09,113
2098,OSH“雁翔·青葵2022”项目校园招聘,中国外运华中有限公司,2021-10-09,39
2099,助理生信工程师,北京中科生信教育科技有限公司,2021-10-09,40
2100,C++软件工程师,深圳优艾智合机器人科技有限公司,2021-10-09,64
2101,嵌入式软件工程师,深圳优艾智合机器人科技有限公司,2021-10-09,60
2102,JAVA软件工程师,深圳优艾智合机器人科技有限公司,2021-10-09,63
2103,模拟IC工程师,北京神经元网络技术有限公司,2021-10-09,112
2104,SLAM算法工程师,深圳优艾智合机器人科技有限公司,2021-10-09,70
2105,C#软件工程师,深圳优艾智合机器人科技有限公司,2021-10-09,61
2106,硬件测试工程师,深圳优艾智合机器人科技有限公司,2021-10-09,59
2107,软件测试工程师,深圳优艾智合机器人科技有限公司,2021-10-09,53
2108,机械/结构设计工程师,深圳优艾智合机器人科技有限公司,2021-10-09,68
2109,产品助理,深圳优艾智合机器人科技有限公司,2021-10-09,58
2110,招聘专员,深圳优艾智合机器人科技有限公司,2021-10-09,62
2111,博士后,上海人工智能创新中心,2021-10-09,43
2112,OpenMMLab算法研究员,上海人工智能创新中心,2021-10-09,36
2113,校招-前端开发工程师,北京木瓜移动科技股份有限公司,2021-10-09,48
2114,软件开发工程师,盛合晶微半导体（江阴）有限公司,2021-10-09,44
2115,决策AI算法研究员,上海人工智能创新中心,2021-10-09,36
2116,校招-Python开发工程师,北京木瓜移动科技股份有限公司,2021-10-09,44
2117,AI青年科学家,上海人工智能创新中心,2021-10-09,43
2118,校招-产品经理,北京木瓜移动科技股份有限公司,2021-10-09,47
2119,校招-新媒体运营,北京木瓜移动科技股份有限公司,2021-10-09,39
2120,光学设计师,中国科学院上海光学精密机械研究所,2021-10-08,97
2121,结构设计师,中国科学院上海光学精密机械研究所,2021-10-08,101
2122,电路设计师,中国科学院上海光学精密机械研究所,2021-10-08,100
2123,软件设计师,中国科学院上海光学精密机械研究所,2021-10-08,101
2124,激光探测研发工程师,中国科学院上海光学精密机械研究所,2021-10-08,107
2125,激光器研发工程师,中国科学院上海光学精密机械研究所,2021-10-08,95
2126,自动控制工程师,中国科学院上海光学精密机械研究所,2021-10-08,96
2127,光功能材料研发工程师,中国科学院上海光学精密机械研究所,2021-10-08,93
2128,博士后,中国科学院上海光学精密机械研究所,2021-10-08,91
2129,机构业务管理培训生,国泰君安期货有限公司陕西分公司,2021-10-08,57
2130,英文学术期刊助理编辑,曼迪匹艾（北京）科技服务有限公司,2021-10-08,46
2131,FPGA工程师,上海瀚讯信息技术股份有限公司,2021-10-08,40
2132,研发序列/营销序列/技术序列,烟台东方威思顿电气有限公司,2021-10-08,73
2133,嵌入式软件工程师,浙江捷昌线性驱动科技股份有限公司,2021-10-08,101
2134,系统工程师,罗森伯格技术有限公司,2021-10-08,39
2135,中试工程师,罗森伯格技术有限公司,2021-10-08,38
2136,硬件工程师,罗森伯格技术有限公司,2021-10-08,37
2137,专利审查员,国家知识产权局专利局专利审查协作江苏中心,2021-10-08,120
2138,研发管培生,深圳市博敏电子有限公司,2021-10-08,38
2139,嵌入式软件工程师,罗森伯格技术有限公司,2021-10-08,37
2140,工艺管培生,深圳市博敏电子有限公司,2021-10-08,38
2141,数字芯片设计工程师,哲库科技（上海）有限公司,2021-10-08,77
2142,蓝诺微银（北京）信息技术有限公司,蓝诺微银（北京）信息技术有限公司,2021-10-08,65
2143,Andorid开发工程师,蓝诺微银（北京）信息技术有限公司,2021-10-08,50
2144,管培生,南京恒电电子有限公司,2021-10-08,59
2145,北森2022届校园招聘简章（互联网企业、HRSaaS独家兽、九险一金）,北森云计算有限公司,2021-10-08,55
2146,职业卫生工程师,荣芯半导体（宁波）有限公司,2021-10-07,52
2147,工安工程师,荣芯半导体（宁波）有限公司,2021-10-07,52
2148,环保工程师,荣芯半导体（宁波）有限公司,2021-10-07,51
2149,电气工程师,荣芯半导体（宁波）有限公司,2021-10-07,54
2150,伊利2022年校招-生产专训生（液态奶）,定州伊利乳业有限责任公司,2021-10-07,53
2151,体系工程师,荣芯半导体（宁波）有限公司,2021-10-07,54
2152,ERC工程师,荣芯半导体（宁波）有限公司,2021-10-07,52
2153,机械工程师,荣芯半导体（宁波）有限公司,2021-10-07,52
2154,水处理工程师,荣芯半导体（宁波）有限公司,2021-10-07,50
2155,化学系统工程师,荣芯半导体（宁波）有限公司,2021-10-07,53
2156,气体系统工程师,荣芯半导体（宁波）有限公司,2021-10-07,53
2157,制程工程师,荣芯半导体（宁波）有限公司,2021-10-07,53
2158,整合工程师,荣芯半导体（宁波）有限公司,2021-10-07,56
2159,设备工程师,荣芯半导体（宁波）有限公司,2021-10-07,52
2160,制造工程师,荣芯半导体（宁波）有限公司,2021-10-07,51
2161,IE工程师,荣芯半导体（宁波）有限公司,2021-10-07,50
2162,采购专员/助理,荣芯半导体（宁波）有限公司,2021-10-07,50
2163,IT助理工程师,荣芯半导体（宁波）有限公司,2021-10-07,51
2164,质量与可靠性工程师,荣芯半导体（宁波）有限公司,2021-10-07,54
2165,HR专员,荣芯半导体（宁波）有限公司,2021-10-07,48
2166,结构强度设计师,北京金朋达航空科技有限公司,2021-10-06,62
2167,机械设计师,浙江泰林生物技术股份有限公司,2021-10-06,59
2168,电气工程师,浙江泰林生物技术股份有限公司,2021-10-06,60
2169,嵌入式软件工程师,浙江泰林生物技术股份有限公司,2021-10-06,58
2170,研发工程师（生物）,浙江泰林生物技术股份有限公司,2021-10-06,75
2171,教师,滨州职业学院,2021-10-06,150
2172,南京大学普惠三农金融科技创新研究中心2021青年教师（大数据AI区块链）岗招聘,南京大学,2021-10-06,47
2173,总体设计岗,北京金朋达航空科技有限公司,2021-10-06,62
2174,电子技术研发工程师,浙江泰林生物技术股份有限公司,2021-10-06,65
2175,产品设计（继电器）,厦门宏发汽车电子有限公司,2021-10-05,51
2176,雷达随动设计师,陕西黄河集团有限公司,2021-10-03,63
2177,雷达中高频电路设计,陕西黄河集团有限公司,2021-10-03,62
2178,雷达总体设计师,陕西黄河集团有限公司,2021-10-03,70
2179,雷达天馈设计师,陕西黄河集团有限公司,2021-10-03,75
2180,雷达计算机系统软件设计师,陕西黄河集团有限公司,2021-10-03,61
2181,雷达信号处理系统线路软件设计,陕西黄河集团有限公司,2021-10-03,52
